"source_table","rows","disposition","reason_code","domain_owner","decision_status","migration_query_id","transform_version","expected_row_outcomes"
"b_abtest","9","exclude_with_reason","outside_contract_scope_v1","legacy_system_owner","requires_owner_confirmation_before_gate_d","N/A","N/A","0"
"b_admin_notify","0","exclude_with_reason","outside_contract_scope_v1","legacy_system_owner","requires_owner_confirmation_before_gate_d","N/A","N/A","0"
"b_admin_notify_lang","0","exclude_with_reason","outside_contract_scope_v1","legacy_system_owner","requires_owner_confirmation_before_gate_d","N/A","N/A","0"
"b_adv_banner","11","exclude_with_reason","outside_contract_scope_v1","legacy_system_owner","requires_owner_confirmation_before_gate_d","N/A","N/A","0"
"b_adv_banner_2_country","0","exclude_with_reason","outside_contract_scope_v1","legacy_system_owner","requires_owner_confirmation_before_gate_d","N/A","N/A","0"
"b_adv_banner_2_day","0","exclude_with_reason","outside_contract_scope_v1","legacy_system_owner","requires_owner_confirmation_before_gate_d","N/A","N/A","0"
"b_adv_banner_2_group","0","exclude_with_reason","outside_contract_scope_v1","legacy_system_owner","requires_owner_confirmation_before_gate_d","N/A","N/A","0"
"b_adv_banner_2_page","0","exclude_with_reason","outside_contract_scope_v1","legacy_system_owner","requires_owner_confirmation_before_gate_d","N/A","N/A","0"
"b_adv_banner_2_site","11","exclude_with_reason","outside_contract_scope_v1","legacy_system_owner","requires_owner_confirmation_before_gate_d","N/A","N/A","0"
"b_adv_banner_2_stat_adv","0","exclude_with_reason","outside_contract_scope_v1","legacy_system_owner","requires_owner_confirmation_before_gate_d","N/A","N/A","0"
"b_adv_banner_2_weekday","1848","exclude_with_reason","outside_contract_scope_v1","legacy_system_owner","requires_owner_confirmation_before_gate_d","N/A","N/A","0"
"b_adv_contract","1","exclude_with_reason","outside_contract_scope_v1","legacy_system_owner","requires_owner_confirmation_before_gate_d","N/A","N/A","0"
"b_adv_contract_2_page","0","exclude_with_reason","outside_contract_scope_v1","legacy_system_owner","requires_owner_confirmation_before_gate_d","N/A","N/A","0"
"b_adv_contract_2_site","1","exclude_with_reason","outside_contract_scope_v1","legacy_system_owner","requires_owner_confirmation_before_gate_d","N/A","N/A","0"
"b_adv_contract_2_type","1","exclude_with_reason","outside_contract_scope_v1","legacy_system_owner","requires_owner_confirmation_before_gate_d","N/A","N/A","0"
"b_adv_contract_2_user","0","exclude_with_reason","outside_contract_scope_v1","legacy_system_owner","requires_owner_confirmation_before_gate_d","N/A","N/A","0"
"b_adv_contract_2_weekday","168","exclude_with_reason","outside_contract_scope_v1","legacy_system_owner","requires_owner_confirmation_before_gate_d","N/A","N/A","0"
"b_adv_type","5","exclude_with_reason","outside_contract_scope_v1","legacy_system_owner","requires_owner_confirmation_before_gate_d","N/A","N/A","0"
"b_agent","236","exclude_with_reason","outside_contract_scope_v1","legacy_system_owner","requires_owner_confirmation_before_gate_d","N/A","N/A","0"
"b_ai_baas_package","0","exclude_with_reason","outside_contract_scope_v1","legacy_system_owner","requires_owner_confirmation_before_gate_d","N/A","N/A","0"
"b_ai_chatbot_chat","0","exclude_with_reason","outside_contract_scope_v1","legacy_system_owner","requires_owner_confirmation_before_gate_d","N/A","N/A","0"
"b_ai_chatbot_chatbot","1","exclude_with_reason","outside_contract_scope_v1","legacy_system_owner","requires_owner_confirmation_before_gate_d","N/A","N/A","0"
"b_ai_chatbot_message","0","exclude_with_reason","outside_contract_scope_v1","legacy_system_owner","requires_owner_confirmation_before_gate_d","N/A","N/A","0"
"b_ai_chatbot_message_unread","0","exclude_with_reason","outside_contract_scope_v1","legacy_system_owner","requires_owner_confirmation_before_gate_d","N/A","N/A","0"
"b_ai_counter","0","exclude_with_reason","outside_contract_scope_v1","legacy_system_owner","requires_owner_confirmation_before_gate_d","N/A","N/A","0"
"b_ai_engine","0","exclude_with_reason","outside_contract_scope_v1","legacy_system_owner","requires_owner_confirmation_before_gate_d","N/A","N/A","0"
"b_ai_history","0","exclude_with_reason","outside_contract_scope_v1","legacy_system_owner","requires_owner_confirmation_before_gate_d","N/A","N/A","0"
"b_ai_image_style_prompt","37","exclude_with_reason","outside_contract_scope_v1","legacy_system_owner","requires_owner_confirmation_before_gate_d","N/A","N/A","0"
"b_ai_plan","18","exclude_with_reason","outside_contract_scope_v1","legacy_system_owner","requires_owner_confirmation_before_gate_d","N/A","N/A","0"
"b_ai_prompt","210","exclude_with_reason","outside_contract_scope_v1","legacy_system_owner","requires_owner_confirmation_before_gate_d","N/A","N/A","0"
"b_ai_prompt_category","424","exclude_with_reason","outside_contract_scope_v1","legacy_system_owner","requires_owner_confirmation_before_gate_d","N/A","N/A","0"
"b_ai_prompt_display_rule","0","exclude_with_reason","outside_contract_scope_v1","legacy_system_owner","requires_owner_confirmation_before_gate_d","N/A","N/A","0"
"b_ai_prompt_owner","0","exclude_with_reason","outside_contract_scope_v1","legacy_system_owner","requires_owner_confirmation_before_gate_d","N/A","N/A","0"
"b_ai_prompt_owner_option","0","exclude_with_reason","outside_contract_scope_v1","legacy_system_owner","requires_owner_confirmation_before_gate_d","N/A","N/A","0"
"b_ai_prompt_share","0","exclude_with_reason","outside_contract_scope_v1","legacy_system_owner","requires_owner_confirmation_before_gate_d","N/A","N/A","0"
"b_ai_prompt_translate_name","3377","exclude_with_reason","outside_contract_scope_v1","legacy_system_owner","requires_owner_confirmation_before_gate_d","N/A","N/A","0"
"b_ai_queue","0","exclude_with_reason","outside_contract_scope_v1","legacy_system_owner","requires_owner_confirmation_before_gate_d","N/A","N/A","0"
"b_ai_recent_role","15","exclude_with_reason","outside_contract_scope_v1","legacy_system_owner","requires_owner_confirmation_before_gate_d","N/A","N/A","0"
"b_ai_role","33","exclude_with_reason","outside_contract_scope_v1","legacy_system_owner","requires_owner_confirmation_before_gate_d","N/A","N/A","0"
"b_ai_role_display_rule","0","exclude_with_reason","outside_contract_scope_v1","legacy_system_owner","requires_owner_confirmation_before_gate_d","N/A","N/A","0"
"b_ai_role_favorite","1","exclude_with_reason","outside_contract_scope_v1","legacy_system_owner","requires_owner_confirmation_before_gate_d","N/A","N/A","0"
"b_ai_role_industry","1","exclude_with_reason","outside_contract_scope_v1","legacy_system_owner","requires_owner_confirmation_before_gate_d","N/A","N/A","0"
"b_ai_role_owner","0","exclude_with_reason","outside_contract_scope_v1","legacy_system_owner","requires_owner_confirmation_before_gate_d","N/A","N/A","0"
"b_ai_role_prompt","114","exclude_with_reason","outside_contract_scope_v1","legacy_system_owner","requires_owner_confirmation_before_gate_d","N/A","N/A","0"
"b_ai_role_share","16","exclude_with_reason","outside_contract_scope_v1","legacy_system_owner","requires_owner_confirmation_before_gate_d","N/A","N/A","0"
"b_ai_role_translate_description","540","exclude_with_reason","outside_contract_scope_v1","legacy_system_owner","requires_owner_confirmation_before_gate_d","N/A","N/A","0"
"b_ai_role_translate_name","540","exclude_with_reason","outside_contract_scope_v1","legacy_system_owner","requires_owner_confirmation_before_gate_d","N/A","N/A","0"
"b_ai_section","8","exclude_with_reason","outside_contract_scope_v1","legacy_system_owner","requires_owner_confirmation_before_gate_d","N/A","N/A","0"
"b_ai_usage","6","exclude_with_reason","outside_contract_scope_v1","legacy_system_owner","requires_owner_confirmation_before_gate_d","N/A","N/A","0"
"b_app_password","13","exclude_with_reason","outside_contract_scope_v1","legacy_system_owner","requires_owner_confirmation_before_gate_d","N/A","N/A","0"
"b_b24connector_button_site","0","exclude_with_reason","outside_contract_scope_v1","legacy_system_owner","requires_owner_confirmation_before_gate_d","N/A","N/A","0"
"b_b24connector_buttons","0","exclude_with_reason","outside_contract_scope_v1","legacy_system_owner","requires_owner_confirmation_before_gate_d","N/A","N/A","0"
"b_biconnector_dashboard","0","exclude_with_reason","outside_contract_scope_v1","legacy_system_owner","requires_owner_confirmation_before_gate_d","N/A","N/A","0"
"b_biconnector_dashboard_user","0","exclude_with_reason","outside_contract_scope_v1","legacy_system_owner","requires_owner_confirmation_before_gate_d","N/A","N/A","0"
"b_biconnector_dict_structure_agg","5","exclude_with_reason","outside_contract_scope_v1","legacy_system_owner","requires_owner_confirmation_before_gate_d","N/A","N/A","0"
"b_biconnector_dictionary_cache","4","exclude_with_reason","outside_contract_scope_v1","legacy_system_owner","requires_owner_confirmation_before_gate_d","N/A","N/A","0"
"b_biconnector_dictionary_data","44","exclude_with_reason","outside_contract_scope_v1","legacy_system_owner","requires_owner_confirmation_before_gate_d","N/A","N/A","0"
"b_biconnector_external_dataset","0","exclude_with_reason","outside_contract_scope_v1","legacy_system_owner","requires_owner_confirmation_before_gate_d","N/A","N/A","0"
"b_biconnector_external_dataset_field","0","exclude_with_reason","outside_contract_scope_v1","legacy_system_owner","requires_owner_confirmation_before_gate_d","N/A","N/A","0"
"b_biconnector_external_dataset_field_format","0","exclude_with_reason","outside_contract_scope_v1","legacy_system_owner","requires_owner_confirmation_before_gate_d","N/A","N/A","0"
"b_biconnector_external_source","0","exclude_with_reason","outside_contract_scope_v1","legacy_system_owner","requires_owner_confirmation_before_gate_d","N/A","N/A","0"
"b_biconnector_external_source_dataset_relation","0","exclude_with_reason","outside_contract_scope_v1","legacy_system_owner","requires_owner_confirmation_before_gate_d","N/A","N/A","0"
"b_biconnector_external_source_rest","0","exclude_with_reason","outside_contract_scope_v1","legacy_system_owner","requires_owner_confirmation_before_gate_d","N/A","N/A","0"
"b_biconnector_external_source_rest_connector","0","exclude_with_reason","outside_contract_scope_v1","legacy_system_owner","requires_owner_confirmation_before_gate_d","N/A","N/A","0"
"b_biconnector_external_source_settings","0","exclude_with_reason","outside_contract_scope_v1","legacy_system_owner","requires_owner_confirmation_before_gate_d","N/A","N/A","0"
"b_biconnector_key","1","exclude_with_reason","outside_contract_scope_v1","legacy_system_owner","requires_owner_confirmation_before_gate_d","N/A","N/A","0"
"b_biconnector_key_user","0","exclude_with_reason","outside_contract_scope_v1","legacy_system_owner","requires_owner_confirmation_before_gate_d","N/A","N/A","0"
"b_biconnector_log","240","exclude_with_reason","outside_contract_scope_v1","legacy_system_owner","requires_owner_confirmation_before_gate_d","N/A","N/A","0"
"b_biconnector_permission","47","exclude_with_reason","outside_contract_scope_v1","legacy_system_owner","requires_owner_confirmation_before_gate_d","N/A","N/A","0"
"b_biconnector_permission_tmp","16","exclude_with_reason","outside_contract_scope_v1","legacy_system_owner","requires_owner_confirmation_before_gate_d","N/A","N/A","0"
"b_biconnector_role","3","exclude_with_reason","outside_contract_scope_v1","legacy_system_owner","requires_owner_confirmation_before_gate_d","N/A","N/A","0"
"b_biconnector_role_relation","5","exclude_with_reason","outside_contract_scope_v1","legacy_system_owner","requires_owner_confirmation_before_gate_d","N/A","N/A","0"
"b_biconnector_superset_dashboard","35","exclude_with_reason","outside_contract_scope_v1","legacy_system_owner","requires_owner_confirmation_before_gate_d","N/A","N/A","0"
"b_biconnector_superset_dashboard_group","5","exclude_with_reason","outside_contract_scope_v1","legacy_system_owner","requires_owner_confirmation_before_gate_d","N/A","N/A","0"
"b_biconnector_superset_dashboard_group_binding","32","exclude_with_reason","outside_contract_scope_v1","legacy_system_owner","requires_owner_confirmation_before_gate_d","N/A","N/A","0"
"b_biconnector_superset_dashboard_group_binding_tmp","0","exclude_with_reason","outside_contract_scope_v1","legacy_system_owner","requires_owner_confirmation_before_gate_d","N/A","N/A","0"
"b_biconnector_superset_dashboard_group_scope","5","exclude_with_reason","outside_contract_scope_v1","legacy_system_owner","requires_owner_confirmation_before_gate_d","N/A","N/A","0"
"b_biconnector_superset_dashboard_group_scope_tmp","5","exclude_with_reason","outside_contract_scope_v1","legacy_system_owner","requires_owner_confirmation_before_gate_d","N/A","N/A","0"
"b_biconnector_superset_dashboard_group_tmp","5","exclude_with_reason","outside_contract_scope_v1","legacy_system_owner","requires_owner_confirmation_before_gate_d","N/A","N/A","0"
"b_biconnector_superset_dashboard_tag","0","exclude_with_reason","outside_contract_scope_v1","legacy_system_owner","requires_owner_confirmation_before_gate_d","N/A","N/A","0"
"b_biconnector_superset_dashboard_url_parameter","19","exclude_with_reason","outside_contract_scope_v1","legacy_system_owner","requires_owner_confirmation_before_gate_d","N/A","N/A","0"
"b_biconnector_superset_scope","42","exclude_with_reason","outside_contract_scope_v1","legacy_system_owner","requires_owner_confirmation_before_gate_d","N/A","N/A","0"
"b_biconnector_superset_tag","0","exclude_with_reason","outside_contract_scope_v1","legacy_system_owner","requires_owner_confirmation_before_gate_d","N/A","N/A","0"
"b_biconnector_superset_user","7","exclude_with_reason","outside_contract_scope_v1","legacy_system_owner","requires_owner_confirmation_before_gate_d","N/A","N/A","0"
"b_bitrixcloud_option","4","exclude_with_reason","outside_contract_scope_v1","legacy_system_owner","requires_owner_confirmation_before_gate_d","N/A","N/A","0"
"b_blog","16","exclude_with_reason","outside_contract_scope_v1","legacy_system_owner","requires_owner_confirmation_before_gate_d","N/A","N/A","0"
"b_blog_category","2","exclude_with_reason","outside_contract_scope_v1","legacy_system_owner","requires_owner_confirmation_before_gate_d","N/A","N/A","0"
"b_blog_comment","1","exclude_with_reason","outside_contract_scope_v1","legacy_system_owner","requires_owner_confirmation_before_gate_d","N/A","N/A","0"
"b_blog_group","1","exclude_with_reason","outside_contract_scope_v1","legacy_system_owner","requires_owner_confirmation_before_gate_d","N/A","N/A","0"
"b_blog_image","0","exclude_with_reason","outside_contract_scope_v1","legacy_system_owner","requires_owner_confirmation_before_gate_d","N/A","N/A","0"
"b_blog_post","3","exclude_with_reason","outside_contract_scope_v1","legacy_system_owner","requires_owner_confirmation_before_gate_d","N/A","N/A","0"
"b_blog_post_category","2","exclude_with_reason","outside_contract_scope_v1","legacy_system_owner","requires_owner_confirmation_before_gate_d","N/A","N/A","0"
"b_blog_post_param","0","exclude_with_reason","outside_contract_scope_v1","legacy_system_owner","requires_owner_confirmation_before_gate_d","N/A","N/A","0"
"b_blog_site_path","5","exclude_with_reason","outside_contract_scope_v1","legacy_system_owner","requires_owner_confirmation_before_gate_d","N/A","N/A","0"
"b_blog_socnet","16","exclude_with_reason","outside_contract_scope_v1","legacy_system_owner","requires_owner_confirmation_before_gate_d","N/A","N/A","0"
"b_blog_socnet_rights","6","exclude_with_reason","outside_contract_scope_v1","legacy_system_owner","requires_owner_confirmation_before_gate_d","N/A","N/A","0"
"b_blog_trackback","0","exclude_with_reason","outside_contract_scope_v1","legacy_system_owner","requires_owner_confirmation_before_gate_d","N/A","N/A","0"
"b_blog_user","14","exclude_with_reason","outside_contract_scope_v1","legacy_system_owner","requires_owner_confirmation_before_gate_d","N/A","N/A","0"
"b_blog_user2blog","0","exclude_with_reason","outside_contract_scope_v1","legacy_system_owner","requires_owner_confirmation_before_gate_d","N/A","N/A","0"
"b_blog_user2user_group","0","exclude_with_reason","outside_contract_scope_v1","legacy_system_owner","requires_owner_confirmation_before_gate_d","N/A","N/A","0"
"b_blog_user_group","2","exclude_with_reason","outside_contract_scope_v1","legacy_system_owner","requires_owner_confirmation_before_gate_d","N/A","N/A","0"
"b_blog_user_group_perms","76","exclude_with_reason","outside_contract_scope_v1","legacy_system_owner","requires_owner_confirmation_before_gate_d","N/A","N/A","0"
"b_booking_booking","0","exclude_with_reason","outside_contract_scope_v1","legacy_system_owner","requires_owner_confirmation_before_gate_d","N/A","N/A","0"
"b_booking_booking_client","0","exclude_with_reason","outside_contract_scope_v1","legacy_system_owner","requires_owner_confirmation_before_gate_d","N/A","N/A","0"
"b_booking_booking_external_data","0","exclude_with_reason","outside_contract_scope_v1","legacy_system_owner","requires_owner_confirmation_before_gate_d","N/A","N/A","0"
"b_booking_booking_message","0","exclude_with_reason","outside_contract_scope_v1","legacy_system_owner","requires_owner_confirmation_before_gate_d","N/A","N/A","0"
"b_booking_booking_message_failure_log","0","exclude_with_reason","outside_contract_scope_v1","legacy_system_owner","requires_owner_confirmation_before_gate_d","N/A","N/A","0"
"b_booking_booking_note","0","exclude_with_reason","outside_contract_scope_v1","legacy_system_owner","requires_owner_confirmation_before_gate_d","N/A","N/A","0"
"b_booking_booking_resource","0","exclude_with_reason","outside_contract_scope_v1","legacy_system_owner","requires_owner_confirmation_before_gate_d","N/A","N/A","0"
"b_booking_client_type","0","exclude_with_reason","outside_contract_scope_v1","legacy_system_owner","requires_owner_confirmation_before_gate_d","N/A","N/A","0"
"b_booking_delayed_task","0","exclude_with_reason","outside_contract_scope_v1","legacy_system_owner","requires_owner_confirmation_before_gate_d","N/A","N/A","0"
"b_booking_favorites","0","exclude_with_reason","outside_contract_scope_v1","legacy_system_owner","requires_owner_confirmation_before_gate_d","N/A","N/A","0"
"b_booking_journal","0","exclude_with_reason","outside_contract_scope_v1","legacy_system_owner","requires_owner_confirmation_before_gate_d","N/A","N/A","0"
"b_booking_option","4","exclude_with_reason","outside_contract_scope_v1","legacy_system_owner","requires_owner_confirmation_before_gate_d","N/A","N/A","0"
"b_booking_resource","0","exclude_with_reason","outside_contract_scope_v1","legacy_system_owner","requires_owner_confirmation_before_gate_d","N/A","N/A","0"
"b_booking_resource_data","0","exclude_with_reason","outside_contract_scope_v1","legacy_system_owner","requires_owner_confirmation_before_gate_d","N/A","N/A","0"
"b_booking_resource_linked_entity","0","exclude_with_reason","outside_contract_scope_v1","legacy_system_owner","requires_owner_confirmation_before_gate_d","N/A","N/A","0"
"b_booking_resource_notification_settings","0","exclude_with_reason","outside_contract_scope_v1","legacy_system_owner","requires_owner_confirmation_before_gate_d","N/A","N/A","0"
"b_booking_resource_settings","0","exclude_with_reason","outside_contract_scope_v1","legacy_system_owner","requires_owner_confirmation_before_gate_d","N/A","N/A","0"
"b_booking_resource_type","5","exclude_with_reason","outside_contract_scope_v1","legacy_system_owner","requires_owner_confirmation_before_gate_d","N/A","N/A","0"
"b_booking_resource_type_notification_settings","5","exclude_with_reason","outside_contract_scope_v1","legacy_system_owner","requires_owner_confirmation_before_gate_d","N/A","N/A","0"
"b_booking_scorer","0","exclude_with_reason","outside_contract_scope_v1","legacy_system_owner","requires_owner_confirmation_before_gate_d","N/A","N/A","0"
"b_booking_wait_list_item","0","exclude_with_reason","outside_contract_scope_v1","legacy_system_owner","requires_owner_confirmation_before_gate_d","N/A","N/A","0"
"b_bp_automation_trigger","0","exclude_with_reason","outside_contract_scope_v1","legacy_system_owner","requires_owner_confirmation_before_gate_d","N/A","N/A","0"
"b_bp_debugger_session","0","exclude_with_reason","outside_contract_scope_v1","legacy_system_owner","requires_owner_confirmation_before_gate_d","N/A","N/A","0"
"b_bp_debugger_session_document","0","exclude_with_reason","outside_contract_scope_v1","legacy_system_owner","requires_owner_confirmation_before_gate_d","N/A","N/A","0"
"b_bp_debugger_session_template_shards","0","exclude_with_reason","outside_contract_scope_v1","legacy_system_owner","requires_owner_confirmation_before_gate_d","N/A","N/A","0"
"b_bp_debugger_session_workflow_context","0","exclude_with_reason","outside_contract_scope_v1","legacy_system_owner","requires_owner_confirmation_before_gate_d","N/A","N/A","0"
"b_bp_document_type_user_option","0","exclude_with_reason","outside_contract_scope_v1","legacy_system_owner","requires_owner_confirmation_before_gate_d","N/A","N/A","0"
"b_bp_global_const","0","exclude_with_reason","outside_contract_scope_v1","legacy_system_owner","requires_owner_confirmation_before_gate_d","N/A","N/A","0"
"b_bp_global_var","0","exclude_with_reason","outside_contract_scope_v1","legacy_system_owner","requires_owner_confirmation_before_gate_d","N/A","N/A","0"
"b_bp_history","0","exclude_with_reason","outside_contract_scope_v1","legacy_system_owner","requires_owner_confirmation_before_gate_d","N/A","N/A","0"
"b_bp_rest_activity","3","exclude_with_reason","outside_contract_scope_v1","legacy_system_owner","requires_owner_confirmation_before_gate_d","N/A","N/A","0"
"b_bp_rest_provider","0","exclude_with_reason","outside_contract_scope_v1","legacy_system_owner","requires_owner_confirmation_before_gate_d","N/A","N/A","0"
"b_bp_robot_version_index","91","exclude_with_reason","outside_contract_scope_v1","legacy_system_owner","requires_owner_confirmation_before_gate_d","N/A","N/A","0"
"b_bp_scheduler_event","0","exclude_with_reason","outside_contract_scope_v1","legacy_system_owner","requires_owner_confirmation_before_gate_d","N/A","N/A","0"
"b_bp_script","58","exclude_with_reason","outside_contract_scope_v1","legacy_system_owner","requires_owner_confirmation_before_gate_d","N/A","N/A","0"
"b_bp_script_queue","11","exclude_with_reason","outside_contract_scope_v1","legacy_system_owner","requires_owner_confirmation_before_gate_d","N/A","N/A","0"
"b_bp_script_queue_document","135","exclude_with_reason","outside_contract_scope_v1","legacy_system_owner","requires_owner_confirmation_before_gate_d","N/A","N/A","0"
"b_bp_storage_activity","3","exclude_with_reason","outside_contract_scope_v1","legacy_system_owner","requires_owner_confirmation_before_gate_d","N/A","N/A","0"
"b_bp_task","0","exclude_with_reason","outside_contract_scope_v1","legacy_system_owner","requires_owner_confirmation_before_gate_d","N/A","N/A","0"
"b_bp_task_search_content","0","exclude_with_reason","outside_contract_scope_v1","legacy_system_owner","requires_owner_confirmation_before_gate_d","N/A","N/A","0"
"b_bp_task_user","0","exclude_with_reason","outside_contract_scope_v1","legacy_system_owner","requires_owner_confirmation_before_gate_d","N/A","N/A","0"
"b_bp_tracking","60388","exclude_with_reason","outside_contract_scope_v1","legacy_system_owner","requires_owner_confirmation_before_gate_d","N/A","N/A","0"
"b_bp_workflow_duration_stat","357","exclude_with_reason","outside_contract_scope_v1","legacy_system_owner","requires_owner_confirmation_before_gate_d","N/A","N/A","0"
"b_bp_workflow_filter","35215","exclude_with_reason","outside_contract_scope_v1","legacy_system_owner","requires_owner_confirmation_before_gate_d","N/A","N/A","0"
"b_bp_workflow_instance","2","exclude_with_reason","outside_contract_scope_v1","legacy_system_owner","requires_owner_confirmation_before_gate_d","N/A","N/A","0"
"b_bp_workflow_meta","39","exclude_with_reason","outside_contract_scope_v1","legacy_system_owner","requires_owner_confirmation_before_gate_d","N/A","N/A","0"
"b_bp_workflow_permissions","0","exclude_with_reason","outside_contract_scope_v1","legacy_system_owner","requires_owner_confirmation_before_gate_d","N/A","N/A","0"
"b_bp_workflow_result","709","exclude_with_reason","outside_contract_scope_v1","legacy_system_owner","requires_owner_confirmation_before_gate_d","N/A","N/A","0"
"b_bp_workflow_state","35215","exclude_with_reason","outside_contract_scope_v1","legacy_system_owner","requires_owner_confirmation_before_gate_d","N/A","N/A","0"
"b_bp_workflow_state_identify","16","exclude_with_reason","outside_contract_scope_v1","legacy_system_owner","requires_owner_confirmation_before_gate_d","N/A","N/A","0"
"b_bp_workflow_template","114","exclude_with_reason","outside_contract_scope_v1","legacy_system_owner","requires_owner_confirmation_before_gate_d","N/A","N/A","0"
"b_bp_workflow_template_draft","0","exclude_with_reason","outside_contract_scope_v1","legacy_system_owner","requires_owner_confirmation_before_gate_d","N/A","N/A","0"
"b_bp_workflow_template_settings","73","exclude_with_reason","outside_contract_scope_v1","legacy_system_owner","requires_owner_confirmation_before_gate_d","N/A","N/A","0"
"b_bp_workflow_template_user_option","0","exclude_with_reason","outside_contract_scope_v1","legacy_system_owner","requires_owner_confirmation_before_gate_d","N/A","N/A","0"
"b_bp_workflow_user","0","exclude_with_reason","outside_contract_scope_v1","legacy_system_owner","requires_owner_confirmation_before_gate_d","N/A","N/A","0"
"b_bp_workflow_user_comment","0","exclude_with_reason","outside_contract_scope_v1","legacy_system_owner","requires_owner_confirmation_before_gate_d","N/A","N/A","0"
"b_cache_clean_path","0","exclude_with_reason","outside_contract_scope_v1","legacy_system_owner","requires_owner_confirmation_before_gate_d","N/A","N/A","0"
"b_cache_tag","13667","exclude_with_reason","outside_contract_scope_v1","legacy_system_owner","requires_owner_confirmation_before_gate_d","N/A","N/A","0"
"b_calendar_access","57","exclude_with_reason","outside_contract_scope_v1","legacy_system_owner","requires_owner_confirmation_before_gate_d","N/A","N/A","0"
"b_calendar_event","1658","exclude_with_reason","outside_contract_scope_v1","legacy_system_owner","requires_owner_confirmation_before_gate_d","N/A","N/A","0"
"b_calendar_event_attendee","1564","exclude_with_reason","outside_contract_scope_v1","legacy_system_owner","requires_owner_confirmation_before_gate_d","N/A","N/A","0"
"b_calendar_event_connection","0","exclude_with_reason","outside_contract_scope_v1","legacy_system_owner","requires_owner_confirmation_before_gate_d","N/A","N/A","0"
"b_calendar_event_original_recursion","0","exclude_with_reason","outside_contract_scope_v1","legacy_system_owner","requires_owner_confirmation_before_gate_d","N/A","N/A","0"
"b_calendar_event_sect","0","exclude_with_reason","outside_contract_scope_v1","legacy_system_owner","requires_owner_confirmation_before_gate_d","N/A","N/A","0"
"b_calendar_location","2","exclude_with_reason","outside_contract_scope_v1","legacy_system_owner","requires_owner_confirmation_before_gate_d","N/A","N/A","0"
"b_calendar_log","0","exclude_with_reason","outside_contract_scope_v1","legacy_system_owner","requires_owner_confirmation_before_gate_d","N/A","N/A","0"
"b_calendar_messenger_message","0","exclude_with_reason","outside_contract_scope_v1","legacy_system_owner","requires_owner_confirmation_before_gate_d","N/A","N/A","0"
"b_calendar_open_event_category","0","exclude_with_reason","outside_contract_scope_v1","legacy_system_owner","requires_owner_confirmation_before_gate_d","N/A","N/A","0"
"b_calendar_open_event_category_attendee","0","exclude_with_reason","outside_contract_scope_v1","legacy_system_owner","requires_owner_confirmation_before_gate_d","N/A","N/A","0"
"b_calendar_open_event_category_banned","0","exclude_with_reason","outside_contract_scope_v1","legacy_system_owner","requires_owner_confirmation_before_gate_d","N/A","N/A","0"
"b_calendar_open_event_category_muted","0","exclude_with_reason","outside_contract_scope_v1","legacy_system_owner","requires_owner_confirmation_before_gate_d","N/A","N/A","0"
"b_calendar_open_event_option","0","exclude_with_reason","outside_contract_scope_v1","legacy_system_owner","requires_owner_confirmation_before_gate_d","N/A","N/A","0"
"b_calendar_push","0","exclude_with_reason","outside_contract_scope_v1","legacy_system_owner","requires_owner_confirmation_before_gate_d","N/A","N/A","0"
"b_calendar_queue_handled_message","0","exclude_with_reason","outside_contract_scope_v1","legacy_system_owner","requires_owner_confirmation_before_gate_d","N/A","N/A","0"
"b_calendar_queue_message","914","exclude_with_reason","outside_contract_scope_v1","legacy_system_owner","requires_owner_confirmation_before_gate_d","N/A","N/A","0"
"b_calendar_resource","0","exclude_with_reason","outside_contract_scope_v1","legacy_system_owner","requires_owner_confirmation_before_gate_d","N/A","N/A","0"
"b_calendar_room_category","0","exclude_with_reason","outside_contract_scope_v1","legacy_system_owner","requires_owner_confirmation_before_gate_d","N/A","N/A","0"
"b_calendar_scorer","0","exclude_with_reason","outside_contract_scope_v1","legacy_system_owner","requires_owner_confirmation_before_gate_d","N/A","N/A","0"
"b_calendar_section","40","exclude_with_reason","outside_contract_scope_v1","legacy_system_owner","requires_owner_confirmation_before_gate_d","N/A","N/A","0"
"b_calendar_section_connection","0","exclude_with_reason","outside_contract_scope_v1","legacy_system_owner","requires_owner_confirmation_before_gate_d","N/A","N/A","0"
"b_calendar_sharing_link","367","exclude_with_reason","outside_contract_scope_v1","legacy_system_owner","requires_owner_confirmation_before_gate_d","N/A","N/A","0"
"b_calendar_sharing_link_member","0","exclude_with_reason","outside_contract_scope_v1","legacy_system_owner","requires_owner_confirmation_before_gate_d","N/A","N/A","0"
"b_calendar_sharing_link_rule","0","exclude_with_reason","outside_contract_scope_v1","legacy_system_owner","requires_owner_confirmation_before_gate_d","N/A","N/A","0"
"b_calendar_sharing_object_rule","0","exclude_with_reason","outside_contract_scope_v1","legacy_system_owner","requires_owner_confirmation_before_gate_d","N/A","N/A","0"
"b_calendar_type","4","exclude_with_reason","outside_contract_scope_v1","legacy_system_owner","requires_owner_confirmation_before_gate_d","N/A","N/A","0"
"b_call_ai_task","0","exclude_with_reason","outside_contract_scope_v1","legacy_system_owner","requires_owner_confirmation_before_gate_d","N/A","N/A","0"
"b_call_chat_entity","0","exclude_with_reason","outside_contract_scope_v1","legacy_system_owner","requires_owner_confirmation_before_gate_d","N/A","N/A","0"
"b_call_outcome","0","exclude_with_reason","outside_contract_scope_v1","legacy_system_owner","requires_owner_confirmation_before_gate_d","N/A","N/A","0"
"b_call_outcome_property","0","exclude_with_reason","outside_contract_scope_v1","legacy_system_owner","requires_owner_confirmation_before_gate_d","N/A","N/A","0"
"b_call_track","0","exclude_with_reason","outside_contract_scope_v1","legacy_system_owner","requires_owner_confirmation_before_gate_d","N/A","N/A","0"
"b_captcha","0","exclude_with_reason","outside_contract_scope_v1","legacy_system_owner","requires_owner_confirmation_before_gate_d","N/A","N/A","0"
"b_catalog_agent_contract","0","exclude_with_reason","outside_contract_scope_v1","legacy_system_owner","requires_owner_confirmation_before_gate_d","N/A","N/A","0"
"b_catalog_agent_contract_file","0","exclude_with_reason","outside_contract_scope_v1","legacy_system_owner","requires_owner_confirmation_before_gate_d","N/A","N/A","0"
"b_catalog_agent_product","0","exclude_with_reason","outside_contract_scope_v1","legacy_system_owner","requires_owner_confirmation_before_gate_d","N/A","N/A","0"
"b_catalog_contractor","0","exclude_with_reason","outside_contract_scope_v1","legacy_system_owner","requires_owner_confirmation_before_gate_d","N/A","N/A","0"
"b_catalog_currency","1","exclude_with_reason","outside_contract_scope_v1","legacy_system_owner","requires_owner_confirmation_before_gate_d","N/A","N/A","0"
"b_catalog_currency_lang","2","exclude_with_reason","outside_contract_scope_v1","legacy_system_owner","requires_owner_confirmation_before_gate_d","N/A","N/A","0"
"b_catalog_currency_rate","0","exclude_with_reason","outside_contract_scope_v1","legacy_system_owner","requires_owner_confirmation_before_gate_d","N/A","N/A","0"
"b_catalog_disc_save_group","0","exclude_with_reason","outside_contract_scope_v1","legacy_system_owner","requires_owner_confirmation_before_gate_d","N/A","N/A","0"
"b_catalog_disc_save_range","0","exclude_with_reason","outside_contract_scope_v1","legacy_system_owner","requires_owner_confirmation_before_gate_d","N/A","N/A","0"
"b_catalog_disc_save_user","0","exclude_with_reason","outside_contract_scope_v1","legacy_system_owner","requires_owner_confirmation_before_gate_d","N/A","N/A","0"
"b_catalog_discount","0","exclude_with_reason","outside_contract_scope_v1","legacy_system_owner","requires_owner_confirmation_before_gate_d","N/A","N/A","0"
"b_catalog_discount2cat","0","exclude_with_reason","outside_contract_scope_v1","legacy_system_owner","requires_owner_confirmation_before_gate_d","N/A","N/A","0"
"b_catalog_discount2group","0","exclude_with_reason","outside_contract_scope_v1","legacy_system_owner","requires_owner_confirmation_before_gate_d","N/A","N/A","0"
"b_catalog_discount2iblock","0","exclude_with_reason","outside_contract_scope_v1","legacy_system_owner","requires_owner_confirmation_before_gate_d","N/A","N/A","0"
"b_catalog_discount2product","0","exclude_with_reason","outside_contract_scope_v1","legacy_system_owner","requires_owner_confirmation_before_gate_d","N/A","N/A","0"
"b_catalog_discount2section","0","exclude_with_reason","outside_contract_scope_v1","legacy_system_owner","requires_owner_confirmation_before_gate_d","N/A","N/A","0"
"b_catalog_discount_cond","0","exclude_with_reason","outside_contract_scope_v1","legacy_system_owner","requires_owner_confirmation_before_gate_d","N/A","N/A","0"
"b_catalog_discount_coupon","0","exclude_with_reason","outside_contract_scope_v1","legacy_system_owner","requires_owner_confirmation_before_gate_d","N/A","N/A","0"
"b_catalog_discount_entity","0","exclude_with_reason","outside_contract_scope_v1","legacy_system_owner","requires_owner_confirmation_before_gate_d","N/A","N/A","0"
"b_catalog_discount_module","0","exclude_with_reason","outside_contract_scope_v1","legacy_system_owner","requires_owner_confirmation_before_gate_d","N/A","N/A","0"
"b_catalog_docs_barcode","0","exclude_with_reason","outside_contract_scope_v1","legacy_system_owner","requires_owner_confirmation_before_gate_d","N/A","N/A","0"
"b_catalog_docs_element","0","exclude_with_reason","outside_contract_scope_v1","legacy_system_owner","requires_owner_confirmation_before_gate_d","N/A","N/A","0"
"b_catalog_export","0","exclude_with_reason","outside_contract_scope_v1","legacy_system_owner","requires_owner_confirmation_before_gate_d","N/A","N/A","0"
"b_catalog_exported_product","0","exclude_with_reason","outside_contract_scope_v1","legacy_system_owner","requires_owner_confirmation_before_gate_d","N/A","N/A","0"
"b_catalog_exported_product_queue","0","exclude_with_reason","outside_contract_scope_v1","legacy_system_owner","requires_owner_confirmation_before_gate_d","N/A","N/A","0"
"b_catalog_extra","0","exclude_with_reason","outside_contract_scope_v1","legacy_system_owner","requires_owner_confirmation_before_gate_d","N/A","N/A","0"
"b_catalog_group","1","exclude_with_reason","outside_contract_scope_v1","legacy_system_owner","requires_owner_confirmation_before_gate_d","N/A","N/A","0"
"b_catalog_group2group","4","exclude_with_reason","outside_contract_scope_v1","legacy_system_owner","requires_owner_confirmation_before_gate_d","N/A","N/A","0"
"b_catalog_group_lang","2","exclude_with_reason","outside_contract_scope_v1","legacy_system_owner","requires_owner_confirmation_before_gate_d","N/A","N/A","0"
"b_catalog_iblock","2","exclude_with_reason","outside_contract_scope_v1","legacy_system_owner","requires_owner_confirmation_before_gate_d","N/A","N/A","0"
"b_catalog_load","0","exclude_with_reason","outside_contract_scope_v1","legacy_system_owner","requires_owner_confirmation_before_gate_d","N/A","N/A","0"
"b_catalog_measure","5","exclude_with_reason","outside_contract_scope_v1","legacy_system_owner","requires_owner_confirmation_before_gate_d","N/A","N/A","0"
"b_catalog_measure_ratio","0","exclude_with_reason","outside_contract_scope_v1","legacy_system_owner","requires_owner_confirmation_before_gate_d","N/A","N/A","0"
"b_catalog_permission","109","exclude_with_reason","outside_contract_scope_v1","legacy_system_owner","requires_owner_confirmation_before_gate_d","N/A","N/A","0"
"b_catalog_price","6","exclude_with_reason","outside_contract_scope_v1","legacy_system_owner","requires_owner_confirmation_before_gate_d","N/A","N/A","0"
"b_catalog_product","6","exclude_with_reason","outside_contract_scope_v1","legacy_system_owner","requires_owner_confirmation_before_gate_d","N/A","N/A","0"
"b_catalog_product2group","0","exclude_with_reason","outside_contract_scope_v1","legacy_system_owner","requires_owner_confirmation_before_gate_d","N/A","N/A","0"
"b_catalog_product_compilation","0","exclude_with_reason","outside_contract_scope_v1","legacy_system_owner","requires_owner_confirmation_before_gate_d","N/A","N/A","0"
"b_catalog_product_sets","0","exclude_with_reason","outside_contract_scope_v1","legacy_system_owner","requires_owner_confirmation_before_gate_d","N/A","N/A","0"
"b_catalog_role","3","exclude_with_reason","outside_contract_scope_v1","legacy_system_owner","requires_owner_confirmation_before_gate_d","N/A","N/A","0"
"b_catalog_role_relation","1","exclude_with_reason","outside_contract_scope_v1","legacy_system_owner","requires_owner_confirmation_before_gate_d","N/A","N/A","0"
"b_catalog_rounding","0","exclude_with_reason","outside_contract_scope_v1","legacy_system_owner","requires_owner_confirmation_before_gate_d","N/A","N/A","0"
"b_catalog_store","1","exclude_with_reason","outside_contract_scope_v1","legacy_system_owner","requires_owner_confirmation_before_gate_d","N/A","N/A","0"
"b_catalog_store_barcode","0","exclude_with_reason","outside_contract_scope_v1","legacy_system_owner","requires_owner_confirmation_before_gate_d","N/A","N/A","0"
"b_catalog_store_batch","0","exclude_with_reason","outside_contract_scope_v1","legacy_system_owner","requires_owner_confirmation_before_gate_d","N/A","N/A","0"
"b_catalog_store_batch_docs_element","0","exclude_with_reason","outside_contract_scope_v1","legacy_system_owner","requires_owner_confirmation_before_gate_d","N/A","N/A","0"
"b_catalog_store_docs","0","exclude_with_reason","outside_contract_scope_v1","legacy_system_owner","requires_owner_confirmation_before_gate_d","N/A","N/A","0"
"b_catalog_store_document_file","0","exclude_with_reason","outside_contract_scope_v1","legacy_system_owner","requires_owner_confirmation_before_gate_d","N/A","N/A","0"
"b_catalog_store_product","0","exclude_with_reason","outside_contract_scope_v1","legacy_system_owner","requires_owner_confirmation_before_gate_d","N/A","N/A","0"
"b_catalog_subscribe","0","exclude_with_reason","outside_contract_scope_v1","legacy_system_owner","requires_owner_confirmation_before_gate_d","N/A","N/A","0"
"b_catalog_subscribe_access","0","exclude_with_reason","outside_contract_scope_v1","legacy_system_owner","requires_owner_confirmation_before_gate_d","N/A","N/A","0"
"b_catalog_vat","3","exclude_with_reason","outside_contract_scope_v1","legacy_system_owner","requires_owner_confirmation_before_gate_d","N/A","N/A","0"
"b_catalog_viewed_product","0","exclude_with_reason","outside_contract_scope_v1","legacy_system_owner","requires_owner_confirmation_before_gate_d","N/A","N/A","0"
"b_checklist","0","exclude_with_reason","outside_contract_scope_v1","legacy_system_owner","requires_owner_confirmation_before_gate_d","N/A","N/A","0"
"b_clouds_copy_queue","0","exclude_with_reason","outside_contract_scope_v1","legacy_system_owner","requires_owner_confirmation_before_gate_d","N/A","N/A","0"
"b_clouds_delete_queue","0","exclude_with_reason","outside_contract_scope_v1","legacy_system_owner","requires_owner_confirmation_before_gate_d","N/A","N/A","0"
"b_clouds_file_bucket","0","exclude_with_reason","outside_contract_scope_v1","legacy_system_owner","requires_owner_confirmation_before_gate_d","N/A","N/A","0"
"b_clouds_file_hash","0","exclude_with_reason","outside_contract_scope_v1","legacy_system_owner","requires_owner_confirmation_before_gate_d","N/A","N/A","0"
"b_clouds_file_resize","0","exclude_with_reason","outside_contract_scope_v1","legacy_system_owner","requires_owner_confirmation_before_gate_d","N/A","N/A","0"
"b_clouds_file_save","0","exclude_with_reason","outside_contract_scope_v1","legacy_system_owner","requires_owner_confirmation_before_gate_d","N/A","N/A","0"
"b_clouds_file_upload","0","exclude_with_reason","outside_contract_scope_v1","legacy_system_owner","requires_owner_confirmation_before_gate_d","N/A","N/A","0"
"b_clouds_size_queue","0","exclude_with_reason","outside_contract_scope_v1","legacy_system_owner","requires_owner_confirmation_before_gate_d","N/A","N/A","0"
"b_component_params","2","exclude_with_reason","outside_contract_scope_v1","legacy_system_owner","requires_owner_confirmation_before_gate_d","N/A","N/A","0"
"b_composite_log","0","exclude_with_reason","outside_contract_scope_v1","legacy_system_owner","requires_owner_confirmation_before_gate_d","N/A","N/A","0"
"b_composite_page","0","exclude_with_reason","outside_contract_scope_v1","legacy_system_owner","requires_owner_confirmation_before_gate_d","N/A","N/A","0"
"b_consent_agreement","5","exclude_with_reason","outside_contract_scope_v1","legacy_system_owner","requires_owner_confirmation_before_gate_d","N/A","N/A","0"
"b_consent_field","0","exclude_with_reason","outside_contract_scope_v1","legacy_system_owner","requires_owner_confirmation_before_gate_d","N/A","N/A","0"
"b_consent_user_consent","8","exclude_with_reason","outside_contract_scope_v1","legacy_system_owner","requires_owner_confirmation_before_gate_d","N/A","N/A","0"
"b_consent_user_consent_item","0","exclude_with_reason","outside_contract_scope_v1","legacy_system_owner","requires_owner_confirmation_before_gate_d","N/A","N/A","0"
"b_controller_auth_grant","0","exclude_with_reason","outside_contract_scope_v1","legacy_system_owner","requires_owner_confirmation_before_gate_d","N/A","N/A","0"
"b_controller_auth_log","0","exclude_with_reason","outside_contract_scope_v1","legacy_system_owner","requires_owner_confirmation_before_gate_d","N/A","N/A","0"
"b_controller_command","0","exclude_with_reason","outside_contract_scope_v1","legacy_system_owner","requires_owner_confirmation_before_gate_d","N/A","N/A","0"
"b_controller_counter","0","exclude_with_reason","outside_contract_scope_v1","legacy_system_owner","requires_owner_confirmation_before_gate_d","N/A","N/A","0"
"b_controller_counter_group","0","exclude_with_reason","outside_contract_scope_v1","legacy_system_owner","requires_owner_confirmation_before_gate_d","N/A","N/A","0"
"b_controller_counter_history","0","exclude_with_reason","outside_contract_scope_v1","legacy_system_owner","requires_owner_confirmation_before_gate_d","N/A","N/A","0"
"b_controller_counter_value","0","exclude_with_reason","outside_contract_scope_v1","legacy_system_owner","requires_owner_confirmation_before_gate_d","N/A","N/A","0"
"b_controller_group","1","exclude_with_reason","outside_contract_scope_v1","legacy_system_owner","requires_owner_confirmation_before_gate_d","N/A","N/A","0"
"b_controller_group_map","0","exclude_with_reason","outside_contract_scope_v1","legacy_system_owner","requires_owner_confirmation_before_gate_d","N/A","N/A","0"
"b_controller_log","0","exclude_with_reason","outside_contract_scope_v1","legacy_system_owner","requires_owner_confirmation_before_gate_d","N/A","N/A","0"
"b_controller_member","0","exclude_with_reason","outside_contract_scope_v1","legacy_system_owner","requires_owner_confirmation_before_gate_d","N/A","N/A","0"
"b_controller_member_log","0","exclude_with_reason","outside_contract_scope_v1","legacy_system_owner","requires_owner_confirmation_before_gate_d","N/A","N/A","0"
"b_controller_task","0","exclude_with_reason","outside_contract_scope_v1","legacy_system_owner","requires_owner_confirmation_before_gate_d","N/A","N/A","0"
"b_conv_context","19","exclude_with_reason","outside_contract_scope_v1","legacy_system_owner","requires_owner_confirmation_before_gate_d","N/A","N/A","0"
"b_conv_context_attribute","80","exclude_with_reason","outside_contract_scope_v1","legacy_system_owner","requires_owner_confirmation_before_gate_d","N/A","N/A","0"
"b_conv_context_counter_day","1106","exclude_with_reason","outside_contract_scope_v1","legacy_system_owner","requires_owner_confirmation_before_gate_d","N/A","N/A","0"
"b_conv_context_entity_item","0","exclude_with_reason","outside_contract_scope_v1","legacy_system_owner","requires_owner_confirmation_before_gate_d","N/A","N/A","0"
"b_counter_data","0","exclude_with_reason","outside_contract_scope_v1","legacy_system_owner","requires_owner_confirmation_before_gate_d","N/A","N/A","0"
"b_crm_access_attr_company","797","exclude_with_reason","outside_contract_scope_v1","legacy_system_owner","requires_owner_confirmation_before_gate_d","N/A","N/A","0"
"b_crm_access_attr_contact","3186","exclude_with_reason","outside_contract_scope_v1","legacy_system_owner","requires_owner_confirmation_before_gate_d","N/A","N/A","0"
"b_crm_access_attr_deal","1899","exclude_with_reason","outside_contract_scope_v1","legacy_system_owner","requires_owner_confirmation_before_gate_d","N/A","N/A","0"
"b_crm_access_attr_dynamic_1042","1808","exclude_with_reason","outside_contract_scope_v1","legacy_system_owner","requires_owner_confirmation_before_gate_d","N/A","N/A","0"
"b_crm_access_attr_lead","7","exclude_with_reason","outside_contract_scope_v1","legacy_system_owner","requires_owner_confirmation_before_gate_d","N/A","N/A","0"
"b_crm_access_attr_smart_b2e_doc","0","exclude_with_reason","outside_contract_scope_v1","legacy_system_owner","requires_owner_confirmation_before_gate_d","N/A","N/A","0"
"b_crm_access_attr_smart_document","0","exclude_with_reason","outside_contract_scope_v1","legacy_system_owner","requires_owner_confirmation_before_gate_d","N/A","N/A","0"
"b_crm_access_attr_smart_invoice","0","exclude_with_reason","outside_contract_scope_v1","legacy_system_owner","requires_owner_confirmation_before_gate_d","N/A","N/A","0"
"b_crm_act","7737","include_row_ledger","contract_scope_manifest_v2","migration_data_owner","baseline_approved_for_domain_migration","MIG-Q-B_CRM_ACT-V1","crm-activity-v1","7737"
"b_crm_act_app_type","0","exclude_with_reason","outside_contract_scope_v1","legacy_system_owner","requires_owner_confirmation_before_gate_d","N/A","N/A","0"
"b_crm_act_bind","8026","include_row_ledger","contract_scope_manifest_v2","migration_data_owner","baseline_approved_for_domain_migration","MIG-Q-B_CRM_ACT_BIND-V1","crm-activity-binding-v1","8026"
"b_crm_act_channel_stat","438","exclude_with_reason","outside_contract_scope_v1","legacy_system_owner","requires_owner_confirmation_before_gate_d","N/A","N/A","0"
"b_crm_act_comm","1259","include_row_ledger","contract_scope_manifest_v2","migration_data_owner","baseline_approved_for_domain_migration","MIG-Q-B_CRM_ACT_COMM-V1","crm-activity-communication-v1","1259"
"b_crm_act_counter_light","694","exclude_with_reason","outside_contract_scope_v1","legacy_system_owner","requires_owner_confirmation_before_gate_d","N/A","N/A","0"
"b_crm_act_elem","446","include_row_ledger","contract_scope_manifest_v2","migration_data_owner","baseline_approved_for_domain_migration","MIG-Q-B_CRM_ACT_ELEM-V1","crm-activity-attachment-v1","446"
"b_crm_act_fastsearch","7737","exclude_with_reason","outside_contract_scope_v1","legacy_system_owner","requires_owner_confirmation_before_gate_d","N/A","N/A","0"
"b_crm_act_incoming_channel","238","exclude_with_reason","outside_contract_scope_v1","legacy_system_owner","requires_owner_confirmation_before_gate_d","N/A","N/A","0"
"b_crm_act_mail_body","0","exclude_with_reason","outside_contract_scope_v1","legacy_system_owner","requires_owner_confirmation_before_gate_d","N/A","N/A","0"
"b_crm_act_mail_meta","429","exclude_with_reason","outside_contract_scope_v1","legacy_system_owner","requires_owner_confirmation_before_gate_d","N/A","N/A","0"
"b_crm_act_ping_offsets","13472","exclude_with_reason","outside_contract_scope_v1","legacy_system_owner","requires_owner_confirmation_before_gate_d","N/A","N/A","0"
"b_crm_act_ping_queue","329","exclude_with_reason","outside_contract_scope_v1","legacy_system_owner","requires_owner_confirmation_before_gate_d","N/A","N/A","0"
"b_crm_act_sms_placeholder","0","exclude_with_reason","outside_contract_scope_v1","legacy_system_owner","requires_owner_confirmation_before_gate_d","N/A","N/A","0"
"b_crm_act_stat","854","exclude_with_reason","outside_contract_scope_v1","legacy_system_owner","requires_owner_confirmation_before_gate_d","N/A","N/A","0"
"b_crm_addr","442","exclude_with_reason","outside_contract_scope_v1","legacy_system_owner","requires_owner_confirmation_before_gate_d","N/A","N/A","0"
"b_crm_ads_form_link","0","exclude_with_reason","outside_contract_scope_v1","legacy_system_owner","requires_owner_confirmation_before_gate_d","N/A","N/A","0"
"b_crm_agent_contract_contractor","0","exclude_with_reason","outside_contract_scope_v1","legacy_system_owner","requires_owner_confirmation_before_gate_d","N/A","N/A","0"
"b_crm_ai_quality_assessment","0","exclude_with_reason","outside_contract_scope_v1","legacy_system_owner","requires_owner_confirmation_before_gate_d","N/A","N/A","0"
"b_crm_ai_queue","0","exclude_with_reason","outside_contract_scope_v1","legacy_system_owner","requires_owner_confirmation_before_gate_d","N/A","N/A","0"
"b_crm_ai_queue_buffer","0","exclude_with_reason","outside_contract_scope_v1","legacy_system_owner","requires_owner_confirmation_before_gate_d","N/A","N/A","0"
"b_crm_assigned","1808","exclude_with_reason","outside_contract_scope_v1","legacy_system_owner","requires_owner_confirmation_before_gate_d","N/A","N/A","0"
"b_crm_automated_solution","0","exclude_with_reason","outside_contract_scope_v1","legacy_system_owner","requires_owner_confirmation_before_gate_d","N/A","N/A","0"
"b_crm_automation_qr","0","exclude_with_reason","outside_contract_scope_v1","legacy_system_owner","requires_owner_confirmation_before_gate_d","N/A","N/A","0"
"b_crm_automation_template","0","exclude_with_reason","outside_contract_scope_v1","legacy_system_owner","requires_owner_confirmation_before_gate_d","N/A","N/A","0"
"b_crm_automation_trigger","7","exclude_with_reason","outside_contract_scope_v1","legacy_system_owner","requires_owner_confirmation_before_gate_d","N/A","N/A","0"
"b_crm_automation_trigger_app","0","exclude_with_reason","outside_contract_scope_v1","legacy_system_owner","requires_owner_confirmation_before_gate_d","N/A","N/A","0"
"b_crm_bank_detail","0","exclude_with_reason","outside_contract_scope_v1","legacy_system_owner","requires_owner_confirmation_before_gate_d","N/A","N/A","0"
"b_crm_biz_type","43","exclude_with_reason","outside_contract_scope_v1","legacy_system_owner","requires_owner_confirmation_before_gate_d","N/A","N/A","0"
"b_crm_button","1","exclude_with_reason","outside_contract_scope_v1","legacy_system_owner","requires_owner_confirmation_before_gate_d","N/A","N/A","0"
"b_crm_button_avatar","1","exclude_with_reason","outside_contract_scope_v1","legacy_system_owner","requires_owner_confirmation_before_gate_d","N/A","N/A","0"
"b_crm_button_guest","3","exclude_with_reason","outside_contract_scope_v1","legacy_system_owner","requires_owner_confirmation_before_gate_d","N/A","N/A","0"
"b_crm_button_guest_entity","9","exclude_with_reason","outside_contract_scope_v1","legacy_system_owner","requires_owner_confirmation_before_gate_d","N/A","N/A","0"
"b_crm_call_list","0","exclude_with_reason","outside_contract_scope_v1","legacy_system_owner","requires_owner_confirmation_before_gate_d","N/A","N/A","0"
"b_crm_call_list_created","0","exclude_with_reason","outside_contract_scope_v1","legacy_system_owner","requires_owner_confirmation_before_gate_d","N/A","N/A","0"
"b_crm_call_list_item","0","exclude_with_reason","outside_contract_scope_v1","legacy_system_owner","requires_owner_confirmation_before_gate_d","N/A","N/A","0"
"b_crm_catalog","1","exclude_with_reason","outside_contract_scope_v1","legacy_system_owner","requires_owner_confirmation_before_gate_d","N/A","N/A","0"
"b_crm_cleaning","0","exclude_with_reason","outside_contract_scope_v1","legacy_system_owner","requires_owner_confirmation_before_gate_d","N/A","N/A","0"
"b_crm_communication_category","0","exclude_with_reason","outside_contract_scope_v1","legacy_system_owner","requires_owner_confirmation_before_gate_d","N/A","N/A","0"
"b_crm_communication_channel","0","exclude_with_reason","outside_contract_scope_v1","legacy_system_owner","requires_owner_confirmation_before_gate_d","N/A","N/A","0"
"b_crm_communication_channel_event","0","exclude_with_reason","outside_contract_scope_v1","legacy_system_owner","requires_owner_confirmation_before_gate_d","N/A","N/A","0"
"b_crm_communication_channel_rule","0","exclude_with_reason","outside_contract_scope_v1","legacy_system_owner","requires_owner_confirmation_before_gate_d","N/A","N/A","0"
"b_crm_company","797","include_row_ledger","contract_scope_manifest_v2","migration_data_owner","baseline_approved_for_domain_migration","MIG-Q-B_CRM_COMPANY-V2","employer-v2","797"
"b_crm_company_act_mark_stat","0","exclude_with_reason","outside_contract_scope_v1","legacy_system_owner","requires_owner_confirmation_before_gate_d","N/A","N/A","0"
"b_crm_company_act_stat","402","exclude_with_reason","outside_contract_scope_v1","legacy_system_owner","requires_owner_confirmation_before_gate_d","N/A","N/A","0"
"b_crm_company_act_stm_stat","0","exclude_with_reason","outside_contract_scope_v1","legacy_system_owner","requires_owner_confirmation_before_gate_d","N/A","N/A","0"
"b_crm_company_act_sts_stat","0","exclude_with_reason","outside_contract_scope_v1","legacy_system_owner","requires_owner_confirmation_before_gate_d","N/A","N/A","0"
"b_crm_company_act_sum_stat","0","exclude_with_reason","outside_contract_scope_v1","legacy_system_owner","requires_owner_confirmation_before_gate_d","N/A","N/A","0"
"b_crm_company_fields_context","0","exclude_with_reason","outside_contract_scope_v1","legacy_system_owner","requires_owner_confirmation_before_gate_d","N/A","N/A","0"
"b_crm_company_growth_stat","797","exclude_with_reason","outside_contract_scope_v1","legacy_system_owner","requires_owner_confirmation_before_gate_d","N/A","N/A","0"
"b_crm_company_index","797","exclude_with_reason","outside_contract_scope_v1","legacy_system_owner","requires_owner_confirmation_before_gate_d","N/A","N/A","0"
"b_crm_contact","3186","include_row_ledger","contract_scope_manifest_v2","migration_data_owner","baseline_approved_for_domain_migration","MIG-Q-B_CRM_CONTACT-V2","crm-person-v2","3186"
"b_crm_contact_act_mark_stat","8","exclude_with_reason","outside_contract_scope_v1","legacy_system_owner","requires_owner_confirmation_before_gate_d","N/A","N/A","0"
"b_crm_contact_act_stat","198","exclude_with_reason","outside_contract_scope_v1","legacy_system_owner","requires_owner_confirmation_before_gate_d","N/A","N/A","0"
"b_crm_contact_act_stm_stat","0","exclude_with_reason","outside_contract_scope_v1","legacy_system_owner","requires_owner_confirmation_before_gate_d","N/A","N/A","0"
"b_crm_contact_act_sts_stat","8","exclude_with_reason","outside_contract_scope_v1","legacy_system_owner","requires_owner_confirmation_before_gate_d","N/A","N/A","0"
"b_crm_contact_act_sum_stat","0","exclude_with_reason","outside_contract_scope_v1","legacy_system_owner","requires_owner_confirmation_before_gate_d","N/A","N/A","0"
"b_crm_contact_company","1","exclude_with_reason","outside_contract_scope_v1","legacy_system_owner","requires_owner_confirmation_before_gate_d","N/A","N/A","0"
"b_crm_contact_fields_context","0","exclude_with_reason","outside_contract_scope_v1","legacy_system_owner","requires_owner_confirmation_before_gate_d","N/A","N/A","0"
"b_crm_contact_growth_stat","3186","exclude_with_reason","outside_contract_scope_v1","legacy_system_owner","requires_owner_confirmation_before_gate_d","N/A","N/A","0"
"b_crm_contact_index","3186","exclude_with_reason","outside_contract_scope_v1","legacy_system_owner","requires_owner_confirmation_before_gate_d","N/A","N/A","0"
"b_crm_contractor_conversion","0","exclude_with_reason","outside_contract_scope_v1","legacy_system_owner","requires_owner_confirmation_before_gate_d","N/A","N/A","0"
"b_crm_conv_map","7","exclude_with_reason","outside_contract_scope_v1","legacy_system_owner","requires_owner_confirmation_before_gate_d","N/A","N/A","0"
"b_crm_copilot_call_assessment","8","exclude_with_reason","outside_contract_scope_v1","legacy_system_owner","requires_owner_confirmation_before_gate_d","N/A","N/A","0"
"b_crm_copilot_call_assessment_availability","0","exclude_with_reason","outside_contract_scope_v1","legacy_system_owner","requires_owner_confirmation_before_gate_d","N/A","N/A","0"
"b_crm_copilot_call_assessment_client_type","23","exclude_with_reason","outside_contract_scope_v1","legacy_system_owner","requires_owner_confirmation_before_gate_d","N/A","N/A","0"
"b_crm_counter_calculated_time","1067","exclude_with_reason","outside_contract_scope_v1","legacy_system_owner","requires_owner_confirmation_before_gate_d","N/A","N/A","0"
"b_crm_custom_badge","0","exclude_with_reason","outside_contract_scope_v1","legacy_system_owner","requires_owner_confirmation_before_gate_d","N/A","N/A","0"
"b_crm_deal","1899","include_row_ledger","contract_scope_manifest_v2","migration_data_owner","baseline_approved_for_domain_migration","MIG-Q-B_CRM_DEAL-V2","crm-case-v2","1899"
"b_crm_deal_act_stat","92","exclude_with_reason","outside_contract_scope_v1","legacy_system_owner","requires_owner_confirmation_before_gate_d","N/A","N/A","0"
"b_crm_deal_category","4","include_row_ledger","contract_scope_manifest_v2","migration_data_owner","baseline_approved_for_domain_migration","MIG-Q-B_CRM_DEAL_CATEGORY-V1","source-deal-category-v1","4"
"b_crm_deal_channel_stat","0","exclude_with_reason","outside_contract_scope_v1","legacy_system_owner","requires_owner_confirmation_before_gate_d","N/A","N/A","0"
"b_crm_deal_contact","1660","include_row_ledger","contract_scope_manifest_v2","migration_data_owner","baseline_approved_for_domain_migration","MIG-Q-B_CRM_DEAL_CONTACT-V1","case-person-v1","1660"
"b_crm_deal_fields_context","0","exclude_with_reason","outside_contract_scope_v1","legacy_system_owner","requires_owner_confirmation_before_gate_d","N/A","N/A","0"
"b_crm_deal_index","1899","exclude_with_reason","outside_contract_scope_v1","legacy_system_owner","requires_owner_confirmation_before_gate_d","N/A","N/A","0"
"b_crm_deal_inv_stat","736","exclude_with_reason","outside_contract_scope_v1","legacy_system_owner","requires_owner_confirmation_before_gate_d","N/A","N/A","0"
"b_crm_deal_recur","0","exclude_with_reason","outside_contract_scope_v1","legacy_system_owner","requires_owner_confirmation_before_gate_d","N/A","N/A","0"
"b_crm_deal_stage_history","4619","include_row_ledger","contract_scope_manifest_v2","migration_data_owner","baseline_approved_for_domain_migration","MIG-Q-B_CRM_DEAL_STAGE_HISTORY-V1","crm-case-stage-history-v1","4619"
"b_crm_deal_stage_history_with_supposed","9399","quarantine_only","source_semantics_unverified_preserve_in_restricted_quarantine","migration_data_owner","pending_signed_semantics_decision_before_gate_d","MIG-Q-B_CRM_DEAL_STAGE_HISTORY_WITH_SUPPOSED-V1","crm-supposed-case-stage-history-quarantine-v1","9399"
"b_crm_deal_sum_stat","2408","exclude_with_reason","outside_contract_scope_v1","legacy_system_owner","requires_owner_confirmation_before_gate_d","N/A","N/A","0"
"b_crm_documentgenerator_template_custom_field","0","exclude_with_reason","outside_contract_scope_v1","legacy_system_owner","requires_owner_confirmation_before_gate_d","N/A","N/A","0"
"b_crm_dp_automatic_index","656","exclude_with_reason","outside_contract_scope_v1","legacy_system_owner","requires_owner_confirmation_before_gate_d","N/A","N/A","0"
"b_crm_dp_autosearch_user_settings","56","exclude_with_reason","outside_contract_scope_v1","legacy_system_owner","requires_owner_confirmation_before_gate_d","N/A","N/A","0"
"b_crm_dp_bd_mcd","0","exclude_with_reason","outside_contract_scope_v1","legacy_system_owner","requires_owner_confirmation_before_gate_d","N/A","N/A","0"
"b_crm_dp_comm_mcd","7157","exclude_with_reason","outside_contract_scope_v1","legacy_system_owner","requires_owner_confirmation_before_gate_d","N/A","N/A","0"
"b_crm_dp_entity_hash","16258","exclude_with_reason","outside_contract_scope_v1","legacy_system_owner","requires_owner_confirmation_before_gate_d","N/A","N/A","0"
"b_crm_dp_entity_stat","3990","exclude_with_reason","outside_contract_scope_v1","legacy_system_owner","requires_owner_confirmation_before_gate_d","N/A","N/A","0"
"b_crm_dp_index","554","exclude_with_reason","outside_contract_scope_v1","legacy_system_owner","requires_owner_confirmation_before_gate_d","N/A","N/A","0"
"b_crm_dp_index_mismatch","1","exclude_with_reason","outside_contract_scope_v1","legacy_system_owner","requires_owner_confirmation_before_gate_d","N/A","N/A","0"
"b_crm_dp_index_type_settings","0","exclude_with_reason","outside_contract_scope_v1","legacy_system_owner","requires_owner_confirmation_before_gate_d","N/A","N/A","0"
"b_crm_dp_org_mcd","795","exclude_with_reason","outside_contract_scope_v1","legacy_system_owner","requires_owner_confirmation_before_gate_d","N/A","N/A","0"
"b_crm_dp_prsn_mcd","2585","exclude_with_reason","outside_contract_scope_v1","legacy_system_owner","requires_owner_confirmation_before_gate_d","N/A","N/A","0"
"b_crm_dp_rq_mcd","793","exclude_with_reason","outside_contract_scope_v1","legacy_system_owner","requires_owner_confirmation_before_gate_d","N/A","N/A","0"
"b_crm_dp_vol_mcd","0","exclude_with_reason","outside_contract_scope_v1","legacy_system_owner","requires_owner_confirmation_before_gate_d","N/A","N/A","0"
"b_crm_dynamic_items_1042","1808","include_row_ledger","contract_scope_manifest_v2","migration_data_owner","baseline_approved_for_domain_migration","MIG-Q-B_CRM_DYNAMIC_ITEMS_1042-V1","employer-referral-v1","1808"
"b_crm_dynamic_items_1042_fields_context","0","exclude_with_reason","outside_contract_scope_v1","legacy_system_owner","requires_owner_confirmation_before_gate_d","N/A","N/A","0"
"b_crm_dynamic_items_1042_index","1808","exclude_with_reason","outside_contract_scope_v1","legacy_system_owner","requires_owner_confirmation_before_gate_d","N/A","N/A","0"
"b_crm_dynamic_items_31","0","exclude_with_reason","outside_contract_scope_v1","legacy_system_owner","requires_owner_confirmation_before_gate_d","N/A","N/A","0"
"b_crm_dynamic_items_31_fields_context","0","exclude_with_reason","outside_contract_scope_v1","legacy_system_owner","requires_owner_confirmation_before_gate_d","N/A","N/A","0"
"b_crm_dynamic_items_31_index","0","exclude_with_reason","outside_contract_scope_v1","legacy_system_owner","requires_owner_confirmation_before_gate_d","N/A","N/A","0"
"b_crm_dynamic_items_31_uf_crm_68f5f254bfe44","0","exclude_with_reason","outside_contract_scope_v1","legacy_system_owner","requires_owner_confirmation_before_gate_d","N/A","N/A","0"
"b_crm_dynamic_items_36","0","exclude_with_reason","outside_contract_scope_v1","legacy_system_owner","requires_owner_confirmation_before_gate_d","N/A","N/A","0"
"b_crm_dynamic_items_36_fields_context","0","exclude_with_reason","outside_contract_scope_v1","legacy_system_owner","requires_owner_confirmation_before_gate_d","N/A","N/A","0"
"b_crm_dynamic_items_36_index","0","exclude_with_reason","outside_contract_scope_v1","legacy_system_owner","requires_owner_confirmation_before_gate_d","N/A","N/A","0"
"b_crm_dynamic_items_39","0","exclude_with_reason","outside_contract_scope_v1","legacy_system_owner","requires_owner_confirmation_before_gate_d","N/A","N/A","0"
"b_crm_dynamic_items_39_fields_context","0","exclude_with_reason","outside_contract_scope_v1","legacy_system_owner","requires_owner_confirmation_before_gate_d","N/A","N/A","0"
"b_crm_dynamic_items_39_index","0","exclude_with_reason","outside_contract_scope_v1","legacy_system_owner","requires_owner_confirmation_before_gate_d","N/A","N/A","0"
"b_crm_dynamic_recurring","0","exclude_with_reason","outside_contract_scope_v1","legacy_system_owner","requires_owner_confirmation_before_gate_d","N/A","N/A","0"
"b_crm_dynamic_type","4","include_row_ledger","contract_scope_manifest_v2","migration_data_owner","baseline_approved_for_domain_migration","MIG-Q-B_CRM_DYNAMIC_TYPE-V1","source-dynamic-type-v1","4"
"b_crm_entity_cfg","0","exclude_with_reason","outside_contract_scope_v1","legacy_system_owner","requires_owner_confirmation_before_gate_d","N/A","N/A","0"
"b_crm_entity_channel","438","exclude_with_reason","outside_contract_scope_v1","legacy_system_owner","requires_owner_confirmation_before_gate_d","N/A","N/A","0"
"b_crm_entity_contact","0","exclude_with_reason","outside_contract_scope_v1","legacy_system_owner","requires_owner_confirmation_before_gate_d","N/A","N/A","0"
"b_crm_entity_countable_act","694","exclude_with_reason","outside_contract_scope_v1","legacy_system_owner","requires_owner_confirmation_before_gate_d","N/A","N/A","0"
"b_crm_entity_lock","0","exclude_with_reason","outside_contract_scope_v1","legacy_system_owner","requires_owner_confirmation_before_gate_d","N/A","N/A","0"
"b_crm_entity_perms","12","exclude_with_reason","outside_contract_scope_v1","legacy_system_owner","requires_owner_confirmation_before_gate_d","N/A","N/A","0"
"b_crm_entity_relation","1802","include_row_ledger","contract_scope_manifest_v2","migration_data_owner","baseline_approved_for_domain_migration","MIG-Q-B_CRM_ENTITY_RELATION-V1","referral-case-relation-v1","1802"
"b_crm_entity_stage_history","3201","include_row_ledger","contract_scope_manifest_v2","migration_data_owner","baseline_approved_for_domain_migration","MIG-Q-B_CRM_ENTITY_STAGE_HISTORY-V1","crm-employer-referral-stage-history-v1","3201"
"b_crm_entity_stage_history_with_supposed","4271","quarantine_only","source_semantics_unverified_preserve_in_restricted_quarantine","migration_data_owner","pending_signed_semantics_decision_before_gate_d","MIG-Q-B_CRM_ENTITY_STAGE_HISTORY_WITH_SUPPOSED-V1","crm-supposed-entity-stage-history-quarantine-v1","4271"
"b_crm_entity_uncompleted_act","1192","exclude_with_reason","outside_contract_scope_v1","legacy_system_owner","requires_owner_confirmation_before_gate_d","N/A","N/A","0"
"b_crm_event","105490","include_row_ledger","contract_scope_manifest_v2","migration_data_owner","baseline_approved_for_domain_migration","MIG-Q-B_CRM_EVENT-V1","crm-event-v1","105490"
"b_crm_event_relations","110795","include_row_ledger","contract_scope_manifest_v2","migration_data_owner","baseline_approved_for_domain_migration","MIG-Q-B_CRM_EVENT_RELATIONS-V1","crm-event-relation-v1","110795"
"b_crm_exclusion","0","exclude_with_reason","outside_contract_scope_v1","legacy_system_owner","requires_owner_confirmation_before_gate_d","N/A","N/A","0"
"b_crm_ext_channel_connector","0","exclude_with_reason","outside_contract_scope_v1","legacy_system_owner","requires_owner_confirmation_before_gate_d","N/A","N/A","0"
"b_crm_external_sale","0","exclude_with_reason","outside_contract_scope_v1","legacy_system_owner","requires_owner_confirmation_before_gate_d","N/A","N/A","0"
"b_crm_field_attr","10","exclude_with_reason","outside_contract_scope_v1","legacy_system_owner","requires_owner_confirmation_before_gate_d","N/A","N/A","0"
"b_crm_field_content_type","5892","exclude_with_reason","outside_contract_scope_v1","legacy_system_owner","requires_owner_confirmation_before_gate_d","N/A","N/A","0"
"b_crm_field_multi","7753","include_row_ledger","contract_scope_manifest_v2","migration_data_owner","baseline_approved_for_domain_migration","MIG-Q-B_CRM_FIELD_MULTI-V2","contact-point-v2","7753"
"b_crm_field_multi_phone_country","3920","exclude_with_reason","outside_contract_scope_v1","legacy_system_owner","requires_owner_confirmation_before_gate_d","N/A","N/A","0"
"b_crm_field_set","0","exclude_with_reason","outside_contract_scope_v1","legacy_system_owner","requires_owner_confirmation_before_gate_d","N/A","N/A","0"
"b_crm_inv_status_history","2","exclude_with_reason","outside_contract_scope_v1","legacy_system_owner","requires_owner_confirmation_before_gate_d","N/A","N/A","0"
"b_crm_invoice","2","exclude_with_reason","outside_contract_scope_v1","legacy_system_owner","requires_owner_confirmation_before_gate_d","N/A","N/A","0"
"b_crm_invoice_basket","2","exclude_with_reason","outside_contract_scope_v1","legacy_system_owner","requires_owner_confirmation_before_gate_d","N/A","N/A","0"
"b_crm_invoice_basket_props","0","exclude_with_reason","outside_contract_scope_v1","legacy_system_owner","requires_owner_confirmation_before_gate_d","N/A","N/A","0"
"b_crm_invoice_change","14","exclude_with_reason","outside_contract_scope_v1","legacy_system_owner","requires_owner_confirmation_before_gate_d","N/A","N/A","0"
"b_crm_invoice_coupons","0","exclude_with_reason","outside_contract_scope_v1","legacy_system_owner","requires_owner_confirmation_before_gate_d","N/A","N/A","0"
"b_crm_invoice_delivery","4","exclude_with_reason","outside_contract_scope_v1","legacy_system_owner","requires_owner_confirmation_before_gate_d","N/A","N/A","0"
"b_crm_invoice_discount","0","exclude_with_reason","outside_contract_scope_v1","legacy_system_owner","requires_owner_confirmation_before_gate_d","N/A","N/A","0"
"b_crm_invoice_discount_data","0","exclude_with_reason","outside_contract_scope_v1","legacy_system_owner","requires_owner_confirmation_before_gate_d","N/A","N/A","0"
"b_crm_invoice_dlv_basket","2","exclude_with_reason","outside_contract_scope_v1","legacy_system_owner","requires_owner_confirmation_before_gate_d","N/A","N/A","0"
"b_crm_invoice_entity_marker","0","exclude_with_reason","outside_contract_scope_v1","legacy_system_owner","requires_owner_confirmation_before_gate_d","N/A","N/A","0"
"b_crm_invoice_modules","0","exclude_with_reason","outside_contract_scope_v1","legacy_system_owner","requires_owner_confirmation_before_gate_d","N/A","N/A","0"
"b_crm_invoice_payment","2","exclude_with_reason","outside_contract_scope_v1","legacy_system_owner","requires_owner_confirmation_before_gate_d","N/A","N/A","0"
"b_crm_invoice_props_value","19","exclude_with_reason","outside_contract_scope_v1","legacy_system_owner","requires_owner_confirmation_before_gate_d","N/A","N/A","0"
"b_crm_invoice_recur","0","exclude_with_reason","outside_contract_scope_v1","legacy_system_owner","requires_owner_confirmation_before_gate_d","N/A","N/A","0"
"b_crm_invoice_round","0","exclude_with_reason","outside_contract_scope_v1","legacy_system_owner","requires_owner_confirmation_before_gate_d","N/A","N/A","0"
"b_crm_invoice_rules","0","exclude_with_reason","outside_contract_scope_v1","legacy_system_owner","requires_owner_confirmation_before_gate_d","N/A","N/A","0"
"b_crm_invoice_rules_descr","0","exclude_with_reason","outside_contract_scope_v1","legacy_system_owner","requires_owner_confirmation_before_gate_d","N/A","N/A","0"
"b_crm_invoice_sum_stat","2","exclude_with_reason","outside_contract_scope_v1","legacy_system_owner","requires_owner_confirmation_before_gate_d","N/A","N/A","0"
"b_crm_invoice_tax","0","exclude_with_reason","outside_contract_scope_v1","legacy_system_owner","requires_owner_confirmation_before_gate_d","N/A","N/A","0"
"b_crm_item_badge","2","exclude_with_reason","outside_contract_scope_v1","legacy_system_owner","requires_owner_confirmation_before_gate_d","N/A","N/A","0"
"b_crm_item_category","8","include_row_ledger","contract_scope_manifest_v2","migration_data_owner","baseline_approved_for_domain_migration","MIG-Q-B_CRM_ITEM_CATEGORY-V1","source-dynamic-category-v1","8"
"b_crm_item_category_user_field","65","exclude_with_reason","outside_contract_scope_v1","legacy_system_owner","requires_owner_confirmation_before_gate_d","N/A","N/A","0"
"b_crm_kanban_sort","0","exclude_with_reason","outside_contract_scope_v1","legacy_system_owner","requires_owner_confirmation_before_gate_d","N/A","N/A","0"
"b_crm_kanban_supervisor","0","exclude_with_reason","outside_contract_scope_v1","legacy_system_owner","requires_owner_confirmation_before_gate_d","N/A","N/A","0"
"b_crm_last_communication","888","exclude_with_reason","outside_contract_scope_v1","legacy_system_owner","requires_owner_confirmation_before_gate_d","N/A","N/A","0"
"b_crm_lead","7","exclude_with_reason","outside_contract_scope_v1","legacy_system_owner","requires_owner_confirmation_before_gate_d","N/A","N/A","0"
"b_crm_lead_act_stat","0","exclude_with_reason","outside_contract_scope_v1","legacy_system_owner","requires_owner_confirmation_before_gate_d","N/A","N/A","0"
"b_crm_lead_channel_stat","0","exclude_with_reason","outside_contract_scope_v1","legacy_system_owner","requires_owner_confirmation_before_gate_d","N/A","N/A","0"
"b_crm_lead_contact","0","exclude_with_reason","outside_contract_scope_v1","legacy_system_owner","requires_owner_confirmation_before_gate_d","N/A","N/A","0"
"b_crm_lead_conv_stat","0","exclude_with_reason","outside_contract_scope_v1","legacy_system_owner","requires_owner_confirmation_before_gate_d","N/A","N/A","0"
"b_crm_lead_fields_context","0","exclude_with_reason","outside_contract_scope_v1","legacy_system_owner","requires_owner_confirmation_before_gate_d","N/A","N/A","0"
"b_crm_lead_index","7","exclude_with_reason","outside_contract_scope_v1","legacy_system_owner","requires_owner_confirmation_before_gate_d","N/A","N/A","0"
"b_crm_lead_status_history","16","exclude_with_reason","outside_contract_scope_v1","legacy_system_owner","requires_owner_confirmation_before_gate_d","N/A","N/A","0"
"b_crm_lead_status_history_with_supposed","18","exclude_with_reason","outside_contract_scope_v1","legacy_system_owner","requires_owner_confirmation_before_gate_d","N/A","N/A","0"
"b_crm_lead_sum_stat","14","exclude_with_reason","outside_contract_scope_v1","legacy_system_owner","requires_owner_confirmation_before_gate_d","N/A","N/A","0"
"b_crm_log","15","exclude_with_reason","outside_contract_scope_v1","legacy_system_owner","requires_owner_confirmation_before_gate_d","N/A","N/A","0"
"b_crm_ml_model_training","0","exclude_with_reason","outside_contract_scope_v1","legacy_system_owner","requires_owner_confirmation_before_gate_d","N/A","N/A","0"
"b_crm_ml_prediction_history","0","exclude_with_reason","outside_contract_scope_v1","legacy_system_owner","requires_owner_confirmation_before_gate_d","N/A","N/A","0"
"b_crm_ml_prediction_queue","0","exclude_with_reason","outside_contract_scope_v1","legacy_system_owner","requires_owner_confirmation_before_gate_d","N/A","N/A","0"
"b_crm_multi_value_store","0","exclude_with_reason","outside_contract_scope_v1","legacy_system_owner","requires_owner_confirmation_before_gate_d","N/A","N/A","0"
"b_crm_observer","90","include_row_ledger","contract_scope_manifest_v2","migration_data_owner","baseline_approved_for_domain_migration","MIG-Q-B_CRM_OBSERVER-V1","crm-observer-assignment-v1","90"
"b_crm_order_contact_company","0","exclude_with_reason","outside_contract_scope_v1","legacy_system_owner","requires_owner_confirmation_before_gate_d","N/A","N/A","0"
"b_crm_order_entity","0","exclude_with_reason","outside_contract_scope_v1","legacy_system_owner","requires_owner_confirmation_before_gate_d","N/A","N/A","0"
"b_crm_order_import_product","0","exclude_with_reason","outside_contract_scope_v1","legacy_system_owner","requires_owner_confirmation_before_gate_d","N/A","N/A","0"
"b_crm_order_payment_stage","0","exclude_with_reason","outside_contract_scope_v1","legacy_system_owner","requires_owner_confirmation_before_gate_d","N/A","N/A","0"
"b_crm_order_props_form","0","exclude_with_reason","outside_contract_scope_v1","legacy_system_owner","requires_owner_confirmation_before_gate_d","N/A","N/A","0"
"b_crm_order_props_form_queue","0","exclude_with_reason","outside_contract_scope_v1","legacy_system_owner","requires_owner_confirmation_before_gate_d","N/A","N/A","0"
"b_crm_order_props_match","16","exclude_with_reason","outside_contract_scope_v1","legacy_system_owner","requires_owner_confirmation_before_gate_d","N/A","N/A","0"
"b_crm_order_sending_channels","0","exclude_with_reason","outside_contract_scope_v1","legacy_system_owner","requires_owner_confirmation_before_gate_d","N/A","N/A","0"
"b_crm_originator","0","exclude_with_reason","outside_contract_scope_v1","legacy_system_owner","requires_owner_confirmation_before_gate_d","N/A","N/A","0"
"b_crm_preset","3","exclude_with_reason","outside_contract_scope_v1","legacy_system_owner","requires_owner_confirmation_before_gate_d","N/A","N/A","0"
"b_crm_product","0","exclude_with_reason","outside_contract_scope_v1","legacy_system_owner","requires_owner_confirmation_before_gate_d","N/A","N/A","0"
"b_crm_product_reservation_map","0","exclude_with_reason","outside_contract_scope_v1","legacy_system_owner","requires_owner_confirmation_before_gate_d","N/A","N/A","0"
"b_crm_product_row","0","exclude_with_reason","outside_contract_scope_v1","legacy_system_owner","requires_owner_confirmation_before_gate_d","N/A","N/A","0"
"b_crm_product_row_cfg","956","exclude_with_reason","outside_contract_scope_v1","legacy_system_owner","requires_owner_confirmation_before_gate_d","N/A","N/A","0"
"b_crm_product_row_reservation","0","exclude_with_reason","outside_contract_scope_v1","legacy_system_owner","requires_owner_confirmation_before_gate_d","N/A","N/A","0"
"b_crm_ps_rq_conv_relation","0","exclude_with_reason","outside_contract_scope_v1","legacy_system_owner","requires_owner_confirmation_before_gate_d","N/A","N/A","0"
"b_crm_quote","1","exclude_with_reason","outside_contract_scope_v1","legacy_system_owner","requires_owner_confirmation_before_gate_d","N/A","N/A","0"
"b_crm_quote_contact","1","exclude_with_reason","outside_contract_scope_v1","legacy_system_owner","requires_owner_confirmation_before_gate_d","N/A","N/A","0"
"b_crm_quote_elem","0","exclude_with_reason","outside_contract_scope_v1","legacy_system_owner","requires_owner_confirmation_before_gate_d","N/A","N/A","0"
"b_crm_quote_fields_context","0","exclude_with_reason","outside_contract_scope_v1","legacy_system_owner","requires_owner_confirmation_before_gate_d","N/A","N/A","0"
"b_crm_recycling_relation","370","exclude_with_reason","outside_contract_scope_v1","legacy_system_owner","requires_owner_confirmation_before_gate_d","N/A","N/A","0"
"b_crm_repeat_sale_job","3","exclude_with_reason","outside_contract_scope_v1","legacy_system_owner","requires_owner_confirmation_before_gate_d","N/A","N/A","0"
"b_crm_repeat_sale_log","0","exclude_with_reason","outside_contract_scope_v1","legacy_system_owner","requires_owner_confirmation_before_gate_d","N/A","N/A","0"
"b_crm_repeat_sale_queue","0","exclude_with_reason","outside_contract_scope_v1","legacy_system_owner","requires_owner_confirmation_before_gate_d","N/A","N/A","0"
"b_crm_repeat_sale_segment","3","exclude_with_reason","outside_contract_scope_v1","legacy_system_owner","requires_owner_confirmation_before_gate_d","N/A","N/A","0"
"b_crm_repeat_sale_segment_assignment_user","0","exclude_with_reason","outside_contract_scope_v1","legacy_system_owner","requires_owner_confirmation_before_gate_d","N/A","N/A","0"
"b_crm_requisite","426","include_row_ledger","contract_scope_manifest_v2","migration_data_owner","baseline_approved_for_domain_migration","MIG-Q-B_CRM_REQUISITE-V2","employer-requisite-v2","426"
"b_crm_requisite_cfg","0","exclude_with_reason","outside_contract_scope_v1","legacy_system_owner","requires_owner_confirmation_before_gate_d","N/A","N/A","0"
"b_crm_requisite_link","2302","exclude_with_reason","outside_contract_scope_v1","legacy_system_owner","requires_owner_confirmation_before_gate_d","N/A","N/A","0"
"b_crm_responsible_queue","0","exclude_with_reason","outside_contract_scope_v1","legacy_system_owner","requires_owner_confirmation_before_gate_d","N/A","N/A","0"
"b_crm_responsible_queue_config","0","exclude_with_reason","outside_contract_scope_v1","legacy_system_owner","requires_owner_confirmation_before_gate_d","N/A","N/A","0"
"b_crm_responsible_queue_config_members","0","exclude_with_reason","outside_contract_scope_v1","legacy_system_owner","requires_owner_confirmation_before_gate_d","N/A","N/A","0"
"b_crm_role","19","exclude_with_reason","outside_contract_scope_v1","legacy_system_owner","requires_owner_confirmation_before_gate_d","N/A","N/A","0"
"b_crm_role_perms","494","exclude_with_reason","outside_contract_scope_v1","legacy_system_owner","requires_owner_confirmation_before_gate_d","N/A","N/A","0"
"b_crm_role_relation","17","exclude_with_reason","outside_contract_scope_v1","legacy_system_owner","requires_owner_confirmation_before_gate_d","N/A","N/A","0"
"b_crm_rq_conv_log","0","exclude_with_reason","outside_contract_scope_v1","legacy_system_owner","requires_owner_confirmation_before_gate_d","N/A","N/A","0"
"b_crm_sequences","1","exclude_with_reason","outside_contract_scope_v1","legacy_system_owner","requires_owner_confirmation_before_gate_d","N/A","N/A","0"
"b_crm_shipment_realization","0","exclude_with_reason","outside_contract_scope_v1","legacy_system_owner","requires_owner_confirmation_before_gate_d","N/A","N/A","0"
"b_crm_sl_rel","0","exclude_with_reason","outside_contract_scope_v1","legacy_system_owner","requires_owner_confirmation_before_gate_d","N/A","N/A","0"
"b_crm_sl_subscr","0","exclude_with_reason","outside_contract_scope_v1","legacy_system_owner","requires_owner_confirmation_before_gate_d","N/A","N/A","0"
"b_crm_status","172","include_row_ledger","contract_scope_manifest_v2","migration_data_owner","baseline_approved_for_domain_migration","MIG-Q-B_CRM_STATUS-V1","source-status-definition-v1","172"
"b_crm_store_document_contractor","0","exclude_with_reason","outside_contract_scope_v1","legacy_system_owner","requires_owner_confirmation_before_gate_d","N/A","N/A","0"
"b_crm_terminal_payment","0","exclude_with_reason","outside_contract_scope_v1","legacy_system_owner","requires_owner_confirmation_before_gate_d","N/A","N/A","0"
"b_crm_timeline","67857","include_row_ledger","contract_scope_manifest_v2","migration_data_owner","baseline_approved_for_domain_migration","MIG-Q-B_CRM_TIMELINE-V1","crm-timeline-v1","67857"
"b_crm_timeline_bind","71120","include_row_ledger","contract_scope_manifest_v2","migration_data_owner","baseline_approved_for_domain_migration","MIG-Q-B_CRM_TIMELINE_BIND-V1","crm-timeline-binding-v1","71120"
"b_crm_timeline_custom_icon","0","exclude_with_reason","outside_contract_scope_v1","legacy_system_owner","requires_owner_confirmation_before_gate_d","N/A","N/A","0"
"b_crm_timeline_custom_logo","0","exclude_with_reason","outside_contract_scope_v1","legacy_system_owner","requires_owner_confirmation_before_gate_d","N/A","N/A","0"
"b_crm_timeline_note","1351","exclude_with_reason","outside_contract_scope_v1","legacy_system_owner","requires_owner_confirmation_before_gate_d","N/A","N/A","0"
"b_crm_timeline_rest_app_layout_blocks","0","exclude_with_reason","outside_contract_scope_v1","legacy_system_owner","requires_owner_confirmation_before_gate_d","N/A","N/A","0"
"b_crm_timeline_search","11522","exclude_with_reason","outside_contract_scope_v1","legacy_system_owner","requires_owner_confirmation_before_gate_d","N/A","N/A","0"
"b_crm_tracking_expenses_pack","0","exclude_with_reason","outside_contract_scope_v1","legacy_system_owner","requires_owner_confirmation_before_gate_d","N/A","N/A","0"
"b_crm_tracking_phone_number","0","exclude_with_reason","outside_contract_scope_v1","legacy_system_owner","requires_owner_confirmation_before_gate_d","N/A","N/A","0"
"b_crm_tracking_pool","0","exclude_with_reason","outside_contract_scope_v1","legacy_system_owner","requires_owner_confirmation_before_gate_d","N/A","N/A","0"
"b_crm_tracking_site","0","exclude_with_reason","outside_contract_scope_v1","legacy_system_owner","requires_owner_confirmation_before_gate_d","N/A","N/A","0"
"b_crm_tracking_site_b24","0","exclude_with_reason","outside_contract_scope_v1","legacy_system_owner","requires_owner_confirmation_before_gate_d","N/A","N/A","0"
"b_crm_tracking_source","1","exclude_with_reason","outside_contract_scope_v1","legacy_system_owner","requires_owner_confirmation_before_gate_d","N/A","N/A","0"
"b_crm_tracking_source_child","0","exclude_with_reason","outside_contract_scope_v1","legacy_system_owner","requires_owner_confirmation_before_gate_d","N/A","N/A","0"
"b_crm_tracking_source_expenses","0","exclude_with_reason","outside_contract_scope_v1","legacy_system_owner","requires_owner_confirmation_before_gate_d","N/A","N/A","0"
"b_crm_tracking_source_field","0","exclude_with_reason","outside_contract_scope_v1","legacy_system_owner","requires_owner_confirmation_before_gate_d","N/A","N/A","0"
"b_crm_tracking_trace","4706","exclude_with_reason","outside_contract_scope_v1","legacy_system_owner","requires_owner_confirmation_before_gate_d","N/A","N/A","0"
"b_crm_tracking_trace_channel","4707","exclude_with_reason","outside_contract_scope_v1","legacy_system_owner","requires_owner_confirmation_before_gate_d","N/A","N/A","0"
"b_crm_tracking_trace_entity","4710","exclude_with_reason","outside_contract_scope_v1","legacy_system_owner","requires_owner_confirmation_before_gate_d","N/A","N/A","0"
"b_crm_tracking_trace_source","0","exclude_with_reason","outside_contract_scope_v1","legacy_system_owner","requires_owner_confirmation_before_gate_d","N/A","N/A","0"
"b_crm_tracking_trace_tree","0","exclude_with_reason","outside_contract_scope_v1","legacy_system_owner","requires_owner_confirmation_before_gate_d","N/A","N/A","0"
"b_crm_user_mail_template_access","33","exclude_with_reason","outside_contract_scope_v1","legacy_system_owner","requires_owner_confirmation_before_gate_d","N/A","N/A","0"
"b_crm_usr_act","1192","exclude_with_reason","outside_contract_scope_v1","legacy_system_owner","requires_owner_confirmation_before_gate_d","N/A","N/A","0"
"b_crm_usr_mt","5","exclude_with_reason","outside_contract_scope_v1","legacy_system_owner","requires_owner_confirmation_before_gate_d","N/A","N/A","0"
"b_crm_utm","27","exclude_with_reason","outside_contract_scope_v1","legacy_system_owner","requires_owner_confirmation_before_gate_d","N/A","N/A","0"
"b_crm_volume","0","exclude_with_reason","outside_contract_scope_v1","legacy_system_owner","requires_owner_confirmation_before_gate_d","N/A","N/A","0"
"b_crm_wait","0","exclude_with_reason","outside_contract_scope_v1","legacy_system_owner","requires_owner_confirmation_before_gate_d","N/A","N/A","0"
"b_crm_webform","9","exclude_with_reason","outside_contract_scope_v1","legacy_system_owner","requires_owner_confirmation_before_gate_d","N/A","N/A","0"
"b_crm_webform_ads_field_mapping","0","exclude_with_reason","outside_contract_scope_v1","legacy_system_owner","requires_owner_confirmation_before_gate_d","N/A","N/A","0"
"b_crm_webform_agreement","15","exclude_with_reason","outside_contract_scope_v1","legacy_system_owner","requires_owner_confirmation_before_gate_d","N/A","N/A","0"
"b_crm_webform_counter","9","exclude_with_reason","outside_contract_scope_v1","legacy_system_owner","requires_owner_confirmation_before_gate_d","N/A","N/A","0"
"b_crm_webform_counter_daily","26","exclude_with_reason","outside_contract_scope_v1","legacy_system_owner","requires_owner_confirmation_before_gate_d","N/A","N/A","0"
"b_crm_webform_field","37","exclude_with_reason","outside_contract_scope_v1","legacy_system_owner","requires_owner_confirmation_before_gate_d","N/A","N/A","0"
"b_crm_webform_field_dep","0","exclude_with_reason","outside_contract_scope_v1","legacy_system_owner","requires_owner_confirmation_before_gate_d","N/A","N/A","0"
"b_crm_webform_field_dep_group","0","exclude_with_reason","outside_contract_scope_v1","legacy_system_owner","requires_owner_confirmation_before_gate_d","N/A","N/A","0"
"b_crm_webform_field_preset","2","exclude_with_reason","outside_contract_scope_v1","legacy_system_owner","requires_owner_confirmation_before_gate_d","N/A","N/A","0"
"b_crm_webform_landing","9","exclude_with_reason","outside_contract_scope_v1","legacy_system_owner","requires_owner_confirmation_before_gate_d","N/A","N/A","0"
"b_crm_webform_limit","0","exclude_with_reason","outside_contract_scope_v1","legacy_system_owner","requires_owner_confirmation_before_gate_d","N/A","N/A","0"
"b_crm_webform_queue","4","exclude_with_reason","outside_contract_scope_v1","legacy_system_owner","requires_owner_confirmation_before_gate_d","N/A","N/A","0"
"b_crm_webform_result","3","exclude_with_reason","outside_contract_scope_v1","legacy_system_owner","requires_owner_confirmation_before_gate_d","N/A","N/A","0"
"b_crm_webform_result_entity","6","exclude_with_reason","outside_contract_scope_v1","legacy_system_owner","requires_owner_confirmation_before_gate_d","N/A","N/A","0"
"b_crm_webform_start_edit","5","exclude_with_reason","outside_contract_scope_v1","legacy_system_owner","requires_owner_confirmation_before_gate_d","N/A","N/A","0"
"b_crm_webpack","21","exclude_with_reason","outside_contract_scope_v1","legacy_system_owner","requires_owner_confirmation_before_gate_d","N/A","N/A","0"
"b_crm_webpack_file_log","1","exclude_with_reason","outside_contract_scope_v1","legacy_system_owner","requires_owner_confirmation_before_gate_d","N/A","N/A","0"
"b_crm_widget_saletarget","1","exclude_with_reason","outside_contract_scope_v1","legacy_system_owner","requires_owner_confirmation_before_gate_d","N/A","N/A","0"
"b_crm_workflow_entity_stage","0","exclude_with_reason","outside_contract_scope_v1","legacy_system_owner","requires_owner_confirmation_before_gate_d","N/A","N/A","0"
"b_culture","2","exclude_with_reason","outside_contract_scope_v1","legacy_system_owner","requires_owner_confirmation_before_gate_d","N/A","N/A","0"
"b_dav_connections","0","exclude_with_reason","outside_contract_scope_v1","legacy_system_owner","requires_owner_confirmation_before_gate_d","N/A","N/A","0"
"b_dav_locks","0","exclude_with_reason","outside_contract_scope_v1","legacy_system_owner","requires_owner_confirmation_before_gate_d","N/A","N/A","0"
"b_dav_tokens","0","exclude_with_reason","outside_contract_scope_v1","legacy_system_owner","requires_owner_confirmation_before_gate_d","N/A","N/A","0"
"b_disk_attached_object","30","include_row_ledger","contract_scope_manifest_v2","migration_data_owner","baseline_approved_for_domain_migration","MIG-Q-B_DISK_ATTACHED_OBJECT-V1","disk-attached-object-v1","30"
"b_disk_attached_view_type","191","exclude_with_reason","outside_contract_scope_v1","legacy_system_owner","requires_owner_confirmation_before_gate_d","N/A","N/A","0"
"b_disk_cloud_import","0","exclude_with_reason","outside_contract_scope_v1","legacy_system_owner","requires_owner_confirmation_before_gate_d","N/A","N/A","0"
"b_disk_deleted_log","0","exclude_with_reason","outside_contract_scope_v1","legacy_system_owner","requires_owner_confirmation_before_gate_d","N/A","N/A","0"
"b_disk_deleted_log_v2","35","exclude_with_reason","outside_contract_scope_v1","legacy_system_owner","requires_owner_confirmation_before_gate_d","N/A","N/A","0"
"b_disk_document_info","0","exclude_with_reason","outside_contract_scope_v1","legacy_system_owner","requires_owner_confirmation_before_gate_d","N/A","N/A","0"
"b_disk_document_restriction_log","0","exclude_with_reason","outside_contract_scope_v1","legacy_system_owner","requires_owner_confirmation_before_gate_d","N/A","N/A","0"
"b_disk_document_session","0","exclude_with_reason","outside_contract_scope_v1","legacy_system_owner","requires_owner_confirmation_before_gate_d","N/A","N/A","0"
"b_disk_edit_session","0","exclude_with_reason","outside_contract_scope_v1","legacy_system_owner","requires_owner_confirmation_before_gate_d","N/A","N/A","0"
"b_disk_external_link","2","quarantine_only","legacy_external_link_secret_revoke_or_reissue_decision_required","security_and_migration_data_owner","pending_signed_decision_blocks_full","N/A","N/A","0"
"b_disk_object","961","include_row_ledger","contract_scope_manifest_v2","migration_data_owner","baseline_approved_for_domain_migration","MIG-Q-B_DISK_OBJECT-V1","disk-object-v1","961"
"b_disk_object_extended_index","0","exclude_with_reason","outside_contract_scope_v1","legacy_system_owner","requires_owner_confirmation_before_gate_d","N/A","N/A","0"
"b_disk_object_head_index","790","exclude_with_reason","outside_contract_scope_v1","legacy_system_owner","requires_owner_confirmation_before_gate_d","N/A","N/A","0"
"b_disk_object_lock","0","exclude_with_reason","outside_contract_scope_v1","legacy_system_owner","requires_owner_confirmation_before_gate_d","N/A","N/A","0"
"b_disk_object_path","2498","exclude_with_reason","outside_contract_scope_v1","legacy_system_owner","requires_owner_confirmation_before_gate_d","N/A","N/A","0"
"b_disk_object_ttl","0","exclude_with_reason","outside_contract_scope_v1","legacy_system_owner","requires_owner_confirmation_before_gate_d","N/A","N/A","0"
"b_disk_onlyoffice_document_info","0","exclude_with_reason","outside_contract_scope_v1","legacy_system_owner","requires_owner_confirmation_before_gate_d","N/A","N/A","0"
"b_disk_onlyoffice_document_session","0","exclude_with_reason","outside_contract_scope_v1","legacy_system_owner","requires_owner_confirmation_before_gate_d","N/A","N/A","0"
"b_disk_onlyoffice_restriction_log","0","exclude_with_reason","outside_contract_scope_v1","legacy_system_owner","requires_owner_confirmation_before_gate_d","N/A","N/A","0"
"b_disk_recently_used","334","exclude_with_reason","outside_contract_scope_v1","legacy_system_owner","requires_owner_confirmation_before_gate_d","N/A","N/A","0"
"b_disk_right","284","include_row_ledger","contract_scope_manifest_v2","migration_data_owner","baseline_approved_for_domain_migration","MIG-Q-B_DISK_RIGHT-V1","disk-object-acl-v1","284"
"b_disk_right_setup_session","52","exclude_with_reason","outside_contract_scope_v1","legacy_system_owner","requires_owner_confirmation_before_gate_d","N/A","N/A","0"
"b_disk_sharing","8","include_row_ledger","contract_scope_manifest_v2","migration_data_owner","baseline_approved_for_domain_migration","MIG-Q-B_DISK_SHARING-V1","disk-sharing-acl-v1","8"
"b_disk_show_session","0","exclude_with_reason","outside_contract_scope_v1","legacy_system_owner","requires_owner_confirmation_before_gate_d","N/A","N/A","0"
"b_disk_simple_right","1276","include_row_ledger","contract_scope_manifest_v2","migration_data_owner","baseline_approved_for_domain_migration","MIG-Q-B_DISK_SIMPLE_RIGHT-V1","disk-simple-object-acl-v1","1276"
"b_disk_storage","221","include_row_ledger","contract_scope_manifest_v2","migration_data_owner","baseline_approved_for_domain_migration","MIG-Q-B_DISK_STORAGE-V1","disk-storage-v1","221"
"b_disk_tmp_file","0","exclude_with_reason","outside_contract_scope_v1","legacy_system_owner","requires_owner_confirmation_before_gate_d","N/A","N/A","0"
"b_disk_tmp_simple_right","0","exclude_with_reason","outside_contract_scope_v1","legacy_system_owner","requires_owner_confirmation_before_gate_d","N/A","N/A","0"
"b_disk_tracked_object","568","exclude_with_reason","outside_contract_scope_v1","legacy_system_owner","requires_owner_confirmation_before_gate_d","N/A","N/A","0"
"b_disk_unified_link_access","0","exclude_with_reason","outside_contract_scope_v1","legacy_system_owner","requires_owner_confirmation_before_gate_d","N/A","N/A","0"
"b_disk_version","671","include_row_ledger","contract_scope_manifest_v2","migration_data_owner","baseline_approved_for_domain_migration","MIG-Q-B_DISK_VERSION-V1","disk-version-v1","671"
"b_disk_volume","108","exclude_with_reason","outside_contract_scope_v1","legacy_system_owner","requires_owner_confirmation_before_gate_d","N/A","N/A","0"
"b_disk_volume_deleted_log","0","exclude_with_reason","outside_contract_scope_v1","legacy_system_owner","requires_owner_confirmation_before_gate_d","N/A","N/A","0"
"b_documentgenerator_actualize_queue","0","exclude_with_reason","outside_contract_scope_v1","legacy_system_owner","requires_owner_confirmation_before_gate_d","N/A","N/A","0"
"b_documentgenerator_document","0","exclude_with_reason","outside_contract_scope_v1","legacy_system_owner","requires_owner_confirmation_before_gate_d","N/A","N/A","0"
"b_documentgenerator_document_binding","0","exclude_with_reason","outside_contract_scope_v1","legacy_system_owner","requires_owner_confirmation_before_gate_d","N/A","N/A","0"
"b_documentgenerator_external_link","0","exclude_with_reason","outside_contract_scope_v1","legacy_system_owner","requires_owner_confirmation_before_gate_d","N/A","N/A","0"
"b_documentgenerator_field","0","exclude_with_reason","outside_contract_scope_v1","legacy_system_owner","requires_owner_confirmation_before_gate_d","N/A","N/A","0"
"b_documentgenerator_file","19","exclude_with_reason","outside_contract_scope_v1","legacy_system_owner","requires_owner_confirmation_before_gate_d","N/A","N/A","0"
"b_documentgenerator_region","0","exclude_with_reason","outside_contract_scope_v1","legacy_system_owner","requires_owner_confirmation_before_gate_d","N/A","N/A","0"
"b_documentgenerator_region_phrase","0","exclude_with_reason","outside_contract_scope_v1","legacy_system_owner","requires_owner_confirmation_before_gate_d","N/A","N/A","0"
"b_documentgenerator_role","2","exclude_with_reason","outside_contract_scope_v1","legacy_system_owner","requires_owner_confirmation_before_gate_d","N/A","N/A","0"
"b_documentgenerator_role_access","2","exclude_with_reason","outside_contract_scope_v1","legacy_system_owner","requires_owner_confirmation_before_gate_d","N/A","N/A","0"
"b_documentgenerator_role_permission","8","exclude_with_reason","outside_contract_scope_v1","legacy_system_owner","requires_owner_confirmation_before_gate_d","N/A","N/A","0"
"b_documentgenerator_spreadsheet","0","exclude_with_reason","outside_contract_scope_v1","legacy_system_owner","requires_owner_confirmation_before_gate_d","N/A","N/A","0"
"b_documentgenerator_template","19","exclude_with_reason","outside_contract_scope_v1","legacy_system_owner","requires_owner_confirmation_before_gate_d","N/A","N/A","0"
"b_documentgenerator_template_provider","106","exclude_with_reason","outside_contract_scope_v1","legacy_system_owner","requires_owner_confirmation_before_gate_d","N/A","N/A","0"
"b_documentgenerator_template_user","19","exclude_with_reason","outside_contract_scope_v1","legacy_system_owner","requires_owner_confirmation_before_gate_d","N/A","N/A","0"
"b_entity_usage","5664","exclude_with_reason","outside_contract_scope_v1","legacy_system_owner","requires_owner_confirmation_before_gate_d","N/A","N/A","0"
"b_event","887","exclude_with_reason","outside_contract_scope_v1","legacy_system_owner","requires_owner_confirmation_before_gate_d","N/A","N/A","0"
"b_event_attachment","0","exclude_with_reason","outside_contract_scope_v1","legacy_system_owner","requires_owner_confirmation_before_gate_d","N/A","N/A","0"
"b_event_log","1258","exclude_with_reason","outside_contract_scope_v1","legacy_system_owner","requires_owner_confirmation_before_gate_d","N/A","N/A","0"
"b_event_message","120","exclude_with_reason","outside_contract_scope_v1","legacy_system_owner","requires_owner_confirmation_before_gate_d","N/A","N/A","0"
"b_event_message_attachment","0","exclude_with_reason","outside_contract_scope_v1","legacy_system_owner","requires_owner_confirmation_before_gate_d","N/A","N/A","0"
"b_event_message_site","120","exclude_with_reason","outside_contract_scope_v1","legacy_system_owner","requires_owner_confirmation_before_gate_d","N/A","N/A","0"
"b_event_type","232","exclude_with_reason","outside_contract_scope_v1","legacy_system_owner","requires_owner_confirmation_before_gate_d","N/A","N/A","0"
"b_extranet_user","1","exclude_with_reason","outside_contract_scope_v1","legacy_system_owner","requires_owner_confirmation_before_gate_d","N/A","N/A","0"
"b_favorite","0","exclude_with_reason","outside_contract_scope_v1","legacy_system_owner","requires_owner_confirmation_before_gate_d","N/A","N/A","0"
"b_file","3941","include_row_ledger","contract_scope_manifest_v2","migration_data_owner","baseline_approved_for_domain_migration","MIG-Q-B_FILE-V1","file-metadata-v1","3941"
"b_file_duplicate","1933","exclude_with_reason","outside_contract_scope_v1","legacy_system_owner","requires_owner_confirmation_before_gate_d","N/A","N/A","0"
"b_file_hash","2008","include_row_ledger","contract_scope_manifest_v2","migration_data_owner","baseline_approved_for_domain_migration","MIG-Q-B_FILE_HASH-V1","file-checksum-v1","2008"
"b_file_preview","71","exclude_with_reason","outside_contract_scope_v1","legacy_system_owner","requires_owner_confirmation_before_gate_d","N/A","N/A","0"
"b_file_search","0","exclude_with_reason","outside_contract_scope_v1","legacy_system_owner","requires_owner_confirmation_before_gate_d","N/A","N/A","0"
"b_file_version","0","exclude_with_reason","outside_contract_scope_v1","legacy_system_owner","requires_owner_confirmation_before_gate_d","N/A","N/A","0"
"b_filters","0","exclude_with_reason","outside_contract_scope_v1","legacy_system_owner","requires_owner_confirmation_before_gate_d","N/A","N/A","0"
"b_finder_dest","0","exclude_with_reason","outside_contract_scope_v1","legacy_system_owner","requires_owner_confirmation_before_gate_d","N/A","N/A","0"
"b_form","0","exclude_with_reason","outside_contract_scope_v1","legacy_system_owner","requires_owner_confirmation_before_gate_d","N/A","N/A","0"
"b_form_2_group","0","exclude_with_reason","outside_contract_scope_v1","legacy_system_owner","requires_owner_confirmation_before_gate_d","N/A","N/A","0"
"b_form_2_mail_template","0","exclude_with_reason","outside_contract_scope_v1","legacy_system_owner","requires_owner_confirmation_before_gate_d","N/A","N/A","0"
"b_form_2_site","0","exclude_with_reason","outside_contract_scope_v1","legacy_system_owner","requires_owner_confirmation_before_gate_d","N/A","N/A","0"
"b_form_answer","0","exclude_with_reason","outside_contract_scope_v1","legacy_system_owner","requires_owner_confirmation_before_gate_d","N/A","N/A","0"
"b_form_crm","0","exclude_with_reason","outside_contract_scope_v1","legacy_system_owner","requires_owner_confirmation_before_gate_d","N/A","N/A","0"
"b_form_crm_field","0","exclude_with_reason","outside_contract_scope_v1","legacy_system_owner","requires_owner_confirmation_before_gate_d","N/A","N/A","0"
"b_form_crm_link","0","exclude_with_reason","outside_contract_scope_v1","legacy_system_owner","requires_owner_confirmation_before_gate_d","N/A","N/A","0"
"b_form_field","0","exclude_with_reason","outside_contract_scope_v1","legacy_system_owner","requires_owner_confirmation_before_gate_d","N/A","N/A","0"
"b_form_field_filter","0","exclude_with_reason","outside_contract_scope_v1","legacy_system_owner","requires_owner_confirmation_before_gate_d","N/A","N/A","0"
"b_form_field_validator","0","exclude_with_reason","outside_contract_scope_v1","legacy_system_owner","requires_owner_confirmation_before_gate_d","N/A","N/A","0"
"b_form_menu","0","exclude_with_reason","outside_contract_scope_v1","legacy_system_owner","requires_owner_confirmation_before_gate_d","N/A","N/A","0"
"b_form_result","0","exclude_with_reason","outside_contract_scope_v1","legacy_system_owner","requires_owner_confirmation_before_gate_d","N/A","N/A","0"
"b_form_result_answer","0","exclude_with_reason","outside_contract_scope_v1","legacy_system_owner","requires_owner_confirmation_before_gate_d","N/A","N/A","0"
"b_form_status","0","exclude_with_reason","outside_contract_scope_v1","legacy_system_owner","requires_owner_confirmation_before_gate_d","N/A","N/A","0"
"b_form_status_2_group","0","exclude_with_reason","outside_contract_scope_v1","legacy_system_owner","requires_owner_confirmation_before_gate_d","N/A","N/A","0"
"b_form_status_2_mail_template","0","exclude_with_reason","outside_contract_scope_v1","legacy_system_owner","requires_owner_confirmation_before_gate_d","N/A","N/A","0"
"b_forum","9","exclude_with_reason","outside_contract_scope_v1","legacy_system_owner","requires_owner_confirmation_before_gate_d","N/A","N/A","0"
"b_forum2site","9","exclude_with_reason","outside_contract_scope_v1","legacy_system_owner","requires_owner_confirmation_before_gate_d","N/A","N/A","0"
"b_forum_dictionary","4","exclude_with_reason","outside_contract_scope_v1","legacy_system_owner","requires_owner_confirmation_before_gate_d","N/A","N/A","0"
"b_forum_email","0","exclude_with_reason","outside_contract_scope_v1","legacy_system_owner","requires_owner_confirmation_before_gate_d","N/A","N/A","0"
"b_forum_file","0","exclude_with_reason","outside_contract_scope_v1","legacy_system_owner","requires_owner_confirmation_before_gate_d","N/A","N/A","0"
"b_forum_filter","151","exclude_with_reason","outside_contract_scope_v1","legacy_system_owner","requires_owner_confirmation_before_gate_d","N/A","N/A","0"
"b_forum_group","3","exclude_with_reason","outside_contract_scope_v1","legacy_system_owner","requires_owner_confirmation_before_gate_d","N/A","N/A","0"
"b_forum_group_lang","6","exclude_with_reason","outside_contract_scope_v1","legacy_system_owner","requires_owner_confirmation_before_gate_d","N/A","N/A","0"
"b_forum_letter","37","exclude_with_reason","outside_contract_scope_v1","legacy_system_owner","requires_owner_confirmation_before_gate_d","N/A","N/A","0"
"b_forum_message","349","exclude_with_reason","outside_contract_scope_v1","legacy_system_owner","requires_owner_confirmation_before_gate_d","N/A","N/A","0"
"b_forum_perms","20","exclude_with_reason","outside_contract_scope_v1","legacy_system_owner","requires_owner_confirmation_before_gate_d","N/A","N/A","0"
"b_forum_pm_folder","4","exclude_with_reason","outside_contract_scope_v1","legacy_system_owner","requires_owner_confirmation_before_gate_d","N/A","N/A","0"
"b_forum_points","0","exclude_with_reason","outside_contract_scope_v1","legacy_system_owner","requires_owner_confirmation_before_gate_d","N/A","N/A","0"
"b_forum_points2post","0","exclude_with_reason","outside_contract_scope_v1","legacy_system_owner","requires_owner_confirmation_before_gate_d","N/A","N/A","0"
"b_forum_points_lang","0","exclude_with_reason","outside_contract_scope_v1","legacy_system_owner","requires_owner_confirmation_before_gate_d","N/A","N/A","0"
"b_forum_private_message","0","exclude_with_reason","outside_contract_scope_v1","legacy_system_owner","requires_owner_confirmation_before_gate_d","N/A","N/A","0"
"b_forum_rank","0","exclude_with_reason","outside_contract_scope_v1","legacy_system_owner","requires_owner_confirmation_before_gate_d","N/A","N/A","0"
"b_forum_rank_lang","0","exclude_with_reason","outside_contract_scope_v1","legacy_system_owner","requires_owner_confirmation_before_gate_d","N/A","N/A","0"
"b_forum_service_deleted_message","0","exclude_with_reason","outside_contract_scope_v1","legacy_system_owner","requires_owner_confirmation_before_gate_d","N/A","N/A","0"
"b_forum_service_statistic_queue","0","exclude_with_reason","outside_contract_scope_v1","legacy_system_owner","requires_owner_confirmation_before_gate_d","N/A","N/A","0"
"b_forum_stat","0","exclude_with_reason","outside_contract_scope_v1","legacy_system_owner","requires_owner_confirmation_before_gate_d","N/A","N/A","0"
"b_forum_subscribe","0","exclude_with_reason","outside_contract_scope_v1","legacy_system_owner","requires_owner_confirmation_before_gate_d","N/A","N/A","0"
"b_forum_topic","109","exclude_with_reason","outside_contract_scope_v1","legacy_system_owner","requires_owner_confirmation_before_gate_d","N/A","N/A","0"
"b_forum_user","16","exclude_with_reason","outside_contract_scope_v1","legacy_system_owner","requires_owner_confirmation_before_gate_d","N/A","N/A","0"
"b_forum_user_forum","0","exclude_with_reason","outside_contract_scope_v1","legacy_system_owner","requires_owner_confirmation_before_gate_d","N/A","N/A","0"
"b_forum_user_points","0","exclude_with_reason","outside_contract_scope_v1","legacy_system_owner","requires_owner_confirmation_before_gate_d","N/A","N/A","0"
"b_forum_user_topic","209","exclude_with_reason","outside_contract_scope_v1","legacy_system_owner","requires_owner_confirmation_before_gate_d","N/A","N/A","0"
"b_geoip_handlers","3","exclude_with_reason","outside_contract_scope_v1","legacy_system_owner","requires_owner_confirmation_before_gate_d","N/A","N/A","0"
"b_geoname","0","exclude_with_reason","outside_contract_scope_v1","legacy_system_owner","requires_owner_confirmation_before_gate_d","N/A","N/A","0"
"b_group","16","include_row_ledger","contract_scope_manifest_v2","migration_data_owner","baseline_approved_for_domain_migration","MIG-Q-B_GROUP-V1","role-evidence-v1","16"
"b_group_collection_task","0","exclude_with_reason","outside_contract_scope_v1","legacy_system_owner","requires_owner_confirmation_before_gate_d","N/A","N/A","0"
"b_group_subordinate","2","exclude_with_reason","outside_contract_scope_v1","legacy_system_owner","requires_owner_confirmation_before_gate_d","N/A","N/A","0"
"b_group_task","9","exclude_with_reason","outside_contract_scope_v1","legacy_system_owner","requires_owner_confirmation_before_gate_d","N/A","N/A","0"
"b_hlblock_entity","1","exclude_with_reason","outside_contract_scope_v1","legacy_system_owner","requires_owner_confirmation_before_gate_d","N/A","N/A","0"
"b_hlblock_entity_lang","2","exclude_with_reason","outside_contract_scope_v1","legacy_system_owner","requires_owner_confirmation_before_gate_d","N/A","N/A","0"
"b_hlblock_entity_rights","2","exclude_with_reason","outside_contract_scope_v1","legacy_system_owner","requires_owner_confirmation_before_gate_d","N/A","N/A","0"
"b_hlsys_marking_code_group","12","exclude_with_reason","outside_contract_scope_v1","legacy_system_owner","requires_owner_confirmation_before_gate_d","N/A","N/A","0"
"b_hot_keys","252","exclude_with_reason","outside_contract_scope_v1","legacy_system_owner","requires_owner_confirmation_before_gate_d","N/A","N/A","0"
"b_hot_keys_code","79","exclude_with_reason","outside_contract_scope_v1","legacy_system_owner","requires_owner_confirmation_before_gate_d","N/A","N/A","0"
"b_hr_access_permission","165","exclude_with_reason","outside_contract_scope_v1","legacy_system_owner","requires_owner_confirmation_before_gate_d","N/A","N/A","0"
"b_hr_access_role","12","exclude_with_reason","outside_contract_scope_v1","legacy_system_owner","requires_owner_confirmation_before_gate_d","N/A","N/A","0"
"b_hr_access_role_relation","10","exclude_with_reason","outside_contract_scope_v1","legacy_system_owner","requires_owner_confirmation_before_gate_d","N/A","N/A","0"
"b_hr_hcmlink_company","0","exclude_with_reason","outside_contract_scope_v1","legacy_system_owner","requires_owner_confirmation_before_gate_d","N/A","N/A","0"
"b_hr_hcmlink_employee","0","exclude_with_reason","outside_contract_scope_v1","legacy_system_owner","requires_owner_confirmation_before_gate_d","N/A","N/A","0"
"b_hr_hcmlink_field","0","exclude_with_reason","outside_contract_scope_v1","legacy_system_owner","requires_owner_confirmation_before_gate_d","N/A","N/A","0"
"b_hr_hcmlink_field_value","0","exclude_with_reason","outside_contract_scope_v1","legacy_system_owner","requires_owner_confirmation_before_gate_d","N/A","N/A","0"
"b_hr_hcmlink_job","0","exclude_with_reason","outside_contract_scope_v1","legacy_system_owner","requires_owner_confirmation_before_gate_d","N/A","N/A","0"
"b_hr_hcmlink_person","0","exclude_with_reason","outside_contract_scope_v1","legacy_system_owner","requires_owner_confirmation_before_gate_d","N/A","N/A","0"
"b_hr_hcmlink_person_index","0","exclude_with_reason","outside_contract_scope_v1","legacy_system_owner","requires_owner_confirmation_before_gate_d","N/A","N/A","0"
"b_hr_log","0","exclude_with_reason","outside_contract_scope_v1","legacy_system_owner","requires_owner_confirmation_before_gate_d","N/A","N/A","0"
"b_hr_structure","1","exclude_with_reason","outside_contract_scope_v1","legacy_system_owner","requires_owner_confirmation_before_gate_d","N/A","N/A","0"
"b_hr_structure_node","5","exclude_with_reason","outside_contract_scope_v1","legacy_system_owner","requires_owner_confirmation_before_gate_d","N/A","N/A","0"
"b_hr_structure_node_backward_access_code","5","exclude_with_reason","outside_contract_scope_v1","legacy_system_owner","requires_owner_confirmation_before_gate_d","N/A","N/A","0"
"b_hr_structure_node_member","28","exclude_with_reason","outside_contract_scope_v1","legacy_system_owner","requires_owner_confirmation_before_gate_d","N/A","N/A","0"
"b_hr_structure_node_member_role","28","exclude_with_reason","outside_contract_scope_v1","legacy_system_owner","requires_owner_confirmation_before_gate_d","N/A","N/A","0"
"b_hr_structure_node_path","12","exclude_with_reason","outside_contract_scope_v1","legacy_system_owner","requires_owner_confirmation_before_gate_d","N/A","N/A","0"
"b_hr_structure_node_relation","1","exclude_with_reason","outside_contract_scope_v1","legacy_system_owner","requires_owner_confirmation_before_gate_d","N/A","N/A","0"
"b_hr_structure_node_role","0","exclude_with_reason","outside_contract_scope_v1","legacy_system_owner","requires_owner_confirmation_before_gate_d","N/A","N/A","0"
"b_hr_structure_node_settings","5","exclude_with_reason","outside_contract_scope_v1","legacy_system_owner","requires_owner_confirmation_before_gate_d","N/A","N/A","0"
"b_hr_structure_role","6","exclude_with_reason","outside_contract_scope_v1","legacy_system_owner","requires_owner_confirmation_before_gate_d","N/A","N/A","0"
"b_iblock","37","include_row_ledger","contract_scope_manifest_v2","migration_data_owner","baseline_approved_for_domain_migration","MIG-Q-B_IBLOCK-V1","source-iblock-definition-v1","37"
"b_iblock_cache","0","exclude_with_reason","outside_contract_scope_v1","legacy_system_owner","requires_owner_confirmation_before_gate_d","N/A","N/A","0"
"b_iblock_element","3591","include_row_ledger","contract_scope_manifest_v2","migration_data_owner","baseline_approved_for_domain_migration","MIG-Q-B_IBLOCK_ELEMENT-V1","settlement-dictionary-v1","3591"
"b_iblock_element_iprop","0","exclude_with_reason","outside_contract_scope_v1","legacy_system_owner","requires_owner_confirmation_before_gate_d","N/A","N/A","0"
"b_iblock_element_lock","0","exclude_with_reason","outside_contract_scope_v1","legacy_system_owner","requires_owner_confirmation_before_gate_d","N/A","N/A","0"
"b_iblock_element_property","8115","exclude_with_reason","outside_contract_scope_v1","legacy_system_owner","requires_owner_confirmation_before_gate_d","N/A","N/A","0"
"b_iblock_element_right","3952","exclude_with_reason","outside_contract_scope_v1","legacy_system_owner","requires_owner_confirmation_before_gate_d","N/A","N/A","0"
"b_iblock_fields","512","exclude_with_reason","outside_contract_scope_v1","legacy_system_owner","requires_owner_confirmation_before_gate_d","N/A","N/A","0"
"b_iblock_group","34","exclude_with_reason","outside_contract_scope_v1","legacy_system_owner","requires_owner_confirmation_before_gate_d","N/A","N/A","0"
"b_iblock_iblock_iprop","0","exclude_with_reason","outside_contract_scope_v1","legacy_system_owner","requires_owner_confirmation_before_gate_d","N/A","N/A","0"
"b_iblock_iproperty","0","exclude_with_reason","outside_contract_scope_v1","legacy_system_owner","requires_owner_confirmation_before_gate_d","N/A","N/A","0"
"b_iblock_messages","132","exclude_with_reason","outside_contract_scope_v1","legacy_system_owner","requires_owner_confirmation_before_gate_d","N/A","N/A","0"
"b_iblock_offers_tmp","0","exclude_with_reason","outside_contract_scope_v1","legacy_system_owner","requires_owner_confirmation_before_gate_d","N/A","N/A","0"
"b_iblock_property","168","exclude_with_reason","outside_contract_scope_v1","legacy_system_owner","requires_owner_confirmation_before_gate_d","N/A","N/A","0"
"b_iblock_property_enum","55","exclude_with_reason","outside_contract_scope_v1","legacy_system_owner","requires_owner_confirmation_before_gate_d","N/A","N/A","0"
"b_iblock_property_feature","4","exclude_with_reason","outside_contract_scope_v1","legacy_system_owner","requires_owner_confirmation_before_gate_d","N/A","N/A","0"
"b_iblock_right","63","exclude_with_reason","outside_contract_scope_v1","legacy_system_owner","requires_owner_confirmation_before_gate_d","N/A","N/A","0"
"b_iblock_rss","0","exclude_with_reason","outside_contract_scope_v1","legacy_system_owner","requires_owner_confirmation_before_gate_d","N/A","N/A","0"
"b_iblock_section","29","include_row_ledger","contract_scope_manifest_v2","migration_data_owner","baseline_approved_for_domain_migration","MIG-Q-B_IBLOCK_SECTION-V1","organization-unit-v1","29"
"b_iblock_section_element","67","exclude_with_reason","outside_contract_scope_v1","legacy_system_owner","requires_owner_confirmation_before_gate_d","N/A","N/A","0"
"b_iblock_section_iprop","0","exclude_with_reason","outside_contract_scope_v1","legacy_system_owner","requires_owner_confirmation_before_gate_d","N/A","N/A","0"
"b_iblock_section_property","0","exclude_with_reason","outside_contract_scope_v1","legacy_system_owner","requires_owner_confirmation_before_gate_d","N/A","N/A","0"
"b_iblock_section_right","40","exclude_with_reason","outside_contract_scope_v1","legacy_system_owner","requires_owner_confirmation_before_gate_d","N/A","N/A","0"
"b_iblock_sequence","0","exclude_with_reason","outside_contract_scope_v1","legacy_system_owner","requires_owner_confirmation_before_gate_d","N/A","N/A","0"
"b_iblock_site","37","exclude_with_reason","outside_contract_scope_v1","legacy_system_owner","requires_owner_confirmation_before_gate_d","N/A","N/A","0"
"b_iblock_type","10","exclude_with_reason","outside_contract_scope_v1","legacy_system_owner","requires_owner_confirmation_before_gate_d","N/A","N/A","0"
"b_iblock_type_lang","18","exclude_with_reason","outside_contract_scope_v1","legacy_system_owner","requires_owner_confirmation_before_gate_d","N/A","N/A","0"
"b_idea_email_subscribe","0","exclude_with_reason","outside_contract_scope_v1","legacy_system_owner","requires_owner_confirmation_before_gate_d","N/A","N/A","0"
"b_im_ai_transcribe_queue","0","exclude_with_reason","outside_contract_scope_v1","legacy_system_owner","requires_owner_confirmation_before_gate_d","N/A","N/A","0"
"b_im_alias","1","exclude_with_reason","outside_contract_scope_v1","legacy_system_owner","requires_owner_confirmation_before_gate_d","N/A","N/A","0"
"b_im_anchor","20","exclude_with_reason","outside_contract_scope_v1","legacy_system_owner","requires_owner_confirmation_before_gate_d","N/A","N/A","0"
"b_im_app","2","exclude_with_reason","outside_contract_scope_v1","legacy_system_owner","requires_owner_confirmation_before_gate_d","N/A","N/A","0"
"b_im_app_lang","0","exclude_with_reason","outside_contract_scope_v1","legacy_system_owner","requires_owner_confirmation_before_gate_d","N/A","N/A","0"
"b_im_block_user","0","exclude_with_reason","outside_contract_scope_v1","legacy_system_owner","requires_owner_confirmation_before_gate_d","N/A","N/A","0"
"b_im_bot","6","exclude_with_reason","outside_contract_scope_v1","legacy_system_owner","requires_owner_confirmation_before_gate_d","N/A","N/A","0"
"b_im_bot_chat","0","exclude_with_reason","outside_contract_scope_v1","legacy_system_owner","requires_owner_confirmation_before_gate_d","N/A","N/A","0"
"b_im_bot_network_session","0","exclude_with_reason","outside_contract_scope_v1","legacy_system_owner","requires_owner_confirmation_before_gate_d","N/A","N/A","0"
"b_im_bot_token","0","exclude_with_reason","outside_contract_scope_v1","legacy_system_owner","requires_owner_confirmation_before_gate_d","N/A","N/A","0"
"b_im_call","0","exclude_with_reason","outside_contract_scope_v1","legacy_system_owner","requires_owner_confirmation_before_gate_d","N/A","N/A","0"
"b_im_call_user","0","exclude_with_reason","outside_contract_scope_v1","legacy_system_owner","requires_owner_confirmation_before_gate_d","N/A","N/A","0"
"b_im_chat","660","exclude_with_reason","outside_contract_scope_v1","legacy_system_owner","requires_owner_confirmation_before_gate_d","N/A","N/A","0"
"b_im_chat_index","88","exclude_with_reason","outside_contract_scope_v1","legacy_system_owner","requires_owner_confirmation_before_gate_d","N/A","N/A","0"
"b_im_chat_param","48","exclude_with_reason","outside_contract_scope_v1","legacy_system_owner","requires_owner_confirmation_before_gate_d","N/A","N/A","0"
"b_im_command","9","exclude_with_reason","outside_contract_scope_v1","legacy_system_owner","requires_owner_confirmation_before_gate_d","N/A","N/A","0"
"b_im_command_lang","4","exclude_with_reason","outside_contract_scope_v1","legacy_system_owner","requires_owner_confirmation_before_gate_d","N/A","N/A","0"
"b_im_conference","0","exclude_with_reason","outside_contract_scope_v1","legacy_system_owner","requires_owner_confirmation_before_gate_d","N/A","N/A","0"
"b_im_conference_user_role","0","exclude_with_reason","outside_contract_scope_v1","legacy_system_owner","requires_owner_confirmation_before_gate_d","N/A","N/A","0"
"b_im_counter_overflow","6","exclude_with_reason","outside_contract_scope_v1","legacy_system_owner","requires_owner_confirmation_before_gate_d","N/A","N/A","0"
"b_im_external_avatar","2","exclude_with_reason","outside_contract_scope_v1","legacy_system_owner","requires_owner_confirmation_before_gate_d","N/A","N/A","0"
"b_im_file_param","0","exclude_with_reason","outside_contract_scope_v1","legacy_system_owner","requires_owner_confirmation_before_gate_d","N/A","N/A","0"
"b_im_file_temporary","0","exclude_with_reason","outside_contract_scope_v1","legacy_system_owner","requires_owner_confirmation_before_gate_d","N/A","N/A","0"
"b_im_file_transcription","0","exclude_with_reason","outside_contract_scope_v1","legacy_system_owner","requires_owner_confirmation_before_gate_d","N/A","N/A","0"
"b_im_hr_sync_queue","0","exclude_with_reason","outside_contract_scope_v1","legacy_system_owner","requires_owner_confirmation_before_gate_d","N/A","N/A","0"
"b_im_last_message","0","exclude_with_reason","outside_contract_scope_v1","legacy_system_owner","requires_owner_confirmation_before_gate_d","N/A","N/A","0"
"b_im_last_search","0","exclude_with_reason","outside_contract_scope_v1","legacy_system_owner","requires_owner_confirmation_before_gate_d","N/A","N/A","0"
"b_im_link_calendar","0","exclude_with_reason","outside_contract_scope_v1","legacy_system_owner","requires_owner_confirmation_before_gate_d","N/A","N/A","0"
"b_im_link_calendar_index","0","exclude_with_reason","outside_contract_scope_v1","legacy_system_owner","requires_owner_confirmation_before_gate_d","N/A","N/A","0"
"b_im_link_favorite","1","exclude_with_reason","outside_contract_scope_v1","legacy_system_owner","requires_owner_confirmation_before_gate_d","N/A","N/A","0"
"b_im_link_file","109","exclude_with_reason","outside_contract_scope_v1","legacy_system_owner","requires_owner_confirmation_before_gate_d","N/A","N/A","0"
"b_im_link_pin","1","exclude_with_reason","outside_contract_scope_v1","legacy_system_owner","requires_owner_confirmation_before_gate_d","N/A","N/A","0"
"b_im_link_reminder","0","exclude_with_reason","outside_contract_scope_v1","legacy_system_owner","requires_owner_confirmation_before_gate_d","N/A","N/A","0"
"b_im_link_task","0","exclude_with_reason","outside_contract_scope_v1","legacy_system_owner","requires_owner_confirmation_before_gate_d","N/A","N/A","0"
"b_im_link_url","596","exclude_with_reason","outside_contract_scope_v1","legacy_system_owner","requires_owner_confirmation_before_gate_d","N/A","N/A","0"
"b_im_link_url_index","596","exclude_with_reason","outside_contract_scope_v1","legacy_system_owner","requires_owner_confirmation_before_gate_d","N/A","N/A","0"
"b_im_log","3195","exclude_with_reason","outside_contract_scope_v1","legacy_system_owner","requires_owner_confirmation_before_gate_d","N/A","N/A","0"
"b_im_message","31432","exclude_with_reason","outside_contract_scope_v1","legacy_system_owner","requires_owner_confirmation_before_gate_d","N/A","N/A","0"
"b_im_message_disappearing","0","exclude_with_reason","outside_contract_scope_v1","legacy_system_owner","requires_owner_confirmation_before_gate_d","N/A","N/A","0"
"b_im_message_favorite","0","exclude_with_reason","outside_contract_scope_v1","legacy_system_owner","requires_owner_confirmation_before_gate_d","N/A","N/A","0"
"b_im_message_index","0","exclude_with_reason","outside_contract_scope_v1","legacy_system_owner","requires_owner_confirmation_before_gate_d","N/A","N/A","0"
"b_im_message_param","9926","exclude_with_reason","outside_contract_scope_v1","legacy_system_owner","requires_owner_confirmation_before_gate_d","N/A","N/A","0"
"b_im_message_unread","3085","exclude_with_reason","outside_contract_scope_v1","legacy_system_owner","requires_owner_confirmation_before_gate_d","N/A","N/A","0"
"b_im_message_uuid","113","exclude_with_reason","outside_contract_scope_v1","legacy_system_owner","requires_owner_confirmation_before_gate_d","N/A","N/A","0"
"b_im_message_viewed","3695","exclude_with_reason","outside_contract_scope_v1","legacy_system_owner","requires_owner_confirmation_before_gate_d","N/A","N/A","0"
"b_im_no_relation_permission_disk","0","exclude_with_reason","outside_contract_scope_v1","legacy_system_owner","requires_owner_confirmation_before_gate_d","N/A","N/A","0"
"b_im_notify_group","0","exclude_with_reason","outside_contract_scope_v1","legacy_system_owner","requires_owner_confirmation_before_gate_d","N/A","N/A","0"
"b_im_notify_group_condition","0","exclude_with_reason","outside_contract_scope_v1","legacy_system_owner","requires_owner_confirmation_before_gate_d","N/A","N/A","0"
"b_im_option_access","11","exclude_with_reason","outside_contract_scope_v1","legacy_system_owner","requires_owner_confirmation_before_gate_d","N/A","N/A","0"
"b_im_option_group","12","exclude_with_reason","outside_contract_scope_v1","legacy_system_owner","requires_owner_confirmation_before_gate_d","N/A","N/A","0"
"b_im_option_state","3652","exclude_with_reason","outside_contract_scope_v1","legacy_system_owner","requires_owner_confirmation_before_gate_d","N/A","N/A","0"
"b_im_option_user","20","exclude_with_reason","outside_contract_scope_v1","legacy_system_owner","requires_owner_confirmation_before_gate_d","N/A","N/A","0"
"b_im_permission","0","exclude_with_reason","outside_contract_scope_v1","legacy_system_owner","requires_owner_confirmation_before_gate_d","N/A","N/A","0"
"b_im_permission_duration","0","exclude_with_reason","outside_contract_scope_v1","legacy_system_owner","requires_owner_confirmation_before_gate_d","N/A","N/A","0"
"b_im_permission_log","0","exclude_with_reason","outside_contract_scope_v1","legacy_system_owner","requires_owner_confirmation_before_gate_d","N/A","N/A","0"
"b_im_reaction","152","exclude_with_reason","outside_contract_scope_v1","legacy_system_owner","requires_owner_confirmation_before_gate_d","N/A","N/A","0"
"b_im_recent","609","exclude_with_reason","outside_contract_scope_v1","legacy_system_owner","requires_owner_confirmation_before_gate_d","N/A","N/A","0"
"b_im_recent_init_queue","0","exclude_with_reason","outside_contract_scope_v1","legacy_system_owner","requires_owner_confirmation_before_gate_d","N/A","N/A","0"
"b_im_relation","924","exclude_with_reason","outside_contract_scope_v1","legacy_system_owner","requires_owner_confirmation_before_gate_d","N/A","N/A","0"
"b_im_status","22","exclude_with_reason","outside_contract_scope_v1","legacy_system_owner","requires_owner_confirmation_before_gate_d","N/A","N/A","0"
"b_imconnectors_chat_last_message","0","exclude_with_reason","outside_contract_scope_v1","legacy_system_owner","requires_owner_confirmation_before_gate_d","N/A","N/A","0"
"b_imconnectors_custom_connectors","0","exclude_with_reason","outside_contract_scope_v1","legacy_system_owner","requires_owner_confirmation_before_gate_d","N/A","N/A","0"
"b_imconnectors_delivery_mark","0","exclude_with_reason","outside_contract_scope_v1","legacy_system_owner","requires_owner_confirmation_before_gate_d","N/A","N/A","0"
"b_imconnectors_info_connectors","1","exclude_with_reason","outside_contract_scope_v1","legacy_system_owner","requires_owner_confirmation_before_gate_d","N/A","N/A","0"
"b_imconnectors_status","3","exclude_with_reason","outside_contract_scope_v1","legacy_system_owner","requires_owner_confirmation_before_gate_d","N/A","N/A","0"
"b_imopenlines_chat_index","189","exclude_with_reason","outside_contract_scope_v1","legacy_system_owner","requires_owner_confirmation_before_gate_d","N/A","N/A","0"
"b_imopenlines_config","1","exclude_with_reason","outside_contract_scope_v1","legacy_system_owner","requires_owner_confirmation_before_gate_d","N/A","N/A","0"
"b_imopenlines_config_automatic_messages","0","exclude_with_reason","outside_contract_scope_v1","legacy_system_owner","requires_owner_confirmation_before_gate_d","N/A","N/A","0"
"b_imopenlines_config_category","0","exclude_with_reason","outside_contract_scope_v1","legacy_system_owner","requires_owner_confirmation_before_gate_d","N/A","N/A","0"
"b_imopenlines_config_queue","1","exclude_with_reason","outside_contract_scope_v1","legacy_system_owner","requires_owner_confirmation_before_gate_d","N/A","N/A","0"
"b_imopenlines_config_statistic","1","exclude_with_reason","outside_contract_scope_v1","legacy_system_owner","requires_owner_confirmation_before_gate_d","N/A","N/A","0"
"b_imopenlines_dialog_stat","304","exclude_with_reason","outside_contract_scope_v1","legacy_system_owner","requires_owner_confirmation_before_gate_d","N/A","N/A","0"
"b_imopenlines_event_log","0","exclude_with_reason","outside_contract_scope_v1","legacy_system_owner","requires_owner_confirmation_before_gate_d","N/A","N/A","0"
"b_imopenlines_exec_log","5","exclude_with_reason","outside_contract_scope_v1","legacy_system_owner","requires_owner_confirmation_before_gate_d","N/A","N/A","0"
"b_imopenlines_livechat","1","exclude_with_reason","outside_contract_scope_v1","legacy_system_owner","requires_owner_confirmation_before_gate_d","N/A","N/A","0"
"b_imopenlines_lock","0","exclude_with_reason","outside_contract_scope_v1","legacy_system_owner","requires_owner_confirmation_before_gate_d","N/A","N/A","0"
"b_imopenlines_log","0","exclude_with_reason","outside_contract_scope_v1","legacy_system_owner","requires_owner_confirmation_before_gate_d","N/A","N/A","0"
"b_imopenlines_operator_transfer","22436","exclude_with_reason","outside_contract_scope_v1","legacy_system_owner","requires_owner_confirmation_before_gate_d","N/A","N/A","0"
"b_imopenlines_queue","1","exclude_with_reason","outside_contract_scope_v1","legacy_system_owner","requires_owner_confirmation_before_gate_d","N/A","N/A","0"
"b_imopenlines_recent","0","exclude_with_reason","outside_contract_scope_v1","legacy_system_owner","requires_owner_confirmation_before_gate_d","N/A","N/A","0"
"b_imopenlines_rest_network_limit","1","exclude_with_reason","outside_contract_scope_v1","legacy_system_owner","requires_owner_confirmation_before_gate_d","N/A","N/A","0"
"b_imopenlines_role","3","exclude_with_reason","outside_contract_scope_v1","legacy_system_owner","requires_owner_confirmation_before_gate_d","N/A","N/A","0"
"b_imopenlines_role_access","4","exclude_with_reason","outside_contract_scope_v1","legacy_system_owner","requires_owner_confirmation_before_gate_d","N/A","N/A","0"
"b_imopenlines_role_permission","27","exclude_with_reason","outside_contract_scope_v1","legacy_system_owner","requires_owner_confirmation_before_gate_d","N/A","N/A","0"
"b_imopenlines_session","278","exclude_with_reason","outside_contract_scope_v1","legacy_system_owner","requires_owner_confirmation_before_gate_d","N/A","N/A","0"
"b_imopenlines_session_automatic_tasks","0","exclude_with_reason","outside_contract_scope_v1","legacy_system_owner","requires_owner_confirmation_before_gate_d","N/A","N/A","0"
"b_imopenlines_session_check","3","exclude_with_reason","outside_contract_scope_v1","legacy_system_owner","requires_owner_confirmation_before_gate_d","N/A","N/A","0"
"b_imopenlines_session_index","278","exclude_with_reason","outside_contract_scope_v1","legacy_system_owner","requires_owner_confirmation_before_gate_d","N/A","N/A","0"
"b_imopenlines_session_kpi_messages","334","exclude_with_reason","outside_contract_scope_v1","legacy_system_owner","requires_owner_confirmation_before_gate_d","N/A","N/A","0"
"b_imopenlines_statistic_queue","0","exclude_with_reason","outside_contract_scope_v1","legacy_system_owner","requires_owner_confirmation_before_gate_d","N/A","N/A","0"
"b_imopenlines_tracker","0","exclude_with_reason","outside_contract_scope_v1","legacy_system_owner","requires_owner_confirmation_before_gate_d","N/A","N/A","0"
"b_imopenlines_treatment_by_hour_stat","232","exclude_with_reason","outside_contract_scope_v1","legacy_system_owner","requires_owner_confirmation_before_gate_d","N/A","N/A","0"
"b_imopenlines_user_log","0","exclude_with_reason","outside_contract_scope_v1","legacy_system_owner","requires_owner_confirmation_before_gate_d","N/A","N/A","0"
"b_imopenlines_user_option","0","exclude_with_reason","outside_contract_scope_v1","legacy_system_owner","requires_owner_confirmation_before_gate_d","N/A","N/A","0"
"b_imopenlines_user_relation","189","exclude_with_reason","outside_contract_scope_v1","legacy_system_owner","requires_owner_confirmation_before_gate_d","N/A","N/A","0"
"b_intranet_custom_section","0","exclude_with_reason","outside_contract_scope_v1","legacy_system_owner","requires_owner_confirmation_before_gate_d","N/A","N/A","0"
"b_intranet_custom_section_page","0","exclude_with_reason","outside_contract_scope_v1","legacy_system_owner","requires_owner_confirmation_before_gate_d","N/A","N/A","0"
"b_intranet_dstat_day","3085","exclude_with_reason","outside_contract_scope_v1","legacy_system_owner","requires_owner_confirmation_before_gate_d","N/A","N/A","0"
"b_intranet_dstat_hour","14212","exclude_with_reason","outside_contract_scope_v1","legacy_system_owner","requires_owner_confirmation_before_gate_d","N/A","N/A","0"
"b_intranet_invitation","5","exclude_with_reason","outside_contract_scope_v1","legacy_system_owner","requires_owner_confirmation_before_gate_d","N/A","N/A","0"
"b_intranet_invitation_link","1","exclude_with_reason","outside_contract_scope_v1","legacy_system_owner","requires_owner_confirmation_before_gate_d","N/A","N/A","0"
"b_intranet_queue","0","exclude_with_reason","outside_contract_scope_v1","legacy_system_owner","requires_owner_confirmation_before_gate_d","N/A","N/A","0"
"b_intranet_sharepoint","0","exclude_with_reason","outside_contract_scope_v1","legacy_system_owner","requires_owner_confirmation_before_gate_d","N/A","N/A","0"
"b_intranet_sharepoint_field","0","exclude_with_reason","outside_contract_scope_v1","legacy_system_owner","requires_owner_confirmation_before_gate_d","N/A","N/A","0"
"b_intranet_sharepoint_log","0","exclude_with_reason","outside_contract_scope_v1","legacy_system_owner","requires_owner_confirmation_before_gate_d","N/A","N/A","0"
"b_intranet_sharepoint_queue","0","exclude_with_reason","outside_contract_scope_v1","legacy_system_owner","requires_owner_confirmation_before_gate_d","N/A","N/A","0"
"b_intranet_theme","10","exclude_with_reason","outside_contract_scope_v1","legacy_system_owner","requires_owner_confirmation_before_gate_d","N/A","N/A","0"
"b_intranet_ustat_day","6888","exclude_with_reason","outside_contract_scope_v1","legacy_system_owner","requires_owner_confirmation_before_gate_d","N/A","N/A","0"
"b_intranet_ustat_hour","12880","exclude_with_reason","outside_contract_scope_v1","legacy_system_owner","requires_owner_confirmation_before_gate_d","N/A","N/A","0"
"b_landing","31","exclude_with_reason","outside_contract_scope_v1","legacy_system_owner","requires_owner_confirmation_before_gate_d","N/A","N/A","0"
"b_landing_binding","0","exclude_with_reason","outside_contract_scope_v1","legacy_system_owner","requires_owner_confirmation_before_gate_d","N/A","N/A","0"
"b_landing_block","103","exclude_with_reason","outside_contract_scope_v1","legacy_system_owner","requires_owner_confirmation_before_gate_d","N/A","N/A","0"
"b_landing_block_favourite","0","exclude_with_reason","outside_contract_scope_v1","legacy_system_owner","requires_owner_confirmation_before_gate_d","N/A","N/A","0"
"b_landing_block_last_used","1","exclude_with_reason","outside_contract_scope_v1","legacy_system_owner","requires_owner_confirmation_before_gate_d","N/A","N/A","0"
"b_landing_chat","0","exclude_with_reason","outside_contract_scope_v1","legacy_system_owner","requires_owner_confirmation_before_gate_d","N/A","N/A","0"
"b_landing_chat_binding","0","exclude_with_reason","outside_contract_scope_v1","legacy_system_owner","requires_owner_confirmation_before_gate_d","N/A","N/A","0"
"b_landing_cookies_agreement","0","exclude_with_reason","outside_contract_scope_v1","legacy_system_owner","requires_owner_confirmation_before_gate_d","N/A","N/A","0"
"b_landing_copilot_generations","0","exclude_with_reason","outside_contract_scope_v1","legacy_system_owner","requires_owner_confirmation_before_gate_d","N/A","N/A","0"
"b_landing_copilot_request_to_entities","0","exclude_with_reason","outside_contract_scope_v1","legacy_system_owner","requires_owner_confirmation_before_gate_d","N/A","N/A","0"
"b_landing_copilot_request_to_step","0","exclude_with_reason","outside_contract_scope_v1","legacy_system_owner","requires_owner_confirmation_before_gate_d","N/A","N/A","0"
"b_landing_copilot_requests","0","exclude_with_reason","outside_contract_scope_v1","legacy_system_owner","requires_owner_confirmation_before_gate_d","N/A","N/A","0"
"b_landing_copilot_site_to_chat","0","exclude_with_reason","outside_contract_scope_v1","legacy_system_owner","requires_owner_confirmation_before_gate_d","N/A","N/A","0"
"b_landing_copilot_steps","0","exclude_with_reason","outside_contract_scope_v1","legacy_system_owner","requires_owner_confirmation_before_gate_d","N/A","N/A","0"
"b_landing_demo","0","exclude_with_reason","outside_contract_scope_v1","legacy_system_owner","requires_owner_confirmation_before_gate_d","N/A","N/A","0"
"b_landing_designer_repo","0","exclude_with_reason","outside_contract_scope_v1","legacy_system_owner","requires_owner_confirmation_before_gate_d","N/A","N/A","0"
"b_landing_domain","4","exclude_with_reason","outside_contract_scope_v1","legacy_system_owner","requires_owner_confirmation_before_gate_d","N/A","N/A","0"
"b_landing_entity_lock","5","exclude_with_reason","outside_contract_scope_v1","legacy_system_owner","requires_owner_confirmation_before_gate_d","N/A","N/A","0"
"b_landing_entity_rights","21","exclude_with_reason","outside_contract_scope_v1","legacy_system_owner","requires_owner_confirmation_before_gate_d","N/A","N/A","0"
"b_landing_file","34","exclude_with_reason","outside_contract_scope_v1","legacy_system_owner","requires_owner_confirmation_before_gate_d","N/A","N/A","0"
"b_landing_filter_block","0","exclude_with_reason","outside_contract_scope_v1","legacy_system_owner","requires_owner_confirmation_before_gate_d","N/A","N/A","0"
"b_landing_filter_entity","0","exclude_with_reason","outside_contract_scope_v1","legacy_system_owner","requires_owner_confirmation_before_gate_d","N/A","N/A","0"
"b_landing_folder","1","exclude_with_reason","outside_contract_scope_v1","legacy_system_owner","requires_owner_confirmation_before_gate_d","N/A","N/A","0"
"b_landing_history","14","exclude_with_reason","outside_contract_scope_v1","legacy_system_owner","requires_owner_confirmation_before_gate_d","N/A","N/A","0"
"b_landing_history_step","7","exclude_with_reason","outside_contract_scope_v1","legacy_system_owner","requires_owner_confirmation_before_gate_d","N/A","N/A","0"
"b_landing_hook_data","296","exclude_with_reason","outside_contract_scope_v1","legacy_system_owner","requires_owner_confirmation_before_gate_d","N/A","N/A","0"
"b_landing_placement","0","exclude_with_reason","outside_contract_scope_v1","legacy_system_owner","requires_owner_confirmation_before_gate_d","N/A","N/A","0"
"b_landing_repo","0","exclude_with_reason","outside_contract_scope_v1","legacy_system_owner","requires_owner_confirmation_before_gate_d","N/A","N/A","0"
"b_landing_role","4","exclude_with_reason","outside_contract_scope_v1","legacy_system_owner","requires_owner_confirmation_before_gate_d","N/A","N/A","0"
"b_landing_site","5","exclude_with_reason","outside_contract_scope_v1","legacy_system_owner","requires_owner_confirmation_before_gate_d","N/A","N/A","0"
"b_landing_syspage","3","exclude_with_reason","outside_contract_scope_v1","legacy_system_owner","requires_owner_confirmation_before_gate_d","N/A","N/A","0"
"b_landing_template","7","exclude_with_reason","outside_contract_scope_v1","legacy_system_owner","requires_owner_confirmation_before_gate_d","N/A","N/A","0"
"b_landing_template_ref","10","exclude_with_reason","outside_contract_scope_v1","legacy_system_owner","requires_owner_confirmation_before_gate_d","N/A","N/A","0"
"b_landing_update_block","0","exclude_with_reason","outside_contract_scope_v1","legacy_system_owner","requires_owner_confirmation_before_gate_d","N/A","N/A","0"
"b_landing_urlchecker_host","0","exclude_with_reason","outside_contract_scope_v1","legacy_system_owner","requires_owner_confirmation_before_gate_d","N/A","N/A","0"
"b_landing_urlchecker_status","0","exclude_with_reason","outside_contract_scope_v1","legacy_system_owner","requires_owner_confirmation_before_gate_d","N/A","N/A","0"
"b_landing_urlchecker_whitelist","0","exclude_with_reason","outside_contract_scope_v1","legacy_system_owner","requires_owner_confirmation_before_gate_d","N/A","N/A","0"
"b_landing_urlrewrite","0","exclude_with_reason","outside_contract_scope_v1","legacy_system_owner","requires_owner_confirmation_before_gate_d","N/A","N/A","0"
"b_landing_view","1","exclude_with_reason","outside_contract_scope_v1","legacy_system_owner","requires_owner_confirmation_before_gate_d","N/A","N/A","0"
"b_lang","1","exclude_with_reason","outside_contract_scope_v1","legacy_system_owner","requires_owner_confirmation_before_gate_d","N/A","N/A","0"
"b_lang_domain","0","exclude_with_reason","outside_contract_scope_v1","legacy_system_owner","requires_owner_confirmation_before_gate_d","N/A","N/A","0"
"b_language","2","exclude_with_reason","outside_contract_scope_v1","legacy_system_owner","requires_owner_confirmation_before_gate_d","N/A","N/A","0"
"b_ldap_group","0","exclude_with_reason","outside_contract_scope_v1","legacy_system_owner","requires_owner_confirmation_before_gate_d","N/A","N/A","0"
"b_ldap_server","0","exclude_with_reason","outside_contract_scope_v1","legacy_system_owner","requires_owner_confirmation_before_gate_d","N/A","N/A","0"
"b_learn_answer","0","exclude_with_reason","outside_contract_scope_v1","legacy_system_owner","requires_owner_confirmation_before_gate_d","N/A","N/A","0"
"b_learn_attempt","0","exclude_with_reason","outside_contract_scope_v1","legacy_system_owner","requires_owner_confirmation_before_gate_d","N/A","N/A","0"
"b_learn_certification","0","exclude_with_reason","outside_contract_scope_v1","legacy_system_owner","requires_owner_confirmation_before_gate_d","N/A","N/A","0"
"b_learn_chapter","0","exclude_with_reason","outside_contract_scope_v1","legacy_system_owner","requires_owner_confirmation_before_gate_d","N/A","N/A","0"
"b_learn_course","0","exclude_with_reason","outside_contract_scope_v1","legacy_system_owner","requires_owner_confirmation_before_gate_d","N/A","N/A","0"
"b_learn_course_site","0","exclude_with_reason","outside_contract_scope_v1","legacy_system_owner","requires_owner_confirmation_before_gate_d","N/A","N/A","0"
"b_learn_exceptions_log","0","exclude_with_reason","outside_contract_scope_v1","legacy_system_owner","requires_owner_confirmation_before_gate_d","N/A","N/A","0"
"b_learn_gradebook","0","exclude_with_reason","outside_contract_scope_v1","legacy_system_owner","requires_owner_confirmation_before_gate_d","N/A","N/A","0"
"b_learn_groups","0","exclude_with_reason","outside_contract_scope_v1","legacy_system_owner","requires_owner_confirmation_before_gate_d","N/A","N/A","0"
"b_learn_groups_lesson","0","exclude_with_reason","outside_contract_scope_v1","legacy_system_owner","requires_owner_confirmation_before_gate_d","N/A","N/A","0"
"b_learn_groups_member","0","exclude_with_reason","outside_contract_scope_v1","legacy_system_owner","requires_owner_confirmation_before_gate_d","N/A","N/A","0"
"b_learn_lesson","0","exclude_with_reason","outside_contract_scope_v1","legacy_system_owner","requires_owner_confirmation_before_gate_d","N/A","N/A","0"
"b_learn_lesson_edges","0","exclude_with_reason","outside_contract_scope_v1","legacy_system_owner","requires_owner_confirmation_before_gate_d","N/A","N/A","0"
"b_learn_publish_prohibition","0","exclude_with_reason","outside_contract_scope_v1","legacy_system_owner","requires_owner_confirmation_before_gate_d","N/A","N/A","0"
"b_learn_question","0","exclude_with_reason","outside_contract_scope_v1","legacy_system_owner","requires_owner_confirmation_before_gate_d","N/A","N/A","0"
"b_learn_rights","0","exclude_with_reason","outside_contract_scope_v1","legacy_system_owner","requires_owner_confirmation_before_gate_d","N/A","N/A","0"
"b_learn_rights_all","4","exclude_with_reason","outside_contract_scope_v1","legacy_system_owner","requires_owner_confirmation_before_gate_d","N/A","N/A","0"
"b_learn_site_path","4","exclude_with_reason","outside_contract_scope_v1","legacy_system_owner","requires_owner_confirmation_before_gate_d","N/A","N/A","0"
"b_learn_student","14","exclude_with_reason","outside_contract_scope_v1","legacy_system_owner","requires_owner_confirmation_before_gate_d","N/A","N/A","0"
"b_learn_test","0","exclude_with_reason","outside_contract_scope_v1","legacy_system_owner","requires_owner_confirmation_before_gate_d","N/A","N/A","0"
"b_learn_test_mark","0","exclude_with_reason","outside_contract_scope_v1","legacy_system_owner","requires_owner_confirmation_before_gate_d","N/A","N/A","0"
"b_learn_test_result","0","exclude_with_reason","outside_contract_scope_v1","legacy_system_owner","requires_owner_confirmation_before_gate_d","N/A","N/A","0"
"b_list_rubric","0","exclude_with_reason","outside_contract_scope_v1","legacy_system_owner","requires_owner_confirmation_before_gate_d","N/A","N/A","0"
"b_lists_field","51","exclude_with_reason","outside_contract_scope_v1","legacy_system_owner","requires_owner_confirmation_before_gate_d","N/A","N/A","0"
"b_lists_permission","4","exclude_with_reason","outside_contract_scope_v1","legacy_system_owner","requires_owner_confirmation_before_gate_d","N/A","N/A","0"
"b_lists_socnet_group","0","exclude_with_reason","outside_contract_scope_v1","legacy_system_owner","requires_owner_confirmation_before_gate_d","N/A","N/A","0"
"b_lists_url","8","exclude_with_reason","outside_contract_scope_v1","legacy_system_owner","requires_owner_confirmation_before_gate_d","N/A","N/A","0"
"b_location","0","exclude_with_reason","outside_contract_scope_v1","legacy_system_owner","requires_owner_confirmation_before_gate_d","N/A","N/A","0"
"b_location_addr_fld","2245","exclude_with_reason","outside_contract_scope_v1","legacy_system_owner","requires_owner_confirmation_before_gate_d","N/A","N/A","0"
"b_location_addr_link","442","exclude_with_reason","outside_contract_scope_v1","legacy_system_owner","requires_owner_confirmation_before_gate_d","N/A","N/A","0"
"b_location_address","516","exclude_with_reason","outside_contract_scope_v1","legacy_system_owner","requires_owner_confirmation_before_gate_d","N/A","N/A","0"
"b_location_area","6","exclude_with_reason","outside_contract_scope_v1","legacy_system_owner","requires_owner_confirmation_before_gate_d","N/A","N/A","0"
"b_location_field","0","exclude_with_reason","outside_contract_scope_v1","legacy_system_owner","requires_owner_confirmation_before_gate_d","N/A","N/A","0"
"b_location_hierarchy","0","exclude_with_reason","outside_contract_scope_v1","legacy_system_owner","requires_owner_confirmation_before_gate_d","N/A","N/A","0"
"b_location_name","0","exclude_with_reason","outside_contract_scope_v1","legacy_system_owner","requires_owner_confirmation_before_gate_d","N/A","N/A","0"
"b_location_recent_address","0","exclude_with_reason","outside_contract_scope_v1","legacy_system_owner","requires_owner_confirmation_before_gate_d","N/A","N/A","0"
"b_location_source","2","exclude_with_reason","outside_contract_scope_v1","legacy_system_owner","requires_owner_confirmation_before_gate_d","N/A","N/A","0"
"b_location_static_map_file","0","exclude_with_reason","outside_contract_scope_v1","legacy_system_owner","requires_owner_confirmation_before_gate_d","N/A","N/A","0"
"b_log_notification","0","exclude_with_reason","outside_contract_scope_v1","legacy_system_owner","requires_owner_confirmation_before_gate_d","N/A","N/A","0"
"b_log_notification_action","0","exclude_with_reason","outside_contract_scope_v1","legacy_system_owner","requires_owner_confirmation_before_gate_d","N/A","N/A","0"
"b_mail_blacklist","0","exclude_with_reason","outside_contract_scope_v1","legacy_system_owner","requires_owner_confirmation_before_gate_d","N/A","N/A","0"
"b_mail_contact","714","exclude_with_reason","outside_contract_scope_v1","legacy_system_owner","requires_owner_confirmation_before_gate_d","N/A","N/A","0"
"b_mail_counter","0","exclude_with_reason","outside_contract_scope_v1","legacy_system_owner","requires_owner_confirmation_before_gate_d","N/A","N/A","0"
"b_mail_domain_email","0","exclude_with_reason","outside_contract_scope_v1","legacy_system_owner","requires_owner_confirmation_before_gate_d","N/A","N/A","0"
"b_mail_entity_options","0","exclude_with_reason","outside_contract_scope_v1","legacy_system_owner","requires_owner_confirmation_before_gate_d","N/A","N/A","0"
"b_mail_filter","0","exclude_with_reason","outside_contract_scope_v1","legacy_system_owner","requires_owner_confirmation_before_gate_d","N/A","N/A","0"
"b_mail_filter_cond","0","exclude_with_reason","outside_contract_scope_v1","legacy_system_owner","requires_owner_confirmation_before_gate_d","N/A","N/A","0"
"b_mail_log","0","exclude_with_reason","outside_contract_scope_v1","legacy_system_owner","requires_owner_confirmation_before_gate_d","N/A","N/A","0"
"b_mail_mailbox","0","exclude_with_reason","outside_contract_scope_v1","legacy_system_owner","requires_owner_confirmation_before_gate_d","N/A","N/A","0"
"b_mail_mailbox_access","0","exclude_with_reason","outside_contract_scope_v1","legacy_system_owner","requires_owner_confirmation_before_gate_d","N/A","N/A","0"
"b_mail_mailbox_dir","0","exclude_with_reason","outside_contract_scope_v1","legacy_system_owner","requires_owner_confirmation_before_gate_d","N/A","N/A","0"
"b_mail_mailservices","10","exclude_with_reason","outside_contract_scope_v1","legacy_system_owner","requires_owner_confirmation_before_gate_d","N/A","N/A","0"
"b_mail_message","0","exclude_with_reason","outside_contract_scope_v1","legacy_system_owner","requires_owner_confirmation_before_gate_d","N/A","N/A","0"
"b_mail_message_access","0","exclude_with_reason","outside_contract_scope_v1","legacy_system_owner","requires_owner_confirmation_before_gate_d","N/A","N/A","0"
"b_mail_message_closure","0","exclude_with_reason","outside_contract_scope_v1","legacy_system_owner","requires_owner_confirmation_before_gate_d","N/A","N/A","0"
"b_mail_message_delete_queue","0","exclude_with_reason","outside_contract_scope_v1","legacy_system_owner","requires_owner_confirmation_before_gate_d","N/A","N/A","0"
"b_mail_message_uid","0","exclude_with_reason","outside_contract_scope_v1","legacy_system_owner","requires_owner_confirmation_before_gate_d","N/A","N/A","0"
"b_mail_message_upload_queue","0","exclude_with_reason","outside_contract_scope_v1","legacy_system_owner","requires_owner_confirmation_before_gate_d","N/A","N/A","0"
"b_mail_msg_attachment","0","exclude_with_reason","outside_contract_scope_v1","legacy_system_owner","requires_owner_confirmation_before_gate_d","N/A","N/A","0"
"b_mail_oauth","0","exclude_with_reason","outside_contract_scope_v1","legacy_system_owner","requires_owner_confirmation_before_gate_d","N/A","N/A","0"
"b_mail_spam_weight","0","exclude_with_reason","outside_contract_scope_v1","legacy_system_owner","requires_owner_confirmation_before_gate_d","N/A","N/A","0"
"b_mail_user_message","0","exclude_with_reason","outside_contract_scope_v1","legacy_system_owner","requires_owner_confirmation_before_gate_d","N/A","N/A","0"
"b_mail_user_relations","0","exclude_with_reason","outside_contract_scope_v1","legacy_system_owner","requires_owner_confirmation_before_gate_d","N/A","N/A","0"
"b_mail_user_signature","8","exclude_with_reason","outside_contract_scope_v1","legacy_system_owner","requires_owner_confirmation_before_gate_d","N/A","N/A","0"
"b_main_mail_blacklist","0","exclude_with_reason","outside_contract_scope_v1","legacy_system_owner","requires_owner_confirmation_before_gate_d","N/A","N/A","0"
"b_main_mail_sender","0","exclude_with_reason","outside_contract_scope_v1","legacy_system_owner","requires_owner_confirmation_before_gate_d","N/A","N/A","0"
"b_main_mail_sender_send_counter","0","exclude_with_reason","outside_contract_scope_v1","legacy_system_owner","requires_owner_confirmation_before_gate_d","N/A","N/A","0"
"b_main_messenger_message","0","exclude_with_reason","outside_contract_scope_v1","legacy_system_owner","requires_owner_confirmation_before_gate_d","N/A","N/A","0"
"b_market_app_favorites","7","exclude_with_reason","outside_contract_scope_v1","legacy_system_owner","requires_owner_confirmation_before_gate_d","N/A","N/A","0"
"b_market_tag","26","exclude_with_reason","outside_contract_scope_v1","legacy_system_owner","requires_owner_confirmation_before_gate_d","N/A","N/A","0"
"b_medialib_collection","3","exclude_with_reason","outside_contract_scope_v1","legacy_system_owner","requires_owner_confirmation_before_gate_d","N/A","N/A","0"
"b_medialib_collection_item","14","exclude_with_reason","outside_contract_scope_v1","legacy_system_owner","requires_owner_confirmation_before_gate_d","N/A","N/A","0"
"b_medialib_item","10","exclude_with_reason","outside_contract_scope_v1","legacy_system_owner","requires_owner_confirmation_before_gate_d","N/A","N/A","0"
"b_medialib_type","3","exclude_with_reason","outside_contract_scope_v1","legacy_system_owner","requires_owner_confirmation_before_gate_d","N/A","N/A","0"
"b_meeting","1","exclude_with_reason","outside_contract_scope_v1","legacy_system_owner","requires_owner_confirmation_before_gate_d","N/A","N/A","0"
"b_meeting_files","0","exclude_with_reason","outside_contract_scope_v1","legacy_system_owner","requires_owner_confirmation_before_gate_d","N/A","N/A","0"
"b_meeting_instance","3","exclude_with_reason","outside_contract_scope_v1","legacy_system_owner","requires_owner_confirmation_before_gate_d","N/A","N/A","0"
"b_meeting_instance_users","0","exclude_with_reason","outside_contract_scope_v1","legacy_system_owner","requires_owner_confirmation_before_gate_d","N/A","N/A","0"
"b_meeting_item","3","exclude_with_reason","outside_contract_scope_v1","legacy_system_owner","requires_owner_confirmation_before_gate_d","N/A","N/A","0"
"b_meeting_item_files","0","exclude_with_reason","outside_contract_scope_v1","legacy_system_owner","requires_owner_confirmation_before_gate_d","N/A","N/A","0"
"b_meeting_item_tasks","0","exclude_with_reason","outside_contract_scope_v1","legacy_system_owner","requires_owner_confirmation_before_gate_d","N/A","N/A","0"
"b_meeting_reports","0","exclude_with_reason","outside_contract_scope_v1","legacy_system_owner","requires_owner_confirmation_before_gate_d","N/A","N/A","0"
"b_meeting_reports_files","0","exclude_with_reason","outside_contract_scope_v1","legacy_system_owner","requires_owner_confirmation_before_gate_d","N/A","N/A","0"
"b_meeting_users","1","exclude_with_reason","outside_contract_scope_v1","legacy_system_owner","requires_owner_confirmation_before_gate_d","N/A","N/A","0"
"b_messageservice_channel","0","exclude_with_reason","outside_contract_scope_v1","legacy_system_owner","requires_owner_confirmation_before_gate_d","N/A","N/A","0"
"b_messageservice_incoming_message","0","exclude_with_reason","outside_contract_scope_v1","legacy_system_owner","requires_owner_confirmation_before_gate_d","N/A","N/A","0"
"b_messageservice_message","0","exclude_with_reason","outside_contract_scope_v1","legacy_system_owner","requires_owner_confirmation_before_gate_d","N/A","N/A","0"
"b_messageservice_rest_app","0","exclude_with_reason","outside_contract_scope_v1","legacy_system_owner","requires_owner_confirmation_before_gate_d","N/A","N/A","0"
"b_messageservice_rest_app_lang","0","exclude_with_reason","outside_contract_scope_v1","legacy_system_owner","requires_owner_confirmation_before_gate_d","N/A","N/A","0"
"b_messageservice_restriction","0","exclude_with_reason","outside_contract_scope_v1","legacy_system_owner","requires_owner_confirmation_before_gate_d","N/A","N/A","0"
"b_messageservice_template","0","exclude_with_reason","outside_contract_scope_v1","legacy_system_owner","requires_owner_confirmation_before_gate_d","N/A","N/A","0"
"b_mobileapp_app","0","exclude_with_reason","outside_contract_scope_v1","legacy_system_owner","requires_owner_confirmation_before_gate_d","N/A","N/A","0"
"b_mobileapp_config","0","exclude_with_reason","outside_contract_scope_v1","legacy_system_owner","requires_owner_confirmation_before_gate_d","N/A","N/A","0"
"b_module","91","exclude_with_reason","outside_contract_scope_v1","legacy_system_owner","requires_owner_confirmation_before_gate_d","N/A","N/A","0"
"b_module_group","22","exclude_with_reason","outside_contract_scope_v1","legacy_system_owner","requires_owner_confirmation_before_gate_d","N/A","N/A","0"
"b_module_to_module","1724","exclude_with_reason","outside_contract_scope_v1","legacy_system_owner","requires_owner_confirmation_before_gate_d","N/A","N/A","0"
"b_numerator","19","exclude_with_reason","outside_contract_scope_v1","legacy_system_owner","requires_owner_confirmation_before_gate_d","N/A","N/A","0"
"b_numerator_sequence","3","exclude_with_reason","outside_contract_scope_v1","legacy_system_owner","requires_owner_confirmation_before_gate_d","N/A","N/A","0"
"b_operation","222","exclude_with_reason","outside_contract_scope_v1","legacy_system_owner","requires_owner_confirmation_before_gate_d","N/A","N/A","0"
"b_option","809","exclude_with_reason","outside_contract_scope_v1","legacy_system_owner","requires_owner_confirmation_before_gate_d","N/A","N/A","0"
"b_option_site","90","exclude_with_reason","outside_contract_scope_v1","legacy_system_owner","requires_owner_confirmation_before_gate_d","N/A","N/A","0"
"b_perf_cache","0","exclude_with_reason","outside_contract_scope_v1","legacy_system_owner","requires_owner_confirmation_before_gate_d","N/A","N/A","0"
"b_perf_cache_hitrate","0","exclude_with_reason","outside_contract_scope_v1","legacy_system_owner","requires_owner_confirmation_before_gate_d","N/A","N/A","0"
"b_perf_cluster","0","exclude_with_reason","outside_contract_scope_v1","legacy_system_owner","requires_owner_confirmation_before_gate_d","N/A","N/A","0"
"b_perf_component","0","exclude_with_reason","outside_contract_scope_v1","legacy_system_owner","requires_owner_confirmation_before_gate_d","N/A","N/A","0"
"b_perf_error","0","exclude_with_reason","outside_contract_scope_v1","legacy_system_owner","requires_owner_confirmation_before_gate_d","N/A","N/A","0"
"b_perf_history","0","exclude_with_reason","outside_contract_scope_v1","legacy_system_owner","requires_owner_confirmation_before_gate_d","N/A","N/A","0"
"b_perf_hit","0","exclude_with_reason","outside_contract_scope_v1","legacy_system_owner","requires_owner_confirmation_before_gate_d","N/A","N/A","0"
"b_perf_index_ban","0","exclude_with_reason","outside_contract_scope_v1","legacy_system_owner","requires_owner_confirmation_before_gate_d","N/A","N/A","0"
"b_perf_index_complete","0","exclude_with_reason","outside_contract_scope_v1","legacy_system_owner","requires_owner_confirmation_before_gate_d","N/A","N/A","0"
"b_perf_index_suggest","0","exclude_with_reason","outside_contract_scope_v1","legacy_system_owner","requires_owner_confirmation_before_gate_d","N/A","N/A","0"
"b_perf_index_suggest_sql","0","exclude_with_reason","outside_contract_scope_v1","legacy_system_owner","requires_owner_confirmation_before_gate_d","N/A","N/A","0"
"b_perf_sql","0","exclude_with_reason","outside_contract_scope_v1","legacy_system_owner","requires_owner_confirmation_before_gate_d","N/A","N/A","0"
"b_perf_sql_backtrace","0","exclude_with_reason","outside_contract_scope_v1","legacy_system_owner","requires_owner_confirmation_before_gate_d","N/A","N/A","0"
"b_perf_tab_column_stat","0","exclude_with_reason","outside_contract_scope_v1","legacy_system_owner","requires_owner_confirmation_before_gate_d","N/A","N/A","0"
"b_perf_tab_stat","0","exclude_with_reason","outside_contract_scope_v1","legacy_system_owner","requires_owner_confirmation_before_gate_d","N/A","N/A","0"
"b_perf_table","0","exclude_with_reason","outside_contract_scope_v1","legacy_system_owner","requires_owner_confirmation_before_gate_d","N/A","N/A","0"
"b_perf_test","0","exclude_with_reason","outside_contract_scope_v1","legacy_system_owner","requires_owner_confirmation_before_gate_d","N/A","N/A","0"
"b_posting","0","exclude_with_reason","outside_contract_scope_v1","legacy_system_owner","requires_owner_confirmation_before_gate_d","N/A","N/A","0"
"b_posting_email","0","exclude_with_reason","outside_contract_scope_v1","legacy_system_owner","requires_owner_confirmation_before_gate_d","N/A","N/A","0"
"b_posting_file","0","exclude_with_reason","outside_contract_scope_v1","legacy_system_owner","requires_owner_confirmation_before_gate_d","N/A","N/A","0"
"b_posting_group","0","exclude_with_reason","outside_contract_scope_v1","legacy_system_owner","requires_owner_confirmation_before_gate_d","N/A","N/A","0"
"b_posting_rubric","0","exclude_with_reason","outside_contract_scope_v1","legacy_system_owner","requires_owner_confirmation_before_gate_d","N/A","N/A","0"
"b_pull_channel","15","exclude_with_reason","outside_contract_scope_v1","legacy_system_owner","requires_owner_confirmation_before_gate_d","N/A","N/A","0"
"b_pull_push","6","exclude_with_reason","outside_contract_scope_v1","legacy_system_owner","requires_owner_confirmation_before_gate_d","N/A","N/A","0"
"b_pull_push_queue","0","exclude_with_reason","outside_contract_scope_v1","legacy_system_owner","requires_owner_confirmation_before_gate_d","N/A","N/A","0"
"b_pull_stack","0","exclude_with_reason","outside_contract_scope_v1","legacy_system_owner","requires_owner_confirmation_before_gate_d","N/A","N/A","0"
"b_pull_watch","107","exclude_with_reason","outside_contract_scope_v1","legacy_system_owner","requires_owner_confirmation_before_gate_d","N/A","N/A","0"
"b_rating","2","exclude_with_reason","outside_contract_scope_v1","legacy_system_owner","requires_owner_confirmation_before_gate_d","N/A","N/A","0"
"b_rating_component","8","exclude_with_reason","outside_contract_scope_v1","legacy_system_owner","requires_owner_confirmation_before_gate_d","N/A","N/A","0"
"b_rating_component_results","25","exclude_with_reason","outside_contract_scope_v1","legacy_system_owner","requires_owner_confirmation_before_gate_d","N/A","N/A","0"
"b_rating_prepare","12","exclude_with_reason","outside_contract_scope_v1","legacy_system_owner","requires_owner_confirmation_before_gate_d","N/A","N/A","0"
"b_rating_results","40","exclude_with_reason","outside_contract_scope_v1","legacy_system_owner","requires_owner_confirmation_before_gate_d","N/A","N/A","0"
"b_rating_rule","6","exclude_with_reason","outside_contract_scope_v1","legacy_system_owner","requires_owner_confirmation_before_gate_d","N/A","N/A","0"
"b_rating_rule_vetting","0","exclude_with_reason","outside_contract_scope_v1","legacy_system_owner","requires_owner_confirmation_before_gate_d","N/A","N/A","0"
"b_rating_subordinate","22","exclude_with_reason","outside_contract_scope_v1","legacy_system_owner","requires_owner_confirmation_before_gate_d","N/A","N/A","0"
"b_rating_user","40","exclude_with_reason","outside_contract_scope_v1","legacy_system_owner","requires_owner_confirmation_before_gate_d","N/A","N/A","0"
"b_rating_vote","0","exclude_with_reason","outside_contract_scope_v1","legacy_system_owner","requires_owner_confirmation_before_gate_d","N/A","N/A","0"
"b_rating_vote_group","6","exclude_with_reason","outside_contract_scope_v1","legacy_system_owner","requires_owner_confirmation_before_gate_d","N/A","N/A","0"
"b_rating_voting","0","exclude_with_reason","outside_contract_scope_v1","legacy_system_owner","requires_owner_confirmation_before_gate_d","N/A","N/A","0"
"b_rating_voting_prepare","0","exclude_with_reason","outside_contract_scope_v1","legacy_system_owner","requires_owner_confirmation_before_gate_d","N/A","N/A","0"
"b_rating_voting_reaction","0","exclude_with_reason","outside_contract_scope_v1","legacy_system_owner","requires_owner_confirmation_before_gate_d","N/A","N/A","0"
"b_rating_weight","1","exclude_with_reason","outside_contract_scope_v1","legacy_system_owner","requires_owner_confirmation_before_gate_d","N/A","N/A","0"
"b_recyclebin","660","exclude_with_reason","outside_contract_scope_v1","legacy_system_owner","requires_owner_confirmation_before_gate_d","N/A","N/A","0"
"b_recyclebin_data","1639","exclude_with_reason","outside_contract_scope_v1","legacy_system_owner","requires_owner_confirmation_before_gate_d","N/A","N/A","0"
"b_recyclebin_files","7","exclude_with_reason","outside_contract_scope_v1","legacy_system_owner","requires_owner_confirmation_before_gate_d","N/A","N/A","0"
"b_report","73","exclude_with_reason","outside_contract_scope_v1","legacy_system_owner","requires_owner_confirmation_before_gate_d","N/A","N/A","0"
"b_report_sharing","0","exclude_with_reason","outside_contract_scope_v1","legacy_system_owner","requires_owner_confirmation_before_gate_d","N/A","N/A","0"
"b_report_visual_report_configuration","987","exclude_with_reason","outside_contract_scope_v1","legacy_system_owner","requires_owner_confirmation_before_gate_d","N/A","N/A","0"
"b_report_visual_report_dashboard","16","exclude_with_reason","outside_contract_scope_v1","legacy_system_owner","requires_owner_confirmation_before_gate_d","N/A","N/A","0"
"b_report_visual_report_dashboard_row","31","exclude_with_reason","outside_contract_scope_v1","legacy_system_owner","requires_owner_confirmation_before_gate_d","N/A","N/A","0"
"b_report_visual_report_entity","92","exclude_with_reason","outside_contract_scope_v1","legacy_system_owner","requires_owner_confirmation_before_gate_d","N/A","N/A","0"
"b_report_visual_report_entity_config","794","exclude_with_reason","outside_contract_scope_v1","legacy_system_owner","requires_owner_confirmation_before_gate_d","N/A","N/A","0"
"b_report_visual_report_widget","45","exclude_with_reason","outside_contract_scope_v1","legacy_system_owner","requires_owner_confirmation_before_gate_d","N/A","N/A","0"
"b_report_visual_report_widget_config","193","exclude_with_reason","outside_contract_scope_v1","legacy_system_owner","requires_owner_confirmation_before_gate_d","N/A","N/A","0"
"b_rest_ap","10","exclude_with_reason","outside_contract_scope_v1","legacy_system_owner","requires_owner_confirmation_before_gate_d","N/A","N/A","0"
"b_rest_ap_permission","15","exclude_with_reason","outside_contract_scope_v1","legacy_system_owner","requires_owner_confirmation_before_gate_d","N/A","N/A","0"
"b_rest_app","50","exclude_with_reason","outside_contract_scope_v1","legacy_system_owner","requires_owner_confirmation_before_gate_d","N/A","N/A","0"
"b_rest_app_lang","15","exclude_with_reason","outside_contract_scope_v1","legacy_system_owner","requires_owner_confirmation_before_gate_d","N/A","N/A","0"
"b_rest_app_log","254","exclude_with_reason","outside_contract_scope_v1","legacy_system_owner","requires_owner_confirmation_before_gate_d","N/A","N/A","0"
"b_rest_configuration_storage","0","exclude_with_reason","outside_contract_scope_v1","legacy_system_owner","requires_owner_confirmation_before_gate_d","N/A","N/A","0"
"b_rest_event","28","exclude_with_reason","outside_contract_scope_v1","legacy_system_owner","requires_owner_confirmation_before_gate_d","N/A","N/A","0"
"b_rest_event_offline","0","exclude_with_reason","outside_contract_scope_v1","legacy_system_owner","requires_owner_confirmation_before_gate_d","N/A","N/A","0"
"b_rest_free_app","1421","exclude_with_reason","outside_contract_scope_v1","legacy_system_owner","requires_owner_confirmation_before_gate_d","N/A","N/A","0"
"b_rest_integration","10","exclude_with_reason","outside_contract_scope_v1","legacy_system_owner","requires_owner_confirmation_before_gate_d","N/A","N/A","0"
"b_rest_log","0","exclude_with_reason","outside_contract_scope_v1","legacy_system_owner","requires_owner_confirmation_before_gate_d","N/A","N/A","0"
"b_rest_owner_entity","0","exclude_with_reason","outside_contract_scope_v1","legacy_system_owner","requires_owner_confirmation_before_gate_d","N/A","N/A","0"
"b_rest_placement","13","exclude_with_reason","outside_contract_scope_v1","legacy_system_owner","requires_owner_confirmation_before_gate_d","N/A","N/A","0"
"b_rest_placement_lang","11","exclude_with_reason","outside_contract_scope_v1","legacy_system_owner","requires_owner_confirmation_before_gate_d","N/A","N/A","0"
"b_rest_stat","0","exclude_with_reason","outside_contract_scope_v1","legacy_system_owner","requires_owner_confirmation_before_gate_d","N/A","N/A","0"
"b_rest_stat_app","0","exclude_with_reason","outside_contract_scope_v1","legacy_system_owner","requires_owner_confirmation_before_gate_d","N/A","N/A","0"
"b_rest_stat_method","0","exclude_with_reason","outside_contract_scope_v1","legacy_system_owner","requires_owner_confirmation_before_gate_d","N/A","N/A","0"
"b_rest_usage_entity","479","exclude_with_reason","outside_contract_scope_v1","legacy_system_owner","requires_owner_confirmation_before_gate_d","N/A","N/A","0"
"b_rest_usage_stat","2656","exclude_with_reason","outside_contract_scope_v1","legacy_system_owner","requires_owner_confirmation_before_gate_d","N/A","N/A","0"
"b_rpa_field","0","exclude_with_reason","outside_contract_scope_v1","legacy_system_owner","requires_owner_confirmation_before_gate_d","N/A","N/A","0"
"b_rpa_item_history","0","exclude_with_reason","outside_contract_scope_v1","legacy_system_owner","requires_owner_confirmation_before_gate_d","N/A","N/A","0"
"b_rpa_item_history_fields","0","exclude_with_reason","outside_contract_scope_v1","legacy_system_owner","requires_owner_confirmation_before_gate_d","N/A","N/A","0"
"b_rpa_item_sort","0","exclude_with_reason","outside_contract_scope_v1","legacy_system_owner","requires_owner_confirmation_before_gate_d","N/A","N/A","0"
"b_rpa_permission","0","exclude_with_reason","outside_contract_scope_v1","legacy_system_owner","requires_owner_confirmation_before_gate_d","N/A","N/A","0"
"b_rpa_stage","0","exclude_with_reason","outside_contract_scope_v1","legacy_system_owner","requires_owner_confirmation_before_gate_d","N/A","N/A","0"
"b_rpa_stage_to_stage","0","exclude_with_reason","outside_contract_scope_v1","legacy_system_owner","requires_owner_confirmation_before_gate_d","N/A","N/A","0"
"b_rpa_timeline","0","exclude_with_reason","outside_contract_scope_v1","legacy_system_owner","requires_owner_confirmation_before_gate_d","N/A","N/A","0"
"b_rpa_type","0","exclude_with_reason","outside_contract_scope_v1","legacy_system_owner","requires_owner_confirmation_before_gate_d","N/A","N/A","0"
"b_sale_affiliate","0","exclude_with_reason","outside_contract_scope_v1","legacy_system_owner","requires_owner_confirmation_before_gate_d","N/A","N/A","0"
"b_sale_affiliate_plan","0","exclude_with_reason","outside_contract_scope_v1","legacy_system_owner","requires_owner_confirmation_before_gate_d","N/A","N/A","0"
"b_sale_affiliate_plan_section","0","exclude_with_reason","outside_contract_scope_v1","legacy_system_owner","requires_owner_confirmation_before_gate_d","N/A","N/A","0"
"b_sale_affiliate_tier","0","exclude_with_reason","outside_contract_scope_v1","legacy_system_owner","requires_owner_confirmation_before_gate_d","N/A","N/A","0"
"b_sale_affiliate_transact","0","exclude_with_reason","outside_contract_scope_v1","legacy_system_owner","requires_owner_confirmation_before_gate_d","N/A","N/A","0"
"b_sale_analytics","0","exclude_with_reason","outside_contract_scope_v1","legacy_system_owner","requires_owner_confirmation_before_gate_d","N/A","N/A","0"
"b_sale_auxiliary","0","exclude_with_reason","outside_contract_scope_v1","legacy_system_owner","requires_owner_confirmation_before_gate_d","N/A","N/A","0"
"b_sale_b24integration_bind","0","exclude_with_reason","outside_contract_scope_v1","legacy_system_owner","requires_owner_confirmation_before_gate_d","N/A","N/A","0"
"b_sale_b24integration_relation","0","exclude_with_reason","outside_contract_scope_v1","legacy_system_owner","requires_owner_confirmation_before_gate_d","N/A","N/A","0"
"b_sale_b24integration_stat","0","exclude_with_reason","outside_contract_scope_v1","legacy_system_owner","requires_owner_confirmation_before_gate_d","N/A","N/A","0"
"b_sale_b24integration_stat_provider","0","exclude_with_reason","outside_contract_scope_v1","legacy_system_owner","requires_owner_confirmation_before_gate_d","N/A","N/A","0"
"b_sale_b24integration_token","0","exclude_with_reason","outside_contract_scope_v1","legacy_system_owner","requires_owner_confirmation_before_gate_d","N/A","N/A","0"
"b_sale_basket","0","exclude_with_reason","outside_contract_scope_v1","legacy_system_owner","requires_owner_confirmation_before_gate_d","N/A","N/A","0"
"b_sale_basket_archive","0","exclude_with_reason","outside_contract_scope_v1","legacy_system_owner","requires_owner_confirmation_before_gate_d","N/A","N/A","0"
"b_sale_basket_archive_packed","0","exclude_with_reason","outside_contract_scope_v1","legacy_system_owner","requires_owner_confirmation_before_gate_d","N/A","N/A","0"
"b_sale_basket_props","0","exclude_with_reason","outside_contract_scope_v1","legacy_system_owner","requires_owner_confirmation_before_gate_d","N/A","N/A","0"
"b_sale_basket_reservation","0","exclude_with_reason","outside_contract_scope_v1","legacy_system_owner","requires_owner_confirmation_before_gate_d","N/A","N/A","0"
"b_sale_basket_reservation_history","0","exclude_with_reason","outside_contract_scope_v1","legacy_system_owner","requires_owner_confirmation_before_gate_d","N/A","N/A","0"
"b_sale_bizval","122","exclude_with_reason","outside_contract_scope_v1","legacy_system_owner","requires_owner_confirmation_before_gate_d","N/A","N/A","0"
"b_sale_bizval_code_1c","0","exclude_with_reason","outside_contract_scope_v1","legacy_system_owner","requires_owner_confirmation_before_gate_d","N/A","N/A","0"
"b_sale_bizval_persondomain","4","exclude_with_reason","outside_contract_scope_v1","legacy_system_owner","requires_owner_confirmation_before_gate_d","N/A","N/A","0"
"b_sale_buyer_stat","0","exclude_with_reason","outside_contract_scope_v1","legacy_system_owner","requires_owner_confirmation_before_gate_d","N/A","N/A","0"
"b_sale_cashbox","0","exclude_with_reason","outside_contract_scope_v1","legacy_system_owner","requires_owner_confirmation_before_gate_d","N/A","N/A","0"
"b_sale_cashbox_check","0","exclude_with_reason","outside_contract_scope_v1","legacy_system_owner","requires_owner_confirmation_before_gate_d","N/A","N/A","0"
"b_sale_cashbox_check_correction","0","exclude_with_reason","outside_contract_scope_v1","legacy_system_owner","requires_owner_confirmation_before_gate_d","N/A","N/A","0"
"b_sale_cashbox_connect","0","exclude_with_reason","outside_contract_scope_v1","legacy_system_owner","requires_owner_confirmation_before_gate_d","N/A","N/A","0"
"b_sale_cashbox_err_log","0","exclude_with_reason","outside_contract_scope_v1","legacy_system_owner","requires_owner_confirmation_before_gate_d","N/A","N/A","0"
"b_sale_cashbox_rest_handler","0","exclude_with_reason","outside_contract_scope_v1","legacy_system_owner","requires_owner_confirmation_before_gate_d","N/A","N/A","0"
"b_sale_cashbox_z_report","0","exclude_with_reason","outside_contract_scope_v1","legacy_system_owner","requires_owner_confirmation_before_gate_d","N/A","N/A","0"
"b_sale_check2cashbox","0","exclude_with_reason","outside_contract_scope_v1","legacy_system_owner","requires_owner_confirmation_before_gate_d","N/A","N/A","0"
"b_sale_check_related_entities","0","exclude_with_reason","outside_contract_scope_v1","legacy_system_owner","requires_owner_confirmation_before_gate_d","N/A","N/A","0"
"b_sale_company","0","exclude_with_reason","outside_contract_scope_v1","legacy_system_owner","requires_owner_confirmation_before_gate_d","N/A","N/A","0"
"b_sale_company2location","0","exclude_with_reason","outside_contract_scope_v1","legacy_system_owner","requires_owner_confirmation_before_gate_d","N/A","N/A","0"
"b_sale_company2service","0","exclude_with_reason","outside_contract_scope_v1","legacy_system_owner","requires_owner_confirmation_before_gate_d","N/A","N/A","0"
"b_sale_company_group","0","exclude_with_reason","outside_contract_scope_v1","legacy_system_owner","requires_owner_confirmation_before_gate_d","N/A","N/A","0"
"b_sale_company_resp_grp","0","exclude_with_reason","outside_contract_scope_v1","legacy_system_owner","requires_owner_confirmation_before_gate_d","N/A","N/A","0"
"b_sale_d_ix_element","0","exclude_with_reason","outside_contract_scope_v1","legacy_system_owner","requires_owner_confirmation_before_gate_d","N/A","N/A","0"
"b_sale_d_ix_section","0","exclude_with_reason","outside_contract_scope_v1","legacy_system_owner","requires_owner_confirmation_before_gate_d","N/A","N/A","0"
"b_sale_delivery2location","0","exclude_with_reason","outside_contract_scope_v1","legacy_system_owner","requires_owner_confirmation_before_gate_d","N/A","N/A","0"
"b_sale_delivery2paysystem","0","exclude_with_reason","outside_contract_scope_v1","legacy_system_owner","requires_owner_confirmation_before_gate_d","N/A","N/A","0"
"b_sale_delivery_es","1","exclude_with_reason","outside_contract_scope_v1","legacy_system_owner","requires_owner_confirmation_before_gate_d","N/A","N/A","0"
"b_sale_delivery_req","0","exclude_with_reason","outside_contract_scope_v1","legacy_system_owner","requires_owner_confirmation_before_gate_d","N/A","N/A","0"
"b_sale_delivery_req_shp","0","exclude_with_reason","outside_contract_scope_v1","legacy_system_owner","requires_owner_confirmation_before_gate_d","N/A","N/A","0"
"b_sale_delivery_rest_handler","0","exclude_with_reason","outside_contract_scope_v1","legacy_system_owner","requires_owner_confirmation_before_gate_d","N/A","N/A","0"
"b_sale_delivery_srv","3","exclude_with_reason","outside_contract_scope_v1","legacy_system_owner","requires_owner_confirmation_before_gate_d","N/A","N/A","0"
"b_sale_delivery_yandex_taxi_claims","0","exclude_with_reason","outside_contract_scope_v1","legacy_system_owner","requires_owner_confirmation_before_gate_d","N/A","N/A","0"
"b_sale_discount","0","exclude_with_reason","outside_contract_scope_v1","legacy_system_owner","requires_owner_confirmation_before_gate_d","N/A","N/A","0"
"b_sale_discount_coupon","0","exclude_with_reason","outside_contract_scope_v1","legacy_system_owner","requires_owner_confirmation_before_gate_d","N/A","N/A","0"
"b_sale_discount_entities","0","exclude_with_reason","outside_contract_scope_v1","legacy_system_owner","requires_owner_confirmation_before_gate_d","N/A","N/A","0"
"b_sale_discount_group","0","exclude_with_reason","outside_contract_scope_v1","legacy_system_owner","requires_owner_confirmation_before_gate_d","N/A","N/A","0"
"b_sale_discount_module","0","exclude_with_reason","outside_contract_scope_v1","legacy_system_owner","requires_owner_confirmation_before_gate_d","N/A","N/A","0"
"b_sale_documentgenerator_callback_registry","0","exclude_with_reason","outside_contract_scope_v1","legacy_system_owner","requires_owner_confirmation_before_gate_d","N/A","N/A","0"
"b_sale_domain_verification","0","exclude_with_reason","outside_contract_scope_v1","legacy_system_owner","requires_owner_confirmation_before_gate_d","N/A","N/A","0"
"b_sale_entity_label","0","exclude_with_reason","outside_contract_scope_v1","legacy_system_owner","requires_owner_confirmation_before_gate_d","N/A","N/A","0"
"b_sale_entity_marker","0","exclude_with_reason","outside_contract_scope_v1","legacy_system_owner","requires_owner_confirmation_before_gate_d","N/A","N/A","0"
"b_sale_exchange_log","0","exclude_with_reason","outside_contract_scope_v1","legacy_system_owner","requires_owner_confirmation_before_gate_d","N/A","N/A","0"
"b_sale_export","0","exclude_with_reason","outside_contract_scope_v1","legacy_system_owner","requires_owner_confirmation_before_gate_d","N/A","N/A","0"
"b_sale_facebook_conversion_params","0","exclude_with_reason","outside_contract_scope_v1","legacy_system_owner","requires_owner_confirmation_before_gate_d","N/A","N/A","0"
"b_sale_fuser","22","exclude_with_reason","outside_contract_scope_v1","legacy_system_owner","requires_owner_confirmation_before_gate_d","N/A","N/A","0"
"b_sale_gift_related_data","0","exclude_with_reason","outside_contract_scope_v1","legacy_system_owner","requires_owner_confirmation_before_gate_d","N/A","N/A","0"
"b_sale_hdaln","0","exclude_with_reason","outside_contract_scope_v1","legacy_system_owner","requires_owner_confirmation_before_gate_d","N/A","N/A","0"
"b_sale_lang","0","exclude_with_reason","outside_contract_scope_v1","legacy_system_owner","requires_owner_confirmation_before_gate_d","N/A","N/A","0"
"b_sale_loc_2site","0","exclude_with_reason","outside_contract_scope_v1","legacy_system_owner","requires_owner_confirmation_before_gate_d","N/A","N/A","0"
"b_sale_loc_def2site","0","exclude_with_reason","outside_contract_scope_v1","legacy_system_owner","requires_owner_confirmation_before_gate_d","N/A","N/A","0"
"b_sale_loc_ext","0","exclude_with_reason","outside_contract_scope_v1","legacy_system_owner","requires_owner_confirmation_before_gate_d","N/A","N/A","0"
"b_sale_loc_ext_srv","0","exclude_with_reason","outside_contract_scope_v1","legacy_system_owner","requires_owner_confirmation_before_gate_d","N/A","N/A","0"
"b_sale_loc_name","0","exclude_with_reason","outside_contract_scope_v1","legacy_system_owner","requires_owner_confirmation_before_gate_d","N/A","N/A","0"
"b_sale_loc_type","0","exclude_with_reason","outside_contract_scope_v1","legacy_system_owner","requires_owner_confirmation_before_gate_d","N/A","N/A","0"
"b_sale_loc_type_name","0","exclude_with_reason","outside_contract_scope_v1","legacy_system_owner","requires_owner_confirmation_before_gate_d","N/A","N/A","0"
"b_sale_location","0","exclude_with_reason","outside_contract_scope_v1","legacy_system_owner","requires_owner_confirmation_before_gate_d","N/A","N/A","0"
"b_sale_location2location_group","0","exclude_with_reason","outside_contract_scope_v1","legacy_system_owner","requires_owner_confirmation_before_gate_d","N/A","N/A","0"
"b_sale_location_city","0","exclude_with_reason","outside_contract_scope_v1","legacy_system_owner","requires_owner_confirmation_before_gate_d","N/A","N/A","0"
"b_sale_location_city_lang","0","exclude_with_reason","outside_contract_scope_v1","legacy_system_owner","requires_owner_confirmation_before_gate_d","N/A","N/A","0"
"b_sale_location_country","0","exclude_with_reason","outside_contract_scope_v1","legacy_system_owner","requires_owner_confirmation_before_gate_d","N/A","N/A","0"
"b_sale_location_country_lang","0","exclude_with_reason","outside_contract_scope_v1","legacy_system_owner","requires_owner_confirmation_before_gate_d","N/A","N/A","0"
"b_sale_location_group","0","exclude_with_reason","outside_contract_scope_v1","legacy_system_owner","requires_owner_confirmation_before_gate_d","N/A","N/A","0"
"b_sale_location_group_lang","0","exclude_with_reason","outside_contract_scope_v1","legacy_system_owner","requires_owner_confirmation_before_gate_d","N/A","N/A","0"
"b_sale_location_region","0","exclude_with_reason","outside_contract_scope_v1","legacy_system_owner","requires_owner_confirmation_before_gate_d","N/A","N/A","0"
"b_sale_location_region_lang","0","exclude_with_reason","outside_contract_scope_v1","legacy_system_owner","requires_owner_confirmation_before_gate_d","N/A","N/A","0"
"b_sale_location_zip","0","exclude_with_reason","outside_contract_scope_v1","legacy_system_owner","requires_owner_confirmation_before_gate_d","N/A","N/A","0"
"b_sale_order","0","exclude_with_reason","outside_contract_scope_v1","legacy_system_owner","requires_owner_confirmation_before_gate_d","N/A","N/A","0"
"b_sale_order_archive","0","exclude_with_reason","outside_contract_scope_v1","legacy_system_owner","requires_owner_confirmation_before_gate_d","N/A","N/A","0"
"b_sale_order_archive_packed","0","exclude_with_reason","outside_contract_scope_v1","legacy_system_owner","requires_owner_confirmation_before_gate_d","N/A","N/A","0"
"b_sale_order_change","0","exclude_with_reason","outside_contract_scope_v1","legacy_system_owner","requires_owner_confirmation_before_gate_d","N/A","N/A","0"
"b_sale_order_converter_crm_error","0","exclude_with_reason","outside_contract_scope_v1","legacy_system_owner","requires_owner_confirmation_before_gate_d","N/A","N/A","0"
"b_sale_order_coupons","0","exclude_with_reason","outside_contract_scope_v1","legacy_system_owner","requires_owner_confirmation_before_gate_d","N/A","N/A","0"
"b_sale_order_delivery","0","exclude_with_reason","outside_contract_scope_v1","legacy_system_owner","requires_owner_confirmation_before_gate_d","N/A","N/A","0"
"b_sale_order_delivery_es","0","exclude_with_reason","outside_contract_scope_v1","legacy_system_owner","requires_owner_confirmation_before_gate_d","N/A","N/A","0"
"b_sale_order_delivery_req","0","exclude_with_reason","outside_contract_scope_v1","legacy_system_owner","requires_owner_confirmation_before_gate_d","N/A","N/A","0"
"b_sale_order_discount","0","exclude_with_reason","outside_contract_scope_v1","legacy_system_owner","requires_owner_confirmation_before_gate_d","N/A","N/A","0"
"b_sale_order_discount_data","0","exclude_with_reason","outside_contract_scope_v1","legacy_system_owner","requires_owner_confirmation_before_gate_d","N/A","N/A","0"
"b_sale_order_dlv_basket","0","exclude_with_reason","outside_contract_scope_v1","legacy_system_owner","requires_owner_confirmation_before_gate_d","N/A","N/A","0"
"b_sale_order_entities_custom_fields","2","exclude_with_reason","outside_contract_scope_v1","legacy_system_owner","requires_owner_confirmation_before_gate_d","N/A","N/A","0"
"b_sale_order_flags2group","0","exclude_with_reason","outside_contract_scope_v1","legacy_system_owner","requires_owner_confirmation_before_gate_d","N/A","N/A","0"
"b_sale_order_history","0","exclude_with_reason","outside_contract_scope_v1","legacy_system_owner","requires_owner_confirmation_before_gate_d","N/A","N/A","0"
"b_sale_order_modules","0","exclude_with_reason","outside_contract_scope_v1","legacy_system_owner","requires_owner_confirmation_before_gate_d","N/A","N/A","0"
"b_sale_order_payment","0","exclude_with_reason","outside_contract_scope_v1","legacy_system_owner","requires_owner_confirmation_before_gate_d","N/A","N/A","0"
"b_sale_order_payment_item","0","exclude_with_reason","outside_contract_scope_v1","legacy_system_owner","requires_owner_confirmation_before_gate_d","N/A","N/A","0"
"b_sale_order_payment_ps_available","0","exclude_with_reason","outside_contract_scope_v1","legacy_system_owner","requires_owner_confirmation_before_gate_d","N/A","N/A","0"
"b_sale_order_processing","0","exclude_with_reason","outside_contract_scope_v1","legacy_system_owner","requires_owner_confirmation_before_gate_d","N/A","N/A","0"
"b_sale_order_product_stat","0","exclude_with_reason","outside_contract_scope_v1","legacy_system_owner","requires_owner_confirmation_before_gate_d","N/A","N/A","0"
"b_sale_order_props","38","exclude_with_reason","outside_contract_scope_v1","legacy_system_owner","requires_owner_confirmation_before_gate_d","N/A","N/A","0"
"b_sale_order_props_group","8","exclude_with_reason","outside_contract_scope_v1","legacy_system_owner","requires_owner_confirmation_before_gate_d","N/A","N/A","0"
"b_sale_order_props_relation","0","exclude_with_reason","outside_contract_scope_v1","legacy_system_owner","requires_owner_confirmation_before_gate_d","N/A","N/A","0"
"b_sale_order_props_value","0","exclude_with_reason","outside_contract_scope_v1","legacy_system_owner","requires_owner_confirmation_before_gate_d","N/A","N/A","0"
"b_sale_order_props_variant","0","exclude_with_reason","outside_contract_scope_v1","legacy_system_owner","requires_owner_confirmation_before_gate_d","N/A","N/A","0"
"b_sale_order_round","0","exclude_with_reason","outside_contract_scope_v1","legacy_system_owner","requires_owner_confirmation_before_gate_d","N/A","N/A","0"
"b_sale_order_rules","0","exclude_with_reason","outside_contract_scope_v1","legacy_system_owner","requires_owner_confirmation_before_gate_d","N/A","N/A","0"
"b_sale_order_rules_descr","0","exclude_with_reason","outside_contract_scope_v1","legacy_system_owner","requires_owner_confirmation_before_gate_d","N/A","N/A","0"
"b_sale_order_tax","0","exclude_with_reason","outside_contract_scope_v1","legacy_system_owner","requires_owner_confirmation_before_gate_d","N/A","N/A","0"
"b_sale_pay_system_action","7","exclude_with_reason","outside_contract_scope_v1","legacy_system_owner","requires_owner_confirmation_before_gate_d","N/A","N/A","0"
"b_sale_pay_system_err_log","0","exclude_with_reason","outside_contract_scope_v1","legacy_system_owner","requires_owner_confirmation_before_gate_d","N/A","N/A","0"
"b_sale_pay_system_rest_handlers","0","exclude_with_reason","outside_contract_scope_v1","legacy_system_owner","requires_owner_confirmation_before_gate_d","N/A","N/A","0"
"b_sale_person_type","4","exclude_with_reason","outside_contract_scope_v1","legacy_system_owner","requires_owner_confirmation_before_gate_d","N/A","N/A","0"
"b_sale_person_type_site","4","exclude_with_reason","outside_contract_scope_v1","legacy_system_owner","requires_owner_confirmation_before_gate_d","N/A","N/A","0"
"b_sale_product2product","0","exclude_with_reason","outside_contract_scope_v1","legacy_system_owner","requires_owner_confirmation_before_gate_d","N/A","N/A","0"
"b_sale_recurring","0","exclude_with_reason","outside_contract_scope_v1","legacy_system_owner","requires_owner_confirmation_before_gate_d","N/A","N/A","0"
"b_sale_service_rstr","5","exclude_with_reason","outside_contract_scope_v1","legacy_system_owner","requires_owner_confirmation_before_gate_d","N/A","N/A","0"
"b_sale_site2group","0","exclude_with_reason","outside_contract_scope_v1","legacy_system_owner","requires_owner_confirmation_before_gate_d","N/A","N/A","0"
"b_sale_status","8","exclude_with_reason","outside_contract_scope_v1","legacy_system_owner","requires_owner_confirmation_before_gate_d","N/A","N/A","0"
"b_sale_status_group_task","0","exclude_with_reason","outside_contract_scope_v1","legacy_system_owner","requires_owner_confirmation_before_gate_d","N/A","N/A","0"
"b_sale_status_lang","8","exclude_with_reason","outside_contract_scope_v1","legacy_system_owner","requires_owner_confirmation_before_gate_d","N/A","N/A","0"
"b_sale_store_barcode","0","exclude_with_reason","outside_contract_scope_v1","legacy_system_owner","requires_owner_confirmation_before_gate_d","N/A","N/A","0"
"b_sale_synchronizer_log","0","exclude_with_reason","outside_contract_scope_v1","legacy_system_owner","requires_owner_confirmation_before_gate_d","N/A","N/A","0"
"b_sale_tax","0","exclude_with_reason","outside_contract_scope_v1","legacy_system_owner","requires_owner_confirmation_before_gate_d","N/A","N/A","0"
"b_sale_tax2location","0","exclude_with_reason","outside_contract_scope_v1","legacy_system_owner","requires_owner_confirmation_before_gate_d","N/A","N/A","0"
"b_sale_tax_exempt2group","0","exclude_with_reason","outside_contract_scope_v1","legacy_system_owner","requires_owner_confirmation_before_gate_d","N/A","N/A","0"
"b_sale_tax_rate","0","exclude_with_reason","outside_contract_scope_v1","legacy_system_owner","requires_owner_confirmation_before_gate_d","N/A","N/A","0"
"b_sale_tp","6","exclude_with_reason","outside_contract_scope_v1","legacy_system_owner","requires_owner_confirmation_before_gate_d","N/A","N/A","0"
"b_sale_tp_ebay_cat","0","exclude_with_reason","outside_contract_scope_v1","legacy_system_owner","requires_owner_confirmation_before_gate_d","N/A","N/A","0"
"b_sale_tp_ebay_cat_var","0","exclude_with_reason","outside_contract_scope_v1","legacy_system_owner","requires_owner_confirmation_before_gate_d","N/A","N/A","0"
"b_sale_tp_ebay_fq","0","exclude_with_reason","outside_contract_scope_v1","legacy_system_owner","requires_owner_confirmation_before_gate_d","N/A","N/A","0"
"b_sale_tp_ebay_fr","0","exclude_with_reason","outside_contract_scope_v1","legacy_system_owner","requires_owner_confirmation_before_gate_d","N/A","N/A","0"
"b_sale_tp_map","0","exclude_with_reason","outside_contract_scope_v1","legacy_system_owner","requires_owner_confirmation_before_gate_d","N/A","N/A","0"
"b_sale_tp_map_entity","0","exclude_with_reason","outside_contract_scope_v1","legacy_system_owner","requires_owner_confirmation_before_gate_d","N/A","N/A","0"
"b_sale_tp_order","0","exclude_with_reason","outside_contract_scope_v1","legacy_system_owner","requires_owner_confirmation_before_gate_d","N/A","N/A","0"
"b_sale_tp_vk_log","0","exclude_with_reason","outside_contract_scope_v1","legacy_system_owner","requires_owner_confirmation_before_gate_d","N/A","N/A","0"
"b_sale_tp_vk_profile","0","exclude_with_reason","outside_contract_scope_v1","legacy_system_owner","requires_owner_confirmation_before_gate_d","N/A","N/A","0"
"b_sale_user_account","0","exclude_with_reason","outside_contract_scope_v1","legacy_system_owner","requires_owner_confirmation_before_gate_d","N/A","N/A","0"
"b_sale_user_cards","0","exclude_with_reason","outside_contract_scope_v1","legacy_system_owner","requires_owner_confirmation_before_gate_d","N/A","N/A","0"
"b_sale_user_props","0","exclude_with_reason","outside_contract_scope_v1","legacy_system_owner","requires_owner_confirmation_before_gate_d","N/A","N/A","0"
"b_sale_user_props_value","0","exclude_with_reason","outside_contract_scope_v1","legacy_system_owner","requires_owner_confirmation_before_gate_d","N/A","N/A","0"
"b_sale_user_transact","0","exclude_with_reason","outside_contract_scope_v1","legacy_system_owner","requires_owner_confirmation_before_gate_d","N/A","N/A","0"
"b_sale_usergroup_restr","0","exclude_with_reason","outside_contract_scope_v1","legacy_system_owner","requires_owner_confirmation_before_gate_d","N/A","N/A","0"
"b_sale_viewed_product","0","exclude_with_reason","outside_contract_scope_v1","legacy_system_owner","requires_owner_confirmation_before_gate_d","N/A","N/A","0"
"b_sale_yandex_settings","0","exclude_with_reason","outside_contract_scope_v1","legacy_system_owner","requires_owner_confirmation_before_gate_d","N/A","N/A","0"
"b_salescenter_meta","0","exclude_with_reason","outside_contract_scope_v1","legacy_system_owner","requires_owner_confirmation_before_gate_d","N/A","N/A","0"
"b_salescenter_page","14","exclude_with_reason","outside_contract_scope_v1","legacy_system_owner","requires_owner_confirmation_before_gate_d","N/A","N/A","0"
"b_salescenter_page_param","0","exclude_with_reason","outside_contract_scope_v1","legacy_system_owner","requires_owner_confirmation_before_gate_d","N/A","N/A","0"
"b_search_content","10234","exclude_with_reason","outside_contract_scope_v1","legacy_system_owner","requires_owner_confirmation_before_gate_d","N/A","N/A","0"
"b_search_content_freq","0","exclude_with_reason","outside_contract_scope_v1","legacy_system_owner","requires_owner_confirmation_before_gate_d","N/A","N/A","0"
"b_search_content_param","196","exclude_with_reason","outside_contract_scope_v1","legacy_system_owner","requires_owner_confirmation_before_gate_d","N/A","N/A","0"
"b_search_content_right","17820","exclude_with_reason","outside_contract_scope_v1","legacy_system_owner","requires_owner_confirmation_before_gate_d","N/A","N/A","0"
"b_search_content_site","10234","exclude_with_reason","outside_contract_scope_v1","legacy_system_owner","requires_owner_confirmation_before_gate_d","N/A","N/A","0"
"b_search_content_stem","290554","exclude_with_reason","outside_contract_scope_v1","legacy_system_owner","requires_owner_confirmation_before_gate_d","N/A","N/A","0"
"b_search_content_text","10234","exclude_with_reason","outside_contract_scope_v1","legacy_system_owner","requires_owner_confirmation_before_gate_d","N/A","N/A","0"
"b_search_content_title","34598","exclude_with_reason","outside_contract_scope_v1","legacy_system_owner","requires_owner_confirmation_before_gate_d","N/A","N/A","0"
"b_search_custom_rank","1","exclude_with_reason","outside_contract_scope_v1","legacy_system_owner","requires_owner_confirmation_before_gate_d","N/A","N/A","0"
"b_search_phrase","0","exclude_with_reason","outside_contract_scope_v1","legacy_system_owner","requires_owner_confirmation_before_gate_d","N/A","N/A","0"
"b_search_stem","37470","exclude_with_reason","outside_contract_scope_v1","legacy_system_owner","requires_owner_confirmation_before_gate_d","N/A","N/A","0"
"b_search_suggest","0","exclude_with_reason","outside_contract_scope_v1","legacy_system_owner","requires_owner_confirmation_before_gate_d","N/A","N/A","0"
"b_search_tags","17739","exclude_with_reason","outside_contract_scope_v1","legacy_system_owner","requires_owner_confirmation_before_gate_d","N/A","N/A","0"
"b_search_user_right","117","exclude_with_reason","outside_contract_scope_v1","legacy_system_owner","requires_owner_confirmation_before_gate_d","N/A","N/A","0"
"b_sec_filter_mask","0","exclude_with_reason","outside_contract_scope_v1","legacy_system_owner","requires_owner_confirmation_before_gate_d","N/A","N/A","0"
"b_sec_frame_mask","0","exclude_with_reason","outside_contract_scope_v1","legacy_system_owner","requires_owner_confirmation_before_gate_d","N/A","N/A","0"
"b_sec_iprule","0","exclude_with_reason","outside_contract_scope_v1","legacy_system_owner","requires_owner_confirmation_before_gate_d","N/A","N/A","0"
"b_sec_iprule_excl_ip","0","exclude_with_reason","outside_contract_scope_v1","legacy_system_owner","requires_owner_confirmation_before_gate_d","N/A","N/A","0"
"b_sec_iprule_excl_mask","0","exclude_with_reason","outside_contract_scope_v1","legacy_system_owner","requires_owner_confirmation_before_gate_d","N/A","N/A","0"
"b_sec_iprule_incl_ip","0","exclude_with_reason","outside_contract_scope_v1","legacy_system_owner","requires_owner_confirmation_before_gate_d","N/A","N/A","0"
"b_sec_iprule_incl_mask","0","exclude_with_reason","outside_contract_scope_v1","legacy_system_owner","requires_owner_confirmation_before_gate_d","N/A","N/A","0"
"b_sec_recovery_codes","0","exclude_with_reason","outside_contract_scope_v1","legacy_system_owner","requires_owner_confirmation_before_gate_d","N/A","N/A","0"
"b_sec_redirect_url","0","exclude_with_reason","outside_contract_scope_v1","legacy_system_owner","requires_owner_confirmation_before_gate_d","N/A","N/A","0"
"b_sec_session","0","exclude_with_reason","outside_contract_scope_v1","legacy_system_owner","requires_owner_confirmation_before_gate_d","N/A","N/A","0"
"b_sec_user","0","exclude_with_reason","outside_contract_scope_v1","legacy_system_owner","requires_owner_confirmation_before_gate_d","N/A","N/A","0"
"b_sec_vendor_notification","0","exclude_with_reason","outside_contract_scope_v1","legacy_system_owner","requires_owner_confirmation_before_gate_d","N/A","N/A","0"
"b_sec_vendor_notification_sign","0","exclude_with_reason","outside_contract_scope_v1","legacy_system_owner","requires_owner_confirmation_before_gate_d","N/A","N/A","0"
"b_sec_virus","0","exclude_with_reason","outside_contract_scope_v1","legacy_system_owner","requires_owner_confirmation_before_gate_d","N/A","N/A","0"
"b_sec_white_list","0","exclude_with_reason","outside_contract_scope_v1","legacy_system_owner","requires_owner_confirmation_before_gate_d","N/A","N/A","0"
"b_sec_wwall_rules","0","exclude_with_reason","outside_contract_scope_v1","legacy_system_owner","requires_owner_confirmation_before_gate_d","N/A","N/A","0"
"b_sec_xscan_results","0","exclude_with_reason","outside_contract_scope_v1","legacy_system_owner","requires_owner_confirmation_before_gate_d","N/A","N/A","0"
"b_security_sitecheck","0","exclude_with_reason","outside_contract_scope_v1","legacy_system_owner","requires_owner_confirmation_before_gate_d","N/A","N/A","0"
"b_sender_abuse","0","exclude_with_reason","outside_contract_scope_v1","legacy_system_owner","requires_owner_confirmation_before_gate_d","N/A","N/A","0"
"b_sender_agreement","0","exclude_with_reason","outside_contract_scope_v1","legacy_system_owner","requires_owner_confirmation_before_gate_d","N/A","N/A","0"
"b_sender_call_log","0","exclude_with_reason","outside_contract_scope_v1","legacy_system_owner","requires_owner_confirmation_before_gate_d","N/A","N/A","0"
"b_sender_contact","1813","exclude_with_reason","outside_contract_scope_v1","legacy_system_owner","requires_owner_confirmation_before_gate_d","N/A","N/A","0"
"b_sender_contact_list","40","exclude_with_reason","outside_contract_scope_v1","legacy_system_owner","requires_owner_confirmation_before_gate_d","N/A","N/A","0"
"b_sender_counter","0","exclude_with_reason","outside_contract_scope_v1","legacy_system_owner","requires_owner_confirmation_before_gate_d","N/A","N/A","0"
"b_sender_counter_daily","0","exclude_with_reason","outside_contract_scope_v1","legacy_system_owner","requires_owner_confirmation_before_gate_d","N/A","N/A","0"
"b_sender_file","0","exclude_with_reason","outside_contract_scope_v1","legacy_system_owner","requires_owner_confirmation_before_gate_d","N/A","N/A","0"
"b_sender_file_info","0","exclude_with_reason","outside_contract_scope_v1","legacy_system_owner","requires_owner_confirmation_before_gate_d","N/A","N/A","0"
"b_sender_group","29","exclude_with_reason","outside_contract_scope_v1","legacy_system_owner","requires_owner_confirmation_before_gate_d","N/A","N/A","0"
"b_sender_group_connector","44","exclude_with_reason","outside_contract_scope_v1","legacy_system_owner","requires_owner_confirmation_before_gate_d","N/A","N/A","0"
"b_sender_group_counter","14","exclude_with_reason","outside_contract_scope_v1","legacy_system_owner","requires_owner_confirmation_before_gate_d","N/A","N/A","0"
"b_sender_group_data","544","exclude_with_reason","outside_contract_scope_v1","legacy_system_owner","requires_owner_confirmation_before_gate_d","N/A","N/A","0"
"b_sender_group_deal_category","23","exclude_with_reason","outside_contract_scope_v1","legacy_system_owner","requires_owner_confirmation_before_gate_d","N/A","N/A","0"
"b_sender_group_queue","1","exclude_with_reason","outside_contract_scope_v1","legacy_system_owner","requires_owner_confirmation_before_gate_d","N/A","N/A","0"
"b_sender_group_state","5","exclude_with_reason","outside_contract_scope_v1","legacy_system_owner","requires_owner_confirmation_before_gate_d","N/A","N/A","0"
"b_sender_group_thread","0","exclude_with_reason","outside_contract_scope_v1","legacy_system_owner","requires_owner_confirmation_before_gate_d","N/A","N/A","0"
"b_sender_list","4","exclude_with_reason","outside_contract_scope_v1","legacy_system_owner","requires_owner_confirmation_before_gate_d","N/A","N/A","0"
"b_sender_mailing","1","exclude_with_reason","outside_contract_scope_v1","legacy_system_owner","requires_owner_confirmation_before_gate_d","N/A","N/A","0"
"b_sender_mailing_attachment","0","exclude_with_reason","outside_contract_scope_v1","legacy_system_owner","requires_owner_confirmation_before_gate_d","N/A","N/A","0"
"b_sender_mailing_chain","14","exclude_with_reason","outside_contract_scope_v1","legacy_system_owner","requires_owner_confirmation_before_gate_d","N/A","N/A","0"
"b_sender_mailing_chain_group","16","exclude_with_reason","outside_contract_scope_v1","legacy_system_owner","requires_owner_confirmation_before_gate_d","N/A","N/A","0"
"b_sender_mailing_group","0","exclude_with_reason","outside_contract_scope_v1","legacy_system_owner","requires_owner_confirmation_before_gate_d","N/A","N/A","0"
"b_sender_mailing_subscription","0","exclude_with_reason","outside_contract_scope_v1","legacy_system_owner","requires_owner_confirmation_before_gate_d","N/A","N/A","0"
"b_sender_mailing_trigger","0","exclude_with_reason","outside_contract_scope_v1","legacy_system_owner","requires_owner_confirmation_before_gate_d","N/A","N/A","0"
"b_sender_message","14","exclude_with_reason","outside_contract_scope_v1","legacy_system_owner","requires_owner_confirmation_before_gate_d","N/A","N/A","0"
"b_sender_message_field","204","exclude_with_reason","outside_contract_scope_v1","legacy_system_owner","requires_owner_confirmation_before_gate_d","N/A","N/A","0"
"b_sender_message_utm","45","exclude_with_reason","outside_contract_scope_v1","legacy_system_owner","requires_owner_confirmation_before_gate_d","N/A","N/A","0"
"b_sender_permission","95","exclude_with_reason","outside_contract_scope_v1","legacy_system_owner","requires_owner_confirmation_before_gate_d","N/A","N/A","0"
"b_sender_posting","14","exclude_with_reason","outside_contract_scope_v1","legacy_system_owner","requires_owner_confirmation_before_gate_d","N/A","N/A","0"
"b_sender_posting_click","37","exclude_with_reason","outside_contract_scope_v1","legacy_system_owner","requires_owner_confirmation_before_gate_d","N/A","N/A","0"
"b_sender_posting_read","498","exclude_with_reason","outside_contract_scope_v1","legacy_system_owner","requires_owner_confirmation_before_gate_d","N/A","N/A","0"
"b_sender_posting_recipient","906","exclude_with_reason","outside_contract_scope_v1","legacy_system_owner","requires_owner_confirmation_before_gate_d","N/A","N/A","0"
"b_sender_posting_thread","0","exclude_with_reason","outside_contract_scope_v1","legacy_system_owner","requires_owner_confirmation_before_gate_d","N/A","N/A","0"
"b_sender_posting_unsub","0","exclude_with_reason","outside_contract_scope_v1","legacy_system_owner","requires_owner_confirmation_before_gate_d","N/A","N/A","0"
"b_sender_preset_template","0","exclude_with_reason","outside_contract_scope_v1","legacy_system_owner","requires_owner_confirmation_before_gate_d","N/A","N/A","0"
"b_sender_queue","0","exclude_with_reason","outside_contract_scope_v1","legacy_system_owner","requires_owner_confirmation_before_gate_d","N/A","N/A","0"
"b_sender_role","3","exclude_with_reason","outside_contract_scope_v1","legacy_system_owner","requires_owner_confirmation_before_gate_d","N/A","N/A","0"
"b_sender_role_access","0","exclude_with_reason","outside_contract_scope_v1","legacy_system_owner","requires_owner_confirmation_before_gate_d","N/A","N/A","0"
"b_sender_role_permission","0","exclude_with_reason","outside_contract_scope_v1","legacy_system_owner","requires_owner_confirmation_before_gate_d","N/A","N/A","0"
"b_sender_role_relation","0","exclude_with_reason","outside_contract_scope_v1","legacy_system_owner","requires_owner_confirmation_before_gate_d","N/A","N/A","0"
"b_sender_timeline_queue","0","exclude_with_reason","outside_contract_scope_v1","legacy_system_owner","requires_owner_confirmation_before_gate_d","N/A","N/A","0"
"b_seo_adv_autolog","0","exclude_with_reason","outside_contract_scope_v1","legacy_system_owner","requires_owner_confirmation_before_gate_d","N/A","N/A","0"
"b_seo_adv_banner","0","exclude_with_reason","outside_contract_scope_v1","legacy_system_owner","requires_owner_confirmation_before_gate_d","N/A","N/A","0"
"b_seo_adv_campaign","0","exclude_with_reason","outside_contract_scope_v1","legacy_system_owner","requires_owner_confirmation_before_gate_d","N/A","N/A","0"
"b_seo_adv_group","0","exclude_with_reason","outside_contract_scope_v1","legacy_system_owner","requires_owner_confirmation_before_gate_d","N/A","N/A","0"
"b_seo_adv_link","0","exclude_with_reason","outside_contract_scope_v1","legacy_system_owner","requires_owner_confirmation_before_gate_d","N/A","N/A","0"
"b_seo_adv_log","0","exclude_with_reason","outside_contract_scope_v1","legacy_system_owner","requires_owner_confirmation_before_gate_d","N/A","N/A","0"
"b_seo_adv_order","0","exclude_with_reason","outside_contract_scope_v1","legacy_system_owner","requires_owner_confirmation_before_gate_d","N/A","N/A","0"
"b_seo_adv_region","0","exclude_with_reason","outside_contract_scope_v1","legacy_system_owner","requires_owner_confirmation_before_gate_d","N/A","N/A","0"
"b_seo_keywords","0","exclude_with_reason","outside_contract_scope_v1","legacy_system_owner","requires_owner_confirmation_before_gate_d","N/A","N/A","0"
"b_seo_search_engine","4","exclude_with_reason","outside_contract_scope_v1","legacy_system_owner","requires_owner_confirmation_before_gate_d","N/A","N/A","0"
"b_seo_service_log","2","exclude_with_reason","outside_contract_scope_v1","legacy_system_owner","requires_owner_confirmation_before_gate_d","N/A","N/A","0"
"b_seo_service_queue","0","exclude_with_reason","outside_contract_scope_v1","legacy_system_owner","requires_owner_confirmation_before_gate_d","N/A","N/A","0"
"b_seo_service_rtg_queue","0","exclude_with_reason","outside_contract_scope_v1","legacy_system_owner","requires_owner_confirmation_before_gate_d","N/A","N/A","0"
"b_seo_service_subscription","0","exclude_with_reason","outside_contract_scope_v1","legacy_system_owner","requires_owner_confirmation_before_gate_d","N/A","N/A","0"
"b_seo_service_webhook","0","exclude_with_reason","outside_contract_scope_v1","legacy_system_owner","requires_owner_confirmation_before_gate_d","N/A","N/A","0"
"b_seo_sitemap","0","exclude_with_reason","outside_contract_scope_v1","legacy_system_owner","requires_owner_confirmation_before_gate_d","N/A","N/A","0"
"b_seo_sitemap_entity","0","exclude_with_reason","outside_contract_scope_v1","legacy_system_owner","requires_owner_confirmation_before_gate_d","N/A","N/A","0"
"b_seo_sitemap_iblock","0","exclude_with_reason","outside_contract_scope_v1","legacy_system_owner","requires_owner_confirmation_before_gate_d","N/A","N/A","0"
"b_seo_sitemap_job","0","exclude_with_reason","outside_contract_scope_v1","legacy_system_owner","requires_owner_confirmation_before_gate_d","N/A","N/A","0"
"b_seo_sitemap_runtime","0","exclude_with_reason","outside_contract_scope_v1","legacy_system_owner","requires_owner_confirmation_before_gate_d","N/A","N/A","0"
"b_seo_yandex_direct_stat","0","exclude_with_reason","outside_contract_scope_v1","legacy_system_owner","requires_owner_confirmation_before_gate_d","N/A","N/A","0"
"b_short_uri","374","exclude_with_reason","outside_contract_scope_v1","legacy_system_owner","requires_owner_confirmation_before_gate_d","N/A","N/A","0"
"b_sidepanel_toolbar","10","exclude_with_reason","outside_contract_scope_v1","legacy_system_owner","requires_owner_confirmation_before_gate_d","N/A","N/A","0"
"b_sidepanel_toolbar_item","36","exclude_with_reason","outside_contract_scope_v1","legacy_system_owner","requires_owner_confirmation_before_gate_d","N/A","N/A","0"
"b_sign_blank","0","exclude_with_reason","outside_contract_scope_v1","legacy_system_owner","requires_owner_confirmation_before_gate_d","N/A","N/A","0"
"b_sign_blank_resource","0","exclude_with_reason","outside_contract_scope_v1","legacy_system_owner","requires_owner_confirmation_before_gate_d","N/A","N/A","0"
"b_sign_block","0","exclude_with_reason","outside_contract_scope_v1","legacy_system_owner","requires_owner_confirmation_before_gate_d","N/A","N/A","0"
"b_sign_document","0","exclude_with_reason","outside_contract_scope_v1","legacy_system_owner","requires_owner_confirmation_before_gate_d","N/A","N/A","0"
"b_sign_document_chat","0","exclude_with_reason","outside_contract_scope_v1","legacy_system_owner","requires_owner_confirmation_before_gate_d","N/A","N/A","0"
"b_sign_document_group","0","exclude_with_reason","outside_contract_scope_v1","legacy_system_owner","requires_owner_confirmation_before_gate_d","N/A","N/A","0"
"b_sign_document_required_field","0","exclude_with_reason","outside_contract_scope_v1","legacy_system_owner","requires_owner_confirmation_before_gate_d","N/A","N/A","0"
"b_sign_document_template","0","exclude_with_reason","outside_contract_scope_v1","legacy_system_owner","requires_owner_confirmation_before_gate_d","N/A","N/A","0"
"b_sign_document_template_folder","0","exclude_with_reason","outside_contract_scope_v1","legacy_system_owner","requires_owner_confirmation_before_gate_d","N/A","N/A","0"
"b_sign_document_template_folder_relation","0","exclude_with_reason","outside_contract_scope_v1","legacy_system_owner","requires_owner_confirmation_before_gate_d","N/A","N/A","0"
"b_sign_documentgenerator_blank","0","exclude_with_reason","outside_contract_scope_v1","legacy_system_owner","requires_owner_confirmation_before_gate_d","N/A","N/A","0"
"b_sign_field_value","0","exclude_with_reason","outside_contract_scope_v1","legacy_system_owner","requires_owner_confirmation_before_gate_d","N/A","N/A","0"
"b_sign_file","0","exclude_with_reason","outside_contract_scope_v1","legacy_system_owner","requires_owner_confirmation_before_gate_d","N/A","N/A","0"
"b_sign_integration_form","0","exclude_with_reason","outside_contract_scope_v1","legacy_system_owner","requires_owner_confirmation_before_gate_d","N/A","N/A","0"
"b_sign_legal_log","0","exclude_with_reason","outside_contract_scope_v1","legacy_system_owner","requires_owner_confirmation_before_gate_d","N/A","N/A","0"
"b_sign_member","0","exclude_with_reason","outside_contract_scope_v1","legacy_system_owner","requires_owner_confirmation_before_gate_d","N/A","N/A","0"
"b_sign_member_node","0","exclude_with_reason","outside_contract_scope_v1","legacy_system_owner","requires_owner_confirmation_before_gate_d","N/A","N/A","0"
"b_sign_node_sync","0","exclude_with_reason","outside_contract_scope_v1","legacy_system_owner","requires_owner_confirmation_before_gate_d","N/A","N/A","0"
"b_sign_permission","8","exclude_with_reason","outside_contract_scope_v1","legacy_system_owner","requires_owner_confirmation_before_gate_d","N/A","N/A","0"
"b_sign_service_user","0","exclude_with_reason","outside_contract_scope_v1","legacy_system_owner","requires_owner_confirmation_before_gate_d","N/A","N/A","0"
"b_sign_signers_list","1","exclude_with_reason","outside_contract_scope_v1","legacy_system_owner","requires_owner_confirmation_before_gate_d","N/A","N/A","0"
"b_sign_signers_list_user","0","exclude_with_reason","outside_contract_scope_v1","legacy_system_owner","requires_owner_confirmation_before_gate_d","N/A","N/A","0"
"b_signmobile_notification_queue","0","exclude_with_reason","outside_contract_scope_v1","legacy_system_owner","requires_owner_confirmation_before_gate_d","N/A","N/A","0"
"b_signmobile_notifications","0","exclude_with_reason","outside_contract_scope_v1","legacy_system_owner","requires_owner_confirmation_before_gate_d","N/A","N/A","0"
"b_site_template","19","exclude_with_reason","outside_contract_scope_v1","legacy_system_owner","requires_owner_confirmation_before_gate_d","N/A","N/A","0"
"b_sm_version_history","0","exclude_with_reason","outside_contract_scope_v1","legacy_system_owner","requires_owner_confirmation_before_gate_d","N/A","N/A","0"
"b_smile","24","exclude_with_reason","outside_contract_scope_v1","legacy_system_owner","requires_owner_confirmation_before_gate_d","N/A","N/A","0"
"b_smile_lang","38","exclude_with_reason","outside_contract_scope_v1","legacy_system_owner","requires_owner_confirmation_before_gate_d","N/A","N/A","0"
"b_smile_set","2","exclude_with_reason","outside_contract_scope_v1","legacy_system_owner","requires_owner_confirmation_before_gate_d","N/A","N/A","0"
"b_sms_template","6","exclude_with_reason","outside_contract_scope_v1","legacy_system_owner","requires_owner_confirmation_before_gate_d","N/A","N/A","0"
"b_sms_template_site","6","exclude_with_reason","outside_contract_scope_v1","legacy_system_owner","requires_owner_confirmation_before_gate_d","N/A","N/A","0"
"b_socialservices_ap","0","exclude_with_reason","outside_contract_scope_v1","legacy_system_owner","requires_owner_confirmation_before_gate_d","N/A","N/A","0"
"b_socialservices_contact","0","exclude_with_reason","outside_contract_scope_v1","legacy_system_owner","requires_owner_confirmation_before_gate_d","N/A","N/A","0"
"b_socialservices_contact_connect","0","exclude_with_reason","outside_contract_scope_v1","legacy_system_owner","requires_owner_confirmation_before_gate_d","N/A","N/A","0"
"b_socialservices_message","0","exclude_with_reason","outside_contract_scope_v1","legacy_system_owner","requires_owner_confirmation_before_gate_d","N/A","N/A","0"
"b_socialservices_user","0","exclude_with_reason","outside_contract_scope_v1","legacy_system_owner","requires_owner_confirmation_before_gate_d","N/A","N/A","0"
"b_socialservices_user_link","0","exclude_with_reason","outside_contract_scope_v1","legacy_system_owner","requires_owner_confirmation_before_gate_d","N/A","N/A","0"
"b_socialservices_zoom_meeting","0","exclude_with_reason","outside_contract_scope_v1","legacy_system_owner","requires_owner_confirmation_before_gate_d","N/A","N/A","0"
"b_socialservices_zoom_meeting_recording","0","exclude_with_reason","outside_contract_scope_v1","legacy_system_owner","requires_owner_confirmation_before_gate_d","N/A","N/A","0"
"b_sonet_collab_last_activity","0","exclude_with_reason","outside_contract_scope_v1","legacy_system_owner","requires_owner_confirmation_before_gate_d","N/A","N/A","0"
"b_sonet_collab_log","0","exclude_with_reason","outside_contract_scope_v1","legacy_system_owner","requires_owner_confirmation_before_gate_d","N/A","N/A","0"
"b_sonet_collab_option","0","exclude_with_reason","outside_contract_scope_v1","legacy_system_owner","requires_owner_confirmation_before_gate_d","N/A","N/A","0"
"b_sonet_event_queue","0","exclude_with_reason","outside_contract_scope_v1","legacy_system_owner","requires_owner_confirmation_before_gate_d","N/A","N/A","0"
"b_sonet_event_user_view","2","exclude_with_reason","outside_contract_scope_v1","legacy_system_owner","requires_owner_confirmation_before_gate_d","N/A","N/A","0"
"b_sonet_features","22","exclude_with_reason","outside_contract_scope_v1","legacy_system_owner","requires_owner_confirmation_before_gate_d","N/A","N/A","0"
"b_sonet_features2perms","0","exclude_with_reason","outside_contract_scope_v1","legacy_system_owner","requires_owner_confirmation_before_gate_d","N/A","N/A","0"
"b_sonet_group","2","exclude_with_reason","outside_contract_scope_v1","legacy_system_owner","requires_owner_confirmation_before_gate_d","N/A","N/A","0"
"b_sonet_group_favorites","0","exclude_with_reason","outside_contract_scope_v1","legacy_system_owner","requires_owner_confirmation_before_gate_d","N/A","N/A","0"
"b_sonet_group_pin","1","exclude_with_reason","outside_contract_scope_v1","legacy_system_owner","requires_owner_confirmation_before_gate_d","N/A","N/A","0"
"b_sonet_group_site","2","exclude_with_reason","outside_contract_scope_v1","legacy_system_owner","requires_owner_confirmation_before_gate_d","N/A","N/A","0"
"b_sonet_group_subject","5","exclude_with_reason","outside_contract_scope_v1","legacy_system_owner","requires_owner_confirmation_before_gate_d","N/A","N/A","0"
"b_sonet_group_subject_site","5","exclude_with_reason","outside_contract_scope_v1","legacy_system_owner","requires_owner_confirmation_before_gate_d","N/A","N/A","0"
"b_sonet_group_tag","0","exclude_with_reason","outside_contract_scope_v1","legacy_system_owner","requires_owner_confirmation_before_gate_d","N/A","N/A","0"
"b_sonet_group_view","6","exclude_with_reason","outside_contract_scope_v1","legacy_system_owner","requires_owner_confirmation_before_gate_d","N/A","N/A","0"
"b_sonet_log","720","exclude_with_reason","outside_contract_scope_v1","legacy_system_owner","requires_owner_confirmation_before_gate_d","N/A","N/A","0"
"b_sonet_log_comment","187","exclude_with_reason","outside_contract_scope_v1","legacy_system_owner","requires_owner_confirmation_before_gate_d","N/A","N/A","0"
"b_sonet_log_counter","0","exclude_with_reason","outside_contract_scope_v1","legacy_system_owner","requires_owner_confirmation_before_gate_d","N/A","N/A","0"
"b_sonet_log_events","0","exclude_with_reason","outside_contract_scope_v1","legacy_system_owner","requires_owner_confirmation_before_gate_d","N/A","N/A","0"
"b_sonet_log_favorites","0","exclude_with_reason","outside_contract_scope_v1","legacy_system_owner","requires_owner_confirmation_before_gate_d","N/A","N/A","0"
"b_sonet_log_follow","77","exclude_with_reason","outside_contract_scope_v1","legacy_system_owner","requires_owner_confirmation_before_gate_d","N/A","N/A","0"
"b_sonet_log_index","729","exclude_with_reason","outside_contract_scope_v1","legacy_system_owner","requires_owner_confirmation_before_gate_d","N/A","N/A","0"
"b_sonet_log_page","36","exclude_with_reason","outside_contract_scope_v1","legacy_system_owner","requires_owner_confirmation_before_gate_d","N/A","N/A","0"
"b_sonet_log_pinned","0","exclude_with_reason","outside_contract_scope_v1","legacy_system_owner","requires_owner_confirmation_before_gate_d","N/A","N/A","0"
"b_sonet_log_right","1481","exclude_with_reason","outside_contract_scope_v1","legacy_system_owner","requires_owner_confirmation_before_gate_d","N/A","N/A","0"
"b_sonet_log_site","723","exclude_with_reason","outside_contract_scope_v1","legacy_system_owner","requires_owner_confirmation_before_gate_d","N/A","N/A","0"
"b_sonet_log_smartfilter","0","exclude_with_reason","outside_contract_scope_v1","legacy_system_owner","requires_owner_confirmation_before_gate_d","N/A","N/A","0"
"b_sonet_log_subscribe","501","exclude_with_reason","outside_contract_scope_v1","legacy_system_owner","requires_owner_confirmation_before_gate_d","N/A","N/A","0"
"b_sonet_log_tag","26","exclude_with_reason","outside_contract_scope_v1","legacy_system_owner","requires_owner_confirmation_before_gate_d","N/A","N/A","0"
"b_sonet_log_view","13","exclude_with_reason","outside_contract_scope_v1","legacy_system_owner","requires_owner_confirmation_before_gate_d","N/A","N/A","0"
"b_sonet_messages","0","exclude_with_reason","outside_contract_scope_v1","legacy_system_owner","requires_owner_confirmation_before_gate_d","N/A","N/A","0"
"b_sonet_onboarding_queue","0","exclude_with_reason","outside_contract_scope_v1","legacy_system_owner","requires_owner_confirmation_before_gate_d","N/A","N/A","0"
"b_sonet_scorer","0","exclude_with_reason","outside_contract_scope_v1","legacy_system_owner","requires_owner_confirmation_before_gate_d","N/A","N/A","0"
"b_sonet_scorer_event","0","exclude_with_reason","outside_contract_scope_v1","legacy_system_owner","requires_owner_confirmation_before_gate_d","N/A","N/A","0"
"b_sonet_scorer_queue","0","exclude_with_reason","outside_contract_scope_v1","legacy_system_owner","requires_owner_confirmation_before_gate_d","N/A","N/A","0"
"b_sonet_smile","0","exclude_with_reason","outside_contract_scope_v1","legacy_system_owner","requires_owner_confirmation_before_gate_d","N/A","N/A","0"
"b_sonet_smile_lang","0","exclude_with_reason","outside_contract_scope_v1","legacy_system_owner","requires_owner_confirmation_before_gate_d","N/A","N/A","0"
"b_sonet_space_composition","0","exclude_with_reason","outside_contract_scope_v1","legacy_system_owner","requires_owner_confirmation_before_gate_d","N/A","N/A","0"
"b_sonet_space_live_watch","0","exclude_with_reason","outside_contract_scope_v1","legacy_system_owner","requires_owner_confirmation_before_gate_d","N/A","N/A","0"
"b_sonet_space_user_latest_activity","0","exclude_with_reason","outside_contract_scope_v1","legacy_system_owner","requires_owner_confirmation_before_gate_d","N/A","N/A","0"
"b_sonet_space_user_recent_activity","0","exclude_with_reason","outside_contract_scope_v1","legacy_system_owner","requires_owner_confirmation_before_gate_d","N/A","N/A","0"
"b_sonet_subscription","2","exclude_with_reason","outside_contract_scope_v1","legacy_system_owner","requires_owner_confirmation_before_gate_d","N/A","N/A","0"
"b_sonet_user2group","11","exclude_with_reason","outside_contract_scope_v1","legacy_system_owner","requires_owner_confirmation_before_gate_d","N/A","N/A","0"
"b_sonet_user_content_view","508","exclude_with_reason","outside_contract_scope_v1","legacy_system_owner","requires_owner_confirmation_before_gate_d","N/A","N/A","0"
"b_sonet_user_events","0","exclude_with_reason","outside_contract_scope_v1","legacy_system_owner","requires_owner_confirmation_before_gate_d","N/A","N/A","0"
"b_sonet_user_perms","0","exclude_with_reason","outside_contract_scope_v1","legacy_system_owner","requires_owner_confirmation_before_gate_d","N/A","N/A","0"
"b_sonet_user_relations","0","exclude_with_reason","outside_contract_scope_v1","legacy_system_owner","requires_owner_confirmation_before_gate_d","N/A","N/A","0"
"b_sonet_user_tag","4","exclude_with_reason","outside_contract_scope_v1","legacy_system_owner","requires_owner_confirmation_before_gate_d","N/A","N/A","0"
"b_sonet_user_welltory","0","exclude_with_reason","outside_contract_scope_v1","legacy_system_owner","requires_owner_confirmation_before_gate_d","N/A","N/A","0"
"b_sonet_user_welltory_disclaimer","2","exclude_with_reason","outside_contract_scope_v1","legacy_system_owner","requires_owner_confirmation_before_gate_d","N/A","N/A","0"
"b_stafftrack_counter","1","exclude_with_reason","outside_contract_scope_v1","legacy_system_owner","requires_owner_confirmation_before_gate_d","N/A","N/A","0"
"b_stafftrack_handled_chat","0","exclude_with_reason","outside_contract_scope_v1","legacy_system_owner","requires_owner_confirmation_before_gate_d","N/A","N/A","0"
"b_stafftrack_option","5","exclude_with_reason","outside_contract_scope_v1","legacy_system_owner","requires_owner_confirmation_before_gate_d","N/A","N/A","0"
"b_stafftrack_shift","1","exclude_with_reason","outside_contract_scope_v1","legacy_system_owner","requires_owner_confirmation_before_gate_d","N/A","N/A","0"
"b_stafftrack_shift_cancellation","0","exclude_with_reason","outside_contract_scope_v1","legacy_system_owner","requires_owner_confirmation_before_gate_d","N/A","N/A","0"
"b_stafftrack_shift_geo","0","exclude_with_reason","outside_contract_scope_v1","legacy_system_owner","requires_owner_confirmation_before_gate_d","N/A","N/A","0"
"b_stafftrack_shift_message","0","exclude_with_reason","outside_contract_scope_v1","legacy_system_owner","requires_owner_confirmation_before_gate_d","N/A","N/A","0"
"b_stafftrack_user_statistics_hash","1","exclude_with_reason","outside_contract_scope_v1","legacy_system_owner","requires_owner_confirmation_before_gate_d","N/A","N/A","0"
"b_sticker","0","exclude_with_reason","outside_contract_scope_v1","legacy_system_owner","requires_owner_confirmation_before_gate_d","N/A","N/A","0"
"b_sticker_group_task","0","exclude_with_reason","outside_contract_scope_v1","legacy_system_owner","requires_owner_confirmation_before_gate_d","N/A","N/A","0"
"b_subscription","0","exclude_with_reason","outside_contract_scope_v1","legacy_system_owner","requires_owner_confirmation_before_gate_d","N/A","N/A","0"
"b_subscription_rubric","0","exclude_with_reason","outside_contract_scope_v1","legacy_system_owner","requires_owner_confirmation_before_gate_d","N/A","N/A","0"
"b_task","105","exclude_with_reason","outside_contract_scope_v1","legacy_system_owner","requires_owner_confirmation_before_gate_d","N/A","N/A","0"
"b_task_operation","455","exclude_with_reason","outside_contract_scope_v1","legacy_system_owner","requires_owner_confirmation_before_gate_d","N/A","N/A","0"
"b_tasks","89","include_row_ledger","contract_scope_manifest_v2","migration_data_owner","baseline_approved_for_domain_migration","MIG-Q-B_TASKS-V2","legacy-task-v2","89"
"b_tasks_checklist_items","0","exclude_with_reason","outside_contract_scope_v1","legacy_system_owner","requires_owner_confirmation_before_gate_d","N/A","N/A","0"
"b_tasks_checklist_items_member","0","exclude_with_reason","outside_contract_scope_v1","legacy_system_owner","requires_owner_confirmation_before_gate_d","N/A","N/A","0"
"b_tasks_checklist_items_tree","0","exclude_with_reason","outside_contract_scope_v1","legacy_system_owner","requires_owner_confirmation_before_gate_d","N/A","N/A","0"
"b_tasks_checklist_user_option","0","exclude_with_reason","outside_contract_scope_v1","legacy_system_owner","requires_owner_confirmation_before_gate_d","N/A","N/A","0"
"b_tasks_columns","0","exclude_with_reason","outside_contract_scope_v1","legacy_system_owner","requires_owner_confirmation_before_gate_d","N/A","N/A","0"
"b_tasks_custom_sort","25","exclude_with_reason","outside_contract_scope_v1","legacy_system_owner","requires_owner_confirmation_before_gate_d","N/A","N/A","0"
"b_tasks_deadline_change_log","0","exclude_with_reason","outside_contract_scope_v1","legacy_system_owner","requires_owner_confirmation_before_gate_d","N/A","N/A","0"
"b_tasks_deadline_user_option","1","exclude_with_reason","outside_contract_scope_v1","legacy_system_owner","requires_owner_confirmation_before_gate_d","N/A","N/A","0"
"b_tasks_dependence","0","exclude_with_reason","outside_contract_scope_v1","legacy_system_owner","requires_owner_confirmation_before_gate_d","N/A","N/A","0"
"b_tasks_effective","1890","exclude_with_reason","outside_contract_scope_v1","legacy_system_owner","requires_owner_confirmation_before_gate_d","N/A","N/A","0"
"b_tasks_elapsed_time","0","exclude_with_reason","outside_contract_scope_v1","legacy_system_owner","requires_owner_confirmation_before_gate_d","N/A","N/A","0"
"b_tasks_favorite","0","exclude_with_reason","outside_contract_scope_v1","legacy_system_owner","requires_owner_confirmation_before_gate_d","N/A","N/A","0"
"b_tasks_file","0","exclude_with_reason","outside_contract_scope_v1","legacy_system_owner","requires_owner_confirmation_before_gate_d","N/A","N/A","0"
"b_tasks_files_temporary","0","exclude_with_reason","outside_contract_scope_v1","legacy_system_owner","requires_owner_confirmation_before_gate_d","N/A","N/A","0"
"b_tasks_filters","0","exclude_with_reason","outside_contract_scope_v1","legacy_system_owner","requires_owner_confirmation_before_gate_d","N/A","N/A","0"
"b_tasks_flow","7","exclude_with_reason","outside_contract_scope_v1","legacy_system_owner","requires_owner_confirmation_before_gate_d","N/A","N/A","0"
"b_tasks_flow_auto_created_robot","0","exclude_with_reason","outside_contract_scope_v1","legacy_system_owner","requires_owner_confirmation_before_gate_d","N/A","N/A","0"
"b_tasks_flow_copilot_advice","0","exclude_with_reason","outside_contract_scope_v1","legacy_system_owner","requires_owner_confirmation_before_gate_d","N/A","N/A","0"
"b_tasks_flow_copilot_collected_data","0","exclude_with_reason","outside_contract_scope_v1","legacy_system_owner","requires_owner_confirmation_before_gate_d","N/A","N/A","0"
"b_tasks_flow_member","28","exclude_with_reason","outside_contract_scope_v1","legacy_system_owner","requires_owner_confirmation_before_gate_d","N/A","N/A","0"
"b_tasks_flow_notification","56","exclude_with_reason","outside_contract_scope_v1","legacy_system_owner","requires_owner_confirmation_before_gate_d","N/A","N/A","0"
"b_tasks_flow_option","63","exclude_with_reason","outside_contract_scope_v1","legacy_system_owner","requires_owner_confirmation_before_gate_d","N/A","N/A","0"
"b_tasks_flow_responsible_queue","0","exclude_with_reason","outside_contract_scope_v1","legacy_system_owner","requires_owner_confirmation_before_gate_d","N/A","N/A","0"
"b_tasks_flow_search_index","7","exclude_with_reason","outside_contract_scope_v1","legacy_system_owner","requires_owner_confirmation_before_gate_d","N/A","N/A","0"
"b_tasks_flow_task","0","exclude_with_reason","outside_contract_scope_v1","legacy_system_owner","requires_owner_confirmation_before_gate_d","N/A","N/A","0"
"b_tasks_flow_user_option","0","exclude_with_reason","outside_contract_scope_v1","legacy_system_owner","requires_owner_confirmation_before_gate_d","N/A","N/A","0"
"b_tasks_label","9","exclude_with_reason","outside_contract_scope_v1","legacy_system_owner","requires_owner_confirmation_before_gate_d","N/A","N/A","0"
"b_tasks_log","629","include_row_ledger","contract_scope_manifest_v2","migration_data_owner","baseline_approved_for_domain_migration","MIG-Q-B_TASKS_LOG-V1","legacy-task-history-v1","629"
"b_tasks_marketing","0","exclude_with_reason","outside_contract_scope_v1","legacy_system_owner","requires_owner_confirmation_before_gate_d","N/A","N/A","0"
"b_tasks_member","187","include_row_ledger","contract_scope_manifest_v2","migration_data_owner","baseline_approved_for_domain_migration","MIG-Q-B_TASKS_MEMBER-V1","legacy-task-member-v1","187"
"b_tasks_msg_throttle","0","exclude_with_reason","outside_contract_scope_v1","legacy_system_owner","requires_owner_confirmation_before_gate_d","N/A","N/A","0"
"b_tasks_onboarding_queue","0","exclude_with_reason","outside_contract_scope_v1","legacy_system_owner","requires_owner_confirmation_before_gate_d","N/A","N/A","0"
"b_tasks_onboarding_queue_job_count","14","exclude_with_reason","outside_contract_scope_v1","legacy_system_owner","requires_owner_confirmation_before_gate_d","N/A","N/A","0"
"b_tasks_permission","74","exclude_with_reason","outside_contract_scope_v1","legacy_system_owner","requires_owner_confirmation_before_gate_d","N/A","N/A","0"
"b_tasks_proj_dep","0","exclude_with_reason","outside_contract_scope_v1","legacy_system_owner","requires_owner_confirmation_before_gate_d","N/A","N/A","0"
"b_tasks_project_last_activity","2","exclude_with_reason","outside_contract_scope_v1","legacy_system_owner","requires_owner_confirmation_before_gate_d","N/A","N/A","0"
"b_tasks_project_user_option","0","exclude_with_reason","outside_contract_scope_v1","legacy_system_owner","requires_owner_confirmation_before_gate_d","N/A","N/A","0"
"b_tasks_projects","0","exclude_with_reason","outside_contract_scope_v1","legacy_system_owner","requires_owner_confirmation_before_gate_d","N/A","N/A","0"
"b_tasks_regular_parameters","0","exclude_with_reason","outside_contract_scope_v1","legacy_system_owner","requires_owner_confirmation_before_gate_d","N/A","N/A","0"
"b_tasks_reminder","0","exclude_with_reason","outside_contract_scope_v1","legacy_system_owner","requires_owner_confirmation_before_gate_d","N/A","N/A","0"
"b_tasks_result","3","include_row_ledger","contract_scope_manifest_v2","migration_data_owner","baseline_approved_for_domain_migration","MIG-Q-B_TASKS_RESULT-V1","legacy-task-result-v1","3"
"b_tasks_role","3","exclude_with_reason","outside_contract_scope_v1","legacy_system_owner","requires_owner_confirmation_before_gate_d","N/A","N/A","0"
"b_tasks_role_relation","4","exclude_with_reason","outside_contract_scope_v1","legacy_system_owner","requires_owner_confirmation_before_gate_d","N/A","N/A","0"
"b_tasks_scenario","89","exclude_with_reason","outside_contract_scope_v1","legacy_system_owner","requires_owner_confirmation_before_gate_d","N/A","N/A","0"
"b_tasks_scorer","46","exclude_with_reason","outside_contract_scope_v1","legacy_system_owner","requires_owner_confirmation_before_gate_d","N/A","N/A","0"
"b_tasks_scorer_event","57","exclude_with_reason","outside_contract_scope_v1","legacy_system_owner","requires_owner_confirmation_before_gate_d","N/A","N/A","0"
"b_tasks_scorer_queue","0","exclude_with_reason","outside_contract_scope_v1","legacy_system_owner","requires_owner_confirmation_before_gate_d","N/A","N/A","0"
"b_tasks_scrum_chat","0","exclude_with_reason","outside_contract_scope_v1","legacy_system_owner","requires_owner_confirmation_before_gate_d","N/A","N/A","0"
"b_tasks_scrum_entity","6","exclude_with_reason","outside_contract_scope_v1","legacy_system_owner","requires_owner_confirmation_before_gate_d","N/A","N/A","0"
"b_tasks_scrum_epic","5","exclude_with_reason","outside_contract_scope_v1","legacy_system_owner","requires_owner_confirmation_before_gate_d","N/A","N/A","0"
"b_tasks_scrum_item","44","exclude_with_reason","outside_contract_scope_v1","legacy_system_owner","requires_owner_confirmation_before_gate_d","N/A","N/A","0"
"b_tasks_scrum_item_checklist_items","87","exclude_with_reason","outside_contract_scope_v1","legacy_system_owner","requires_owner_confirmation_before_gate_d","N/A","N/A","0"
"b_tasks_scrum_item_checklist_tree","152","exclude_with_reason","outside_contract_scope_v1","legacy_system_owner","requires_owner_confirmation_before_gate_d","N/A","N/A","0"
"b_tasks_scrum_type","5","exclude_with_reason","outside_contract_scope_v1","legacy_system_owner","requires_owner_confirmation_before_gate_d","N/A","N/A","0"
"b_tasks_scrum_type_checklist_items","11","exclude_with_reason","outside_contract_scope_v1","legacy_system_owner","requires_owner_confirmation_before_gate_d","N/A","N/A","0"
"b_tasks_scrum_type_checklist_tree","19","exclude_with_reason","outside_contract_scope_v1","legacy_system_owner","requires_owner_confirmation_before_gate_d","N/A","N/A","0"
"b_tasks_scrum_type_participants","1","exclude_with_reason","outside_contract_scope_v1","legacy_system_owner","requires_owner_confirmation_before_gate_d","N/A","N/A","0"
"b_tasks_search_index","107","exclude_with_reason","outside_contract_scope_v1","legacy_system_owner","requires_owner_confirmation_before_gate_d","N/A","N/A","0"
"b_tasks_sorting","0","exclude_with_reason","outside_contract_scope_v1","legacy_system_owner","requires_owner_confirmation_before_gate_d","N/A","N/A","0"
"b_tasks_sprint","0","exclude_with_reason","outside_contract_scope_v1","legacy_system_owner","requires_owner_confirmation_before_gate_d","N/A","N/A","0"
"b_tasks_stages","89","include_row_ledger","contract_scope_manifest_v2","migration_data_owner","baseline_approved_for_domain_migration","MIG-Q-B_TASKS_STAGES-V1","legacy-task-stage-definition-v1","89"
"b_tasks_syslog","0","exclude_with_reason","outside_contract_scope_v1","legacy_system_owner","requires_owner_confirmation_before_gate_d","N/A","N/A","0"
"b_tasks_tag","0","exclude_with_reason","outside_contract_scope_v1","legacy_system_owner","requires_owner_confirmation_before_gate_d","N/A","N/A","0"
"b_tasks_task_chat","0","exclude_with_reason","outside_contract_scope_v1","legacy_system_owner","requires_owner_confirmation_before_gate_d","N/A","N/A","0"
"b_tasks_task_dep","4","include_row_ledger","contract_scope_manifest_v2","migration_data_owner","baseline_approved_for_domain_migration","MIG-Q-B_TASKS_TASK_DEP-V1","legacy-task-dependency-v1","4"
"b_tasks_task_parameter","343","exclude_with_reason","outside_contract_scope_v1","legacy_system_owner","requires_owner_confirmation_before_gate_d","N/A","N/A","0"
"b_tasks_task_result_file","0","exclude_with_reason","outside_contract_scope_v1","legacy_system_owner","requires_owner_confirmation_before_gate_d","N/A","N/A","0"
"b_tasks_task_stage","174","include_row_ledger","contract_scope_manifest_v2","migration_data_owner","baseline_approved_for_domain_migration","MIG-Q-B_TASKS_TASK_STAGE-V1","legacy-task-stage-assignment-v1","174"
"b_tasks_task_tag","61","exclude_with_reason","outside_contract_scope_v1","legacy_system_owner","requires_owner_confirmation_before_gate_d","N/A","N/A","0"
"b_tasks_task_template_access","0","exclude_with_reason","outside_contract_scope_v1","legacy_system_owner","requires_owner_confirmation_before_gate_d","N/A","N/A","0"
"b_tasks_template","9","exclude_with_reason","outside_contract_scope_v1","legacy_system_owner","requires_owner_confirmation_before_gate_d","N/A","N/A","0"
"b_tasks_template_chl_item","0","exclude_with_reason","outside_contract_scope_v1","legacy_system_owner","requires_owner_confirmation_before_gate_d","N/A","N/A","0"
"b_tasks_template_chl_item_member","0","exclude_with_reason","outside_contract_scope_v1","legacy_system_owner","requires_owner_confirmation_before_gate_d","N/A","N/A","0"
"b_tasks_template_chl_item_tree","0","exclude_with_reason","outside_contract_scope_v1","legacy_system_owner","requires_owner_confirmation_before_gate_d","N/A","N/A","0"
"b_tasks_template_dep","2","exclude_with_reason","outside_contract_scope_v1","legacy_system_owner","requires_owner_confirmation_before_gate_d","N/A","N/A","0"
"b_tasks_template_dependence","0","exclude_with_reason","outside_contract_scope_v1","legacy_system_owner","requires_owner_confirmation_before_gate_d","N/A","N/A","0"
"b_tasks_template_member","18","exclude_with_reason","outside_contract_scope_v1","legacy_system_owner","requires_owner_confirmation_before_gate_d","N/A","N/A","0"
"b_tasks_template_permission","16","exclude_with_reason","outside_contract_scope_v1","legacy_system_owner","requires_owner_confirmation_before_gate_d","N/A","N/A","0"
"b_tasks_template_scenario","9","exclude_with_reason","outside_contract_scope_v1","legacy_system_owner","requires_owner_confirmation_before_gate_d","N/A","N/A","0"
"b_tasks_template_tag","0","exclude_with_reason","outside_contract_scope_v1","legacy_system_owner","requires_owner_confirmation_before_gate_d","N/A","N/A","0"
"b_tasks_timer","0","exclude_with_reason","outside_contract_scope_v1","legacy_system_owner","requires_owner_confirmation_before_gate_d","N/A","N/A","0"
"b_tasks_user_option","0","exclude_with_reason","outside_contract_scope_v1","legacy_system_owner","requires_owner_confirmation_before_gate_d","N/A","N/A","0"
"b_tasks_viewed","159","exclude_with_reason","outside_contract_scope_v1","legacy_system_owner","requires_owner_confirmation_before_gate_d","N/A","N/A","0"
"b_tasks_viewed_group","0","exclude_with_reason","outside_contract_scope_v1","legacy_system_owner","requires_owner_confirmation_before_gate_d","N/A","N/A","0"
"b_ticket","0","exclude_with_reason","outside_contract_scope_v1","legacy_system_owner","requires_owner_confirmation_before_gate_d","N/A","N/A","0"
"b_ticket_dictionary","18","exclude_with_reason","outside_contract_scope_v1","legacy_system_owner","requires_owner_confirmation_before_gate_d","N/A","N/A","0"
"b_ticket_dictionary_2_site","18","exclude_with_reason","outside_contract_scope_v1","legacy_system_owner","requires_owner_confirmation_before_gate_d","N/A","N/A","0"
"b_ticket_holidays","0","exclude_with_reason","outside_contract_scope_v1","legacy_system_owner","requires_owner_confirmation_before_gate_d","N/A","N/A","0"
"b_ticket_message","0","exclude_with_reason","outside_contract_scope_v1","legacy_system_owner","requires_owner_confirmation_before_gate_d","N/A","N/A","0"
"b_ticket_message_2_file","0","exclude_with_reason","outside_contract_scope_v1","legacy_system_owner","requires_owner_confirmation_before_gate_d","N/A","N/A","0"
"b_ticket_online","0","exclude_with_reason","outside_contract_scope_v1","legacy_system_owner","requires_owner_confirmation_before_gate_d","N/A","N/A","0"
"b_ticket_search","0","exclude_with_reason","outside_contract_scope_v1","legacy_system_owner","requires_owner_confirmation_before_gate_d","N/A","N/A","0"
"b_ticket_sla","1","exclude_with_reason","outside_contract_scope_v1","legacy_system_owner","requires_owner_confirmation_before_gate_d","N/A","N/A","0"
"b_ticket_sla_2_category","1","exclude_with_reason","outside_contract_scope_v1","legacy_system_owner","requires_owner_confirmation_before_gate_d","N/A","N/A","0"
"b_ticket_sla_2_criticality","1","exclude_with_reason","outside_contract_scope_v1","legacy_system_owner","requires_owner_confirmation_before_gate_d","N/A","N/A","0"
"b_ticket_sla_2_holidays","0","exclude_with_reason","outside_contract_scope_v1","legacy_system_owner","requires_owner_confirmation_before_gate_d","N/A","N/A","0"
"b_ticket_sla_2_mark","1","exclude_with_reason","outside_contract_scope_v1","legacy_system_owner","requires_owner_confirmation_before_gate_d","N/A","N/A","0"
"b_ticket_sla_2_site","1","exclude_with_reason","outside_contract_scope_v1","legacy_system_owner","requires_owner_confirmation_before_gate_d","N/A","N/A","0"
"b_ticket_sla_2_user_group","1","exclude_with_reason","outside_contract_scope_v1","legacy_system_owner","requires_owner_confirmation_before_gate_d","N/A","N/A","0"
"b_ticket_sla_shedule","0","exclude_with_reason","outside_contract_scope_v1","legacy_system_owner","requires_owner_confirmation_before_gate_d","N/A","N/A","0"
"b_ticket_supercoupons","0","exclude_with_reason","outside_contract_scope_v1","legacy_system_owner","requires_owner_confirmation_before_gate_d","N/A","N/A","0"
"b_ticket_supercoupons_log","0","exclude_with_reason","outside_contract_scope_v1","legacy_system_owner","requires_owner_confirmation_before_gate_d","N/A","N/A","0"
"b_ticket_timetable","0","exclude_with_reason","outside_contract_scope_v1","legacy_system_owner","requires_owner_confirmation_before_gate_d","N/A","N/A","0"
"b_ticket_timetable_cache","0","exclude_with_reason","outside_contract_scope_v1","legacy_system_owner","requires_owner_confirmation_before_gate_d","N/A","N/A","0"
"b_ticket_ugroups","0","exclude_with_reason","outside_contract_scope_v1","legacy_system_owner","requires_owner_confirmation_before_gate_d","N/A","N/A","0"
"b_ticket_user_ugroup","0","exclude_with_reason","outside_contract_scope_v1","legacy_system_owner","requires_owner_confirmation_before_gate_d","N/A","N/A","0"
"b_timeman_absence","0","exclude_with_reason","outside_contract_scope_v1","legacy_system_owner","requires_owner_confirmation_before_gate_d","N/A","N/A","0"
"b_timeman_entries","26","exclude_with_reason","outside_contract_scope_v1","legacy_system_owner","requires_owner_confirmation_before_gate_d","N/A","N/A","0"
"b_timeman_monitor_absence","0","exclude_with_reason","outside_contract_scope_v1","legacy_system_owner","requires_owner_confirmation_before_gate_d","N/A","N/A","0"
"b_timeman_monitor_comment","0","exclude_with_reason","outside_contract_scope_v1","legacy_system_owner","requires_owner_confirmation_before_gate_d","N/A","N/A","0"
"b_timeman_monitor_entity","0","exclude_with_reason","outside_contract_scope_v1","legacy_system_owner","requires_owner_confirmation_before_gate_d","N/A","N/A","0"
"b_timeman_monitor_report_comment","0","exclude_with_reason","outside_contract_scope_v1","legacy_system_owner","requires_owner_confirmation_before_gate_d","N/A","N/A","0"
"b_timeman_monitor_user_chart","0","exclude_with_reason","outside_contract_scope_v1","legacy_system_owner","requires_owner_confirmation_before_gate_d","N/A","N/A","0"
"b_timeman_monitor_user_log","0","exclude_with_reason","outside_contract_scope_v1","legacy_system_owner","requires_owner_confirmation_before_gate_d","N/A","N/A","0"
"b_timeman_report_daily","26","exclude_with_reason","outside_contract_scope_v1","legacy_system_owner","requires_owner_confirmation_before_gate_d","N/A","N/A","0"
"b_timeman_report_full","0","exclude_with_reason","outside_contract_scope_v1","legacy_system_owner","requires_owner_confirmation_before_gate_d","N/A","N/A","0"
"b_timeman_reports","46","exclude_with_reason","outside_contract_scope_v1","legacy_system_owner","requires_owner_confirmation_before_gate_d","N/A","N/A","0"
"b_timeman_task_access_code","3","exclude_with_reason","outside_contract_scope_v1","legacy_system_owner","requires_owner_confirmation_before_gate_d","N/A","N/A","0"
"b_timeman_work_calendar","15","exclude_with_reason","outside_contract_scope_v1","legacy_system_owner","requires_owner_confirmation_before_gate_d","N/A","N/A","0"
"b_timeman_work_calendar_exclusion","88","exclude_with_reason","outside_contract_scope_v1","legacy_system_owner","requires_owner_confirmation_before_gate_d","N/A","N/A","0"
"b_timeman_work_schedule","1","exclude_with_reason","outside_contract_scope_v1","legacy_system_owner","requires_owner_confirmation_before_gate_d","N/A","N/A","0"
"b_timeman_work_schedule_department","0","exclude_with_reason","outside_contract_scope_v1","legacy_system_owner","requires_owner_confirmation_before_gate_d","N/A","N/A","0"
"b_timeman_work_schedule_user","0","exclude_with_reason","outside_contract_scope_v1","legacy_system_owner","requires_owner_confirmation_before_gate_d","N/A","N/A","0"
"b_timeman_work_schedule_violation_rules","1","exclude_with_reason","outside_contract_scope_v1","legacy_system_owner","requires_owner_confirmation_before_gate_d","N/A","N/A","0"
"b_timeman_work_shift","1","exclude_with_reason","outside_contract_scope_v1","legacy_system_owner","requires_owner_confirmation_before_gate_d","N/A","N/A","0"
"b_timeman_work_shift_plan","0","exclude_with_reason","outside_contract_scope_v1","legacy_system_owner","requires_owner_confirmation_before_gate_d","N/A","N/A","0"
"b_timeman_work_time_event_log","78","exclude_with_reason","outside_contract_scope_v1","legacy_system_owner","requires_owner_confirmation_before_gate_d","N/A","N/A","0"
"b_transformer_command","55","exclude_with_reason","outside_contract_scope_v1","legacy_system_owner","requires_owner_confirmation_before_gate_d","N/A","N/A","0"
"b_translate_file","0","exclude_with_reason","outside_contract_scope_v1","legacy_system_owner","requires_owner_confirmation_before_gate_d","N/A","N/A","0"
"b_translate_path","0","exclude_with_reason","outside_contract_scope_v1","legacy_system_owner","requires_owner_confirmation_before_gate_d","N/A","N/A","0"
"b_translate_path_lang","0","exclude_with_reason","outside_contract_scope_v1","legacy_system_owner","requires_owner_confirmation_before_gate_d","N/A","N/A","0"
"b_translate_path_tree","0","exclude_with_reason","outside_contract_scope_v1","legacy_system_owner","requires_owner_confirmation_before_gate_d","N/A","N/A","0"
"b_translate_phrase","0","exclude_with_reason","outside_contract_scope_v1","legacy_system_owner","requires_owner_confirmation_before_gate_d","N/A","N/A","0"
"b_translate_phrase_fts_en","0","exclude_with_reason","outside_contract_scope_v1","legacy_system_owner","requires_owner_confirmation_before_gate_d","N/A","N/A","0"
"b_translate_phrase_fts_ru","0","exclude_with_reason","outside_contract_scope_v1","legacy_system_owner","requires_owner_confirmation_before_gate_d","N/A","N/A","0"
"b_ui_avatar_mask_access","0","exclude_with_reason","outside_contract_scope_v1","legacy_system_owner","requires_owner_confirmation_before_gate_d","N/A","N/A","0"
"b_ui_avatar_mask_file_deleted","0","exclude_with_reason","outside_contract_scope_v1","legacy_system_owner","requires_owner_confirmation_before_gate_d","N/A","N/A","0"
"b_ui_avatar_mask_group","0","exclude_with_reason","outside_contract_scope_v1","legacy_system_owner","requires_owner_confirmation_before_gate_d","N/A","N/A","0"
"b_ui_avatar_mask_item","0","exclude_with_reason","outside_contract_scope_v1","legacy_system_owner","requires_owner_confirmation_before_gate_d","N/A","N/A","0"
"b_ui_avatar_mask_item_applied_to","0","exclude_with_reason","outside_contract_scope_v1","legacy_system_owner","requires_owner_confirmation_before_gate_d","N/A","N/A","0"
"b_ui_avatar_mask_recently_used","0","exclude_with_reason","outside_contract_scope_v1","legacy_system_owner","requires_owner_confirmation_before_gate_d","N/A","N/A","0"
"b_ui_entity_editor_config","1","exclude_with_reason","outside_contract_scope_v1","legacy_system_owner","requires_owner_confirmation_before_gate_d","N/A","N/A","0"
"b_ui_entity_editor_config_ac","5","exclude_with_reason","outside_contract_scope_v1","legacy_system_owner","requires_owner_confirmation_before_gate_d","N/A","N/A","0"
"b_ui_file_uploader_temp_file","0","exclude_with_reason","outside_contract_scope_v1","legacy_system_owner","requires_owner_confirmation_before_gate_d","N/A","N/A","0"
"b_undo","0","exclude_with_reason","outside_contract_scope_v1","legacy_system_owner","requires_owner_confirmation_before_gate_d","N/A","N/A","0"
"b_urlpreview_metadata","0","exclude_with_reason","outside_contract_scope_v1","legacy_system_owner","requires_owner_confirmation_before_gate_d","N/A","N/A","0"
"b_urlpreview_route","24","exclude_with_reason","outside_contract_scope_v1","legacy_system_owner","requires_owner_confirmation_before_gate_d","N/A","N/A","0"
"b_user","218","include_row_ledger","contract_scope_manifest_v2","migration_data_owner","baseline_approved_for_domain_migration","MIG-Q-B_USER-V2","actor-v2","218"
"b_user_access","616","exclude_with_reason","outside_contract_scope_v1","legacy_system_owner","requires_owner_confirmation_before_gate_d","N/A","N/A","0"
"b_user_access_check","15","exclude_with_reason","outside_contract_scope_v1","legacy_system_owner","requires_owner_confirmation_before_gate_d","N/A","N/A","0"
"b_user_auth_action","0","exclude_with_reason","outside_contract_scope_v1","legacy_system_owner","requires_owner_confirmation_before_gate_d","N/A","N/A","0"
"b_user_auth_code","0","exclude_with_reason","outside_contract_scope_v1","legacy_system_owner","requires_owner_confirmation_before_gate_d","N/A","N/A","0"
"b_user_counter","987","exclude_with_reason","outside_contract_scope_v1","legacy_system_owner","requires_owner_confirmation_before_gate_d","N/A","N/A","0"
"b_user_device","0","exclude_with_reason","outside_contract_scope_v1","legacy_system_owner","requires_owner_confirmation_before_gate_d","N/A","N/A","0"
"b_user_device_login","0","exclude_with_reason","outside_contract_scope_v1","legacy_system_owner","requires_owner_confirmation_before_gate_d","N/A","N/A","0"
"b_user_digest","218","exclude_with_reason","outside_contract_scope_v1","legacy_system_owner","requires_owner_confirmation_before_gate_d","N/A","N/A","0"
"b_user_field","366","include_row_ledger","contract_scope_manifest_v2","migration_data_owner","baseline_approved_for_domain_migration","MIG-Q-B_USER_FIELD-V1","source-field-definition-v1","366"
"b_user_field_confirm","0","exclude_with_reason","outside_contract_scope_v1","legacy_system_owner","requires_owner_confirmation_before_gate_d","N/A","N/A","0"
"b_user_field_enum","650","include_row_ledger","contract_scope_manifest_v2","migration_data_owner","baseline_approved_for_domain_migration","MIG-Q-B_USER_FIELD_ENUM-V1","source-enum-value-v1","650"
"b_user_field_lang","660","include_row_ledger","contract_scope_manifest_v2","migration_data_owner","baseline_approved_for_domain_migration","MIG-Q-B_USER_FIELD_LANG-V1","source-field-label-v1","660"
"b_user_field_permission","2","exclude_with_reason","outside_contract_scope_v1","legacy_system_owner","requires_owner_confirmation_before_gate_d","N/A","N/A","0"
"b_user_group","70","include_row_ledger","contract_scope_manifest_v2","migration_data_owner","baseline_approved_for_domain_migration","MIG-Q-B_USER_GROUP-V1","role-evidence-v1","70"
"b_user_hit_auth","14","exclude_with_reason","outside_contract_scope_v1","legacy_system_owner","requires_owner_confirmation_before_gate_d","N/A","N/A","0"
"b_user_index","218","exclude_with_reason","outside_contract_scope_v1","legacy_system_owner","requires_owner_confirmation_before_gate_d","N/A","N/A","0"
"b_user_option","2260","exclude_with_reason","outside_contract_scope_v1","legacy_system_owner","requires_owner_confirmation_before_gate_d","N/A","N/A","0"
"b_user_password","226","exclude_with_reason","outside_contract_scope_v1","legacy_system_owner","requires_owner_confirmation_before_gate_d","N/A","N/A","0"
"b_user_phone_auth","0","exclude_with_reason","outside_contract_scope_v1","legacy_system_owner","requires_owner_confirmation_before_gate_d","N/A","N/A","0"
"b_user_profile_history","0","exclude_with_reason","outside_contract_scope_v1","legacy_system_owner","requires_owner_confirmation_before_gate_d","N/A","N/A","0"
"b_user_profile_record","0","exclude_with_reason","outside_contract_scope_v1","legacy_system_owner","requires_owner_confirmation_before_gate_d","N/A","N/A","0"
"b_user_session","0","exclude_with_reason","outside_contract_scope_v1","legacy_system_owner","requires_owner_confirmation_before_gate_d","N/A","N/A","0"
"b_user_stored_auth","19","exclude_with_reason","outside_contract_scope_v1","legacy_system_owner","requires_owner_confirmation_before_gate_d","N/A","N/A","0"
"b_utm_blog_comment","0","exclude_with_reason","outside_contract_scope_v1","legacy_system_owner","requires_owner_confirmation_before_gate_d","N/A","N/A","0"
"b_utm_blog_post","0","exclude_with_reason","outside_contract_scope_v1","legacy_system_owner","requires_owner_confirmation_before_gate_d","N/A","N/A","0"
"b_utm_calendar_event","724","exclude_with_reason","outside_contract_scope_v1","legacy_system_owner","requires_owner_confirmation_before_gate_d","N/A","N/A","0"
"b_utm_crm_activity","0","exclude_with_reason","outside_contract_scope_v1","legacy_system_owner","requires_owner_confirmation_before_gate_d","N/A","N/A","0"
"b_utm_crm_company","318","exclude_with_reason","outside_contract_scope_v1","legacy_system_owner","requires_owner_confirmation_before_gate_d","N/A","N/A","0"
"b_utm_crm_company_spd","3","exclude_with_reason","outside_contract_scope_v1","legacy_system_owner","requires_owner_confirmation_before_gate_d","N/A","N/A","0"
"b_utm_crm_contact","1370","include_row_ledger","contract_scope_manifest_v2","migration_data_owner","baseline_approved_for_domain_migration","MIG-Q-B_UTM_CRM_CONTACT-V1","contact-multivalue-v1","1370"
"b_utm_crm_contact_spd","0","exclude_with_reason","outside_contract_scope_v1","legacy_system_owner","requires_owner_confirmation_before_gate_d","N/A","N/A","0"
"b_utm_crm_deal","1868","include_row_ledger","contract_scope_manifest_v2","migration_data_owner","baseline_approved_for_domain_migration","MIG-Q-B_UTM_CRM_DEAL-V1","deal-multivalue-v1","1868"
"b_utm_crm_deal_spd","8","exclude_with_reason","outside_contract_scope_v1","legacy_system_owner","requires_owner_confirmation_before_gate_d","N/A","N/A","0"
"b_utm_crm_invoice","0","exclude_with_reason","outside_contract_scope_v1","legacy_system_owner","requires_owner_confirmation_before_gate_d","N/A","N/A","0"
"b_utm_crm_lead","0","exclude_with_reason","outside_contract_scope_v1","legacy_system_owner","requires_owner_confirmation_before_gate_d","N/A","N/A","0"
"b_utm_crm_lead_spd","0","exclude_with_reason","outside_contract_scope_v1","legacy_system_owner","requires_owner_confirmation_before_gate_d","N/A","N/A","0"
"b_utm_crm_mail_template","0","exclude_with_reason","outside_contract_scope_v1","legacy_system_owner","requires_owner_confirmation_before_gate_d","N/A","N/A","0"
"b_utm_crm_quote","0","exclude_with_reason","outside_contract_scope_v1","legacy_system_owner","requires_owner_confirmation_before_gate_d","N/A","N/A","0"
"b_utm_crm_timeline","27","include_row_ledger","contract_scope_manifest_v2","migration_data_owner","baseline_approved_for_domain_migration","MIG-Q-B_UTM_CRM_TIMELINE-V1","crm-timeline-attachment-v1","27"
"b_utm_forum_message","0","exclude_with_reason","outside_contract_scope_v1","legacy_system_owner","requires_owner_confirmation_before_gate_d","N/A","N/A","0"
"b_utm_iblock_3_section","0","exclude_with_reason","outside_contract_scope_v1","legacy_system_owner","requires_owner_confirmation_before_gate_d","N/A","N/A","0"
"b_utm_product","0","exclude_with_reason","outside_contract_scope_v1","legacy_system_owner","requires_owner_confirmation_before_gate_d","N/A","N/A","0"
"b_utm_recyclebin_disk","0","exclude_with_reason","outside_contract_scope_v1","legacy_system_owner","requires_owner_confirmation_before_gate_d","N/A","N/A","0"
"b_utm_rpa_comment","0","exclude_with_reason","outside_contract_scope_v1","legacy_system_owner","requires_owner_confirmation_before_gate_d","N/A","N/A","0"
"b_utm_sonet_comment","0","exclude_with_reason","outside_contract_scope_v1","legacy_system_owner","requires_owner_confirmation_before_gate_d","N/A","N/A","0"
"b_utm_sonet_group","0","exclude_with_reason","outside_contract_scope_v1","legacy_system_owner","requires_owner_confirmation_before_gate_d","N/A","N/A","0"
"b_utm_sonet_log","0","exclude_with_reason","outside_contract_scope_v1","legacy_system_owner","requires_owner_confirmation_before_gate_d","N/A","N/A","0"
"b_utm_tasks_scrum_epic","0","exclude_with_reason","outside_contract_scope_v1","legacy_system_owner","requires_owner_confirmation_before_gate_d","N/A","N/A","0"
"b_utm_tasks_scrum_item","0","exclude_with_reason","outside_contract_scope_v1","legacy_system_owner","requires_owner_confirmation_before_gate_d","N/A","N/A","0"
"b_utm_tasks_task","65","exclude_with_reason","outside_contract_scope_v1","legacy_system_owner","requires_owner_confirmation_before_gate_d","N/A","N/A","0"
"b_utm_tasks_task_checklist","0","exclude_with_reason","outside_contract_scope_v1","legacy_system_owner","requires_owner_confirmation_before_gate_d","N/A","N/A","0"
"b_utm_tasks_task_result","0","exclude_with_reason","outside_contract_scope_v1","legacy_system_owner","requires_owner_confirmation_before_gate_d","N/A","N/A","0"
"b_utm_tasks_task_template","0","exclude_with_reason","outside_contract_scope_v1","legacy_system_owner","requires_owner_confirmation_before_gate_d","N/A","N/A","0"
"b_utm_tasks_task_template_checklist","0","exclude_with_reason","outside_contract_scope_v1","legacy_system_owner","requires_owner_confirmation_before_gate_d","N/A","N/A","0"
"b_utm_user","29","include_row_ledger","contract_scope_manifest_v2","migration_data_owner","baseline_approved_for_domain_migration","MIG-Q-B_UTM_USER-V1","employee-unit-v1","29"
"b_utm_user_legal","0","exclude_with_reason","outside_contract_scope_v1","legacy_system_owner","requires_owner_confirmation_before_gate_d","N/A","N/A","0"
"b_uts_blog_comment","0","exclude_with_reason","outside_contract_scope_v1","legacy_system_owner","requires_owner_confirmation_before_gate_d","N/A","N/A","0"
"b_uts_blog_post","2","exclude_with_reason","outside_contract_scope_v1","legacy_system_owner","requires_owner_confirmation_before_gate_d","N/A","N/A","0"
"b_uts_calendar_event","759","exclude_with_reason","outside_contract_scope_v1","legacy_system_owner","requires_owner_confirmation_before_gate_d","N/A","N/A","0"
"b_uts_crm_activity","959","exclude_with_reason","outside_contract_scope_v1","legacy_system_owner","requires_owner_confirmation_before_gate_d","N/A","N/A","0"
"b_uts_crm_company","516","exclude_with_reason","outside_contract_scope_v1","legacy_system_owner","requires_owner_confirmation_before_gate_d","N/A","N/A","0"
"b_uts_crm_company_spd","8","exclude_with_reason","outside_contract_scope_v1","legacy_system_owner","requires_owner_confirmation_before_gate_d","N/A","N/A","0"
"b_uts_crm_contact","3186","include_row_ledger","contract_scope_manifest_v2","migration_data_owner","baseline_approved_for_domain_migration","MIG-Q-B_UTS_CRM_CONTACT-V1","contact-custom-fields-v1","3186"
"b_uts_crm_contact_spd","261","exclude_with_reason","outside_contract_scope_v1","legacy_system_owner","requires_owner_confirmation_before_gate_d","N/A","N/A","0"
"b_uts_crm_deal","1898","include_row_ledger","contract_scope_manifest_v2","migration_data_owner","baseline_approved_for_domain_migration","MIG-Q-B_UTS_CRM_DEAL-V1","deal-custom-fields-v1","1898"
"b_uts_crm_deal_spd","330","exclude_with_reason","outside_contract_scope_v1","legacy_system_owner","requires_owner_confirmation_before_gate_d","N/A","N/A","0"
"b_uts_crm_invoice","2","exclude_with_reason","outside_contract_scope_v1","legacy_system_owner","requires_owner_confirmation_before_gate_d","N/A","N/A","0"
"b_uts_crm_lead","5","exclude_with_reason","outside_contract_scope_v1","legacy_system_owner","requires_owner_confirmation_before_gate_d","N/A","N/A","0"
"b_uts_crm_lead_spd","3","exclude_with_reason","outside_contract_scope_v1","legacy_system_owner","requires_owner_confirmation_before_gate_d","N/A","N/A","0"
"b_uts_crm_mail_template","5","exclude_with_reason","outside_contract_scope_v1","legacy_system_owner","requires_owner_confirmation_before_gate_d","N/A","N/A","0"
"b_uts_crm_quote","0","exclude_with_reason","outside_contract_scope_v1","legacy_system_owner","requires_owner_confirmation_before_gate_d","N/A","N/A","0"
"b_uts_crm_timeline","4270","exclude_with_reason","outside_contract_scope_v1","legacy_system_owner","requires_owner_confirmation_before_gate_d","N/A","N/A","0"
"b_uts_forum_message","245","exclude_with_reason","outside_contract_scope_v1","legacy_system_owner","requires_owner_confirmation_before_gate_d","N/A","N/A","0"
"b_uts_iblock_3_section","5","include_row_ledger","contract_scope_manifest_v2","migration_data_owner","baseline_approved_for_domain_migration","MIG-Q-B_UTS_IBLOCK_3_SECTION-V1","organization-unit-head-v1","5"
"b_uts_product","0","exclude_with_reason","outside_contract_scope_v1","legacy_system_owner","requires_owner_confirmation_before_gate_d","N/A","N/A","0"
"b_uts_recyclebin_disk","0","exclude_with_reason","outside_contract_scope_v1","legacy_system_owner","requires_owner_confirmation_before_gate_d","N/A","N/A","0"
"b_uts_rpa_comment","0","exclude_with_reason","outside_contract_scope_v1","legacy_system_owner","requires_owner_confirmation_before_gate_d","N/A","N/A","0"
"b_uts_sonet_comment","6","exclude_with_reason","outside_contract_scope_v1","legacy_system_owner","requires_owner_confirmation_before_gate_d","N/A","N/A","0"
"b_uts_sonet_group","0","exclude_with_reason","outside_contract_scope_v1","legacy_system_owner","requires_owner_confirmation_before_gate_d","N/A","N/A","0"
"b_uts_sonet_log","0","exclude_with_reason","outside_contract_scope_v1","legacy_system_owner","requires_owner_confirmation_before_gate_d","N/A","N/A","0"
"b_uts_tasks_scrum_epic","1","exclude_with_reason","outside_contract_scope_v1","legacy_system_owner","requires_owner_confirmation_before_gate_d","N/A","N/A","0"
"b_uts_tasks_scrum_item","0","exclude_with_reason","outside_contract_scope_v1","legacy_system_owner","requires_owner_confirmation_before_gate_d","N/A","N/A","0"
"b_uts_tasks_task","76","exclude_with_reason","outside_contract_scope_v1","legacy_system_owner","requires_owner_confirmation_before_gate_d","N/A","N/A","0"
"b_uts_tasks_task_checklist","0","exclude_with_reason","outside_contract_scope_v1","legacy_system_owner","requires_owner_confirmation_before_gate_d","N/A","N/A","0"
"b_uts_tasks_task_result","3","exclude_with_reason","outside_contract_scope_v1","legacy_system_owner","requires_owner_confirmation_before_gate_d","N/A","N/A","0"
"b_uts_tasks_task_template","2","exclude_with_reason","outside_contract_scope_v1","legacy_system_owner","requires_owner_confirmation_before_gate_d","N/A","N/A","0"
"b_uts_tasks_task_template_checklist","0","exclude_with_reason","outside_contract_scope_v1","legacy_system_owner","requires_owner_confirmation_before_gate_d","N/A","N/A","0"
"b_uts_user","21","exclude_with_reason","outside_contract_scope_v1","legacy_system_owner","requires_owner_confirmation_before_gate_d","N/A","N/A","0"
"b_uts_user_legal","0","exclude_with_reason","outside_contract_scope_v1","legacy_system_owner","requires_owner_confirmation_before_gate_d","N/A","N/A","0"
"b_vote","3","exclude_with_reason","outside_contract_scope_v1","legacy_system_owner","requires_owner_confirmation_before_gate_d","N/A","N/A","0"
"b_vote_answer","10","exclude_with_reason","outside_contract_scope_v1","legacy_system_owner","requires_owner_confirmation_before_gate_d","N/A","N/A","0"
"b_vote_attached_object","1","exclude_with_reason","outside_contract_scope_v1","legacy_system_owner","requires_owner_confirmation_before_gate_d","N/A","N/A","0"
"b_vote_channel","3","exclude_with_reason","outside_contract_scope_v1","legacy_system_owner","requires_owner_confirmation_before_gate_d","N/A","N/A","0"
"b_vote_channel_2_group","32","exclude_with_reason","outside_contract_scope_v1","legacy_system_owner","requires_owner_confirmation_before_gate_d","N/A","N/A","0"
"b_vote_channel_2_site","3","exclude_with_reason","outside_contract_scope_v1","legacy_system_owner","requires_owner_confirmation_before_gate_d","N/A","N/A","0"
"b_vote_event","5","exclude_with_reason","outside_contract_scope_v1","legacy_system_owner","requires_owner_confirmation_before_gate_d","N/A","N/A","0"
"b_vote_event_answer","5","exclude_with_reason","outside_contract_scope_v1","legacy_system_owner","requires_owner_confirmation_before_gate_d","N/A","N/A","0"
"b_vote_event_question","5","exclude_with_reason","outside_contract_scope_v1","legacy_system_owner","requires_owner_confirmation_before_gate_d","N/A","N/A","0"
"b_vote_question","3","exclude_with_reason","outside_contract_scope_v1","legacy_system_owner","requires_owner_confirmation_before_gate_d","N/A","N/A","0"
"b_vote_user","5","exclude_with_reason","outside_contract_scope_v1","legacy_system_owner","requires_owner_confirmation_before_gate_d","N/A","N/A","0"
"b_workflow_document","0","exclude_with_reason","outside_contract_scope_v1","legacy_system_owner","requires_owner_confirmation_before_gate_d","N/A","N/A","0"
"b_workflow_file","0","exclude_with_reason","outside_contract_scope_v1","legacy_system_owner","requires_owner_confirmation_before_gate_d","N/A","N/A","0"
"b_workflow_log","0","exclude_with_reason","outside_contract_scope_v1","legacy_system_owner","requires_owner_confirmation_before_gate_d","N/A","N/A","0"
"b_workflow_move","0","exclude_with_reason","outside_contract_scope_v1","legacy_system_owner","requires_owner_confirmation_before_gate_d","N/A","N/A","0"
"b_workflow_preview","0","exclude_with_reason","outside_contract_scope_v1","legacy_system_owner","requires_owner_confirmation_before_gate_d","N/A","N/A","0"
"b_workflow_status","3","exclude_with_reason","outside_contract_scope_v1","legacy_system_owner","requires_owner_confirmation_before_gate_d","N/A","N/A","0"
"b_workflow_status2group","0","exclude_with_reason","outside_contract_scope_v1","legacy_system_owner","requires_owner_confirmation_before_gate_d","N/A","N/A","0"
"b_xdi_lf_scheme","1","exclude_with_reason","outside_contract_scope_v1","legacy_system_owner","requires_owner_confirmation_before_gate_d","N/A","N/A","0"
"b_xdi_lf_scheme_right","1","exclude_with_reason","outside_contract_scope_v1","legacy_system_owner","requires_owner_confirmation_before_gate_d","N/A","N/A","0"
"b_xdi_user_right","1","exclude_with_reason","outside_contract_scope_v1","legacy_system_owner","requires_owner_confirmation_before_gate_d","N/A","N/A","0"
"b_xml_tree","227","exclude_with_reason","outside_contract_scope_v1","legacy_system_owner","requires_owner_confirmation_before_gate_d","N/A","N/A","0"
