"table","rows","columns","has_primary_key","unique_indexes","secondary_indexes","foreign_keys","checks","engine","collation","sensitive_column_classes"
"b_abtest",9,14,true,0,0,0,0,"InnoDB","utf8mb4_0900_ai_ci","person_name"
"b_admin_notify",0,7,true,0,1,0,0,"InnoDB","utf8mb4_0900_ai_ci","message_content"
"b_admin_notify_lang",0,4,true,1,1,0,0,"InnoDB","utf8mb4_0900_ai_ci","message_content"
"b_adv_banner",11,52,true,0,2,0,0,"InnoDB","utf8mb4_0900_ai_ci","person_name"
"b_adv_banner_2_country",0,4,false,0,3,0,0,"InnoDB","utf8mb4_0900_ai_ci","address_location"
"b_adv_banner_2_day",0,5,true,0,0,0,0,"InnoDB","utf8mb4_0900_ai_ci",""
"b_adv_banner_2_group",0,2,true,0,0,0,0,"InnoDB","utf8mb4_0900_ai_ci",""
"b_adv_banner_2_page",0,4,true,0,1,0,0,"InnoDB","utf8mb4_0900_ai_ci",""
"b_adv_banner_2_site",11,2,true,0,0,0,0,"InnoDB","utf8mb4_0900_ai_ci",""
"b_adv_banner_2_stat_adv",0,2,true,0,0,0,0,"InnoDB","utf8mb4_0900_ai_ci",""
"b_adv_banner_2_weekday",1848,3,true,0,0,0,0,"InnoDB","utf8mb4_0900_ai_ci",""
"b_adv_contract",1,22,true,0,0,0,0,"InnoDB","utf8mb4_0900_ai_ci","email|message_content|person_name"
"b_adv_contract_2_page",0,4,true,0,1,0,0,"InnoDB","utf8mb4_0900_ai_ci",""
"b_adv_contract_2_site",1,2,true,0,0,0,0,"InnoDB","utf8mb4_0900_ai_ci",""
"b_adv_contract_2_type",1,2,true,0,0,0,0,"InnoDB","utf8mb4_0900_ai_ci",""
"b_adv_contract_2_user",0,4,true,0,1,0,0,"InnoDB","utf8mb4_0900_ai_ci",""
"b_adv_contract_2_weekday",168,3,true,0,0,0,0,"InnoDB","utf8mb4_0900_ai_ci",""
"b_adv_type",5,9,true,0,0,0,0,"InnoDB","utf8mb4_0900_ai_ci","message_content|person_name"
"b_agent",236,13,true,0,5,0,0,"InnoDB","utf8mb4_0900_ai_ci","person_name"
"b_ai_baas_package",0,3,true,0,1,0,0,"InnoDB","utf8mb4_0900_ai_ci",""
"b_ai_chatbot_chat",0,7,true,1,0,0,0,"InnoDB","utf8mb4_0900_ai_ci",""
"b_ai_chatbot_chatbot",1,5,true,0,1,0,0,"InnoDB","utf8mb4_0900_ai_ci",""
"b_ai_chatbot_message",0,7,true,0,1,0,0,"InnoDB","utf8mb4_0900_ai_ci","message_content"
"b_ai_chatbot_message_unread",0,5,true,0,1,0,0,"InnoDB","utf8mb4_0900_ai_ci","message_content"
"b_ai_counter",0,3,true,1,0,0,0,"InnoDB","utf8mb4_0900_ai_ci","person_name"
"b_ai_engine",0,8,true,0,2,0,0,"InnoDB","utf8mb4_0900_ai_ci","person_name"
"b_ai_history",0,15,true,0,2,0,0,"InnoDB","utf8mb4_0900_ai_ci","message_content"
"b_ai_image_style_prompt",37,8,true,0,1,0,0,"InnoDB","utf8mb4_0900_ai_ci","authentication_secret|person_name"
"b_ai_plan",18,5,true,0,1,0,0,"InnoDB","utf8mb4_0900_ai_ci","authentication_secret"
"b_ai_prompt",210,23,true,0,5,0,0,"InnoDB","utf8mb4_0900_ai_ci","authentication_secret|message_content"
"b_ai_prompt_category",424,2,false,1,2,0,0,"InnoDB","utf8mb4_0900_ai_ci",""
"b_ai_prompt_display_rule",0,5,true,0,2,0,0,"InnoDB","utf8mb4_0900_ai_ci","person_name"
"b_ai_prompt_owner",0,5,true,1,2,0,0,"InnoDB","utf8mb4_0900_ai_ci",""
"b_ai_prompt_owner_option",0,3,true,1,0,0,0,"InnoDB","utf8mb4_0900_ai_ci",""
"b_ai_prompt_share",0,5,true,1,2,0,0,"InnoDB","utf8mb4_0900_ai_ci",""
"b_ai_prompt_translate_name",3377,4,true,1,1,0,0,"InnoDB","utf8mb4_0900_ai_ci","message_content"
"b_ai_queue",0,13,true,1,1,0,0,"InnoDB","utf8mb4_0900_ai_ci","authentication_secret"
"b_ai_recent_role",15,5,true,1,1,0,0,"InnoDB","utf8mb4_0900_ai_ci",""
"b_ai_role",33,19,true,0,5,0,0,"InnoDB","utf8mb4_0900_ai_ci","authentication_secret|message_content|person_name"
"b_ai_role_display_rule",0,5,true,0,2,0,0,"InnoDB","utf8mb4_0900_ai_ci","person_name"
"b_ai_role_favorite",1,4,true,1,0,0,0,"InnoDB","utf8mb4_0900_ai_ci",""
"b_ai_role_industry",1,7,true,1,1,0,0,"InnoDB","utf8mb4_0900_ai_ci","authentication_secret|person_name"
"b_ai_role_owner",0,4,true,1,2,0,0,"InnoDB","utf8mb4_0900_ai_ci",""
"b_ai_role_prompt",114,3,true,0,0,0,0,"InnoDB","utf8mb4_0900_ai_ci",""
"b_ai_role_share",16,5,true,1,2,0,0,"InnoDB","utf8mb4_0900_ai_ci",""
"b_ai_role_translate_description",540,4,true,1,1,0,0,"InnoDB","utf8mb4_0900_ai_ci","message_content"
"b_ai_role_translate_name",540,4,true,1,1,0,0,"InnoDB","utf8mb4_0900_ai_ci","message_content"
"b_ai_section",8,5,true,0,1,0,0,"InnoDB","utf8mb4_0900_ai_ci","authentication_secret"
"b_ai_usage",6,5,true,0,2,0,0,"InnoDB","utf8mb4_0900_ai_ci",""
"b_app_password",13,11,true,0,1,0,0,"InnoDB","utf8mb4_0900_ai_ci","authentication_secret|message_content|network_device"
"b_b24connector_button_site",0,3,true,0,1,0,0,"InnoDB","utf8mb4_0900_ai_ci",""
"b_b24connector_buttons",0,6,true,0,0,0,0,"InnoDB","utf8mb4_0900_ai_ci","person_name"
"b_biconnector_dashboard",0,8,true,0,0,0,0,"InnoDB","utf8mb4_0900_ai_ci","person_name"
"b_biconnector_dashboard_user",0,5,true,0,2,0,0,"InnoDB","utf8mb4_0900_ai_ci",""
"b_biconnector_dict_structure_agg",5,5,true,0,0,0,0,"InnoDB","utf8mb4_0900_ai_ci","person_name"
"b_biconnector_dictionary_cache",4,3,true,0,0,0,0,"InnoDB","utf8mb4_0900_ai_ci",""
"b_biconnector_dictionary_data",44,3,true,0,0,0,0,"InnoDB","utf8mb4_0900_ai_ci",""
"b_biconnector_external_dataset",0,11,true,1,0,0,0,"InnoDB","utf8mb4_0900_ai_ci","message_content|person_name"
"b_biconnector_external_dataset_field",0,6,true,0,1,0,0,"InnoDB","utf8mb4_0900_ai_ci","person_name"
"b_biconnector_external_dataset_field_format",0,4,true,0,1,0,0,"InnoDB","utf8mb4_0900_ai_ci",""
"b_biconnector_external_source",0,10,true,0,0,0,0,"InnoDB","utf8mb4_0900_ai_ci","message_content"
"b_biconnector_external_source_dataset_relation",0,3,true,0,1,0,0,"InnoDB","utf8mb4_0900_ai_ci",""
"b_biconnector_external_source_rest",0,3,true,1,0,0,0,"InnoDB","utf8mb4_0900_ai_ci",""
"b_biconnector_external_source_rest_connector",0,12,true,0,0,0,0,"InnoDB","utf8mb4_0900_ai_ci","message_content"
"b_biconnector_external_source_settings",0,6,true,0,1,0,0,"InnoDB","utf8mb4_0900_ai_ci","person_name"
"b_biconnector_key",1,10,true,0,2,0,0,"InnoDB","utf8mb4_0900_ai_ci",""
"b_biconnector_key_user",0,5,true,0,2,0,0,"InnoDB","utf8mb4_0900_ai_ci",""
"b_biconnector_log",240,14,true,0,2,0,0,"InnoDB","utf8mb4_0900_ai_ci",""
"b_biconnector_permission",47,4,true,0,2,0,0,"InnoDB","utf8mb4_0900_ai_ci",""
"b_biconnector_permission_tmp",16,4,true,0,2,0,0,"InnoDB","utf8mb4_0900_ai_ci",""
"b_biconnector_role",3,2,true,0,0,0,0,"InnoDB","utf8mb4_0900_ai_ci","person_name"
"b_biconnector_role_relation",5,3,true,0,2,0,0,"InnoDB","utf8mb4_0900_ai_ci",""
"b_biconnector_superset_dashboard",35,15,true,0,3,0,0,"InnoDB","utf8mb4_0900_ai_ci",""
"b_biconnector_superset_dashboard_group",5,7,true,1,0,0,0,"InnoDB","utf8mb4_0900_ai_ci","person_name"
"b_biconnector_superset_dashboard_group_binding",32,3,true,1,0,0,0,"InnoDB","utf8mb4_0900_ai_ci",""
"b_biconnector_superset_dashboard_group_binding_tmp",0,3,true,1,0,0,0,"InnoDB","utf8mb4_0900_ai_ci",""
"b_biconnector_superset_dashboard_group_scope",5,3,true,1,0,0,0,"InnoDB","utf8mb4_0900_ai_ci",""
"b_biconnector_superset_dashboard_group_scope_tmp",5,3,true,1,0,0,0,"InnoDB","utf8mb4_0900_ai_ci",""
"b_biconnector_superset_dashboard_group_tmp",5,7,true,1,0,0,0,"InnoDB","utf8mb4_0900_ai_ci","person_name"
"b_biconnector_superset_dashboard_tag",0,3,true,1,0,0,0,"InnoDB","utf8mb4_0900_ai_ci",""
"b_biconnector_superset_dashboard_url_parameter",19,3,true,0,2,0,0,"InnoDB","utf8mb4_0900_ai_ci",""
"b_biconnector_superset_scope",42,3,true,1,0,0,0,"InnoDB","utf8mb4_0900_ai_ci",""
"b_biconnector_superset_tag",0,3,true,1,0,0,0,"InnoDB","utf8mb4_0900_ai_ci",""
"b_biconnector_superset_user",7,5,true,0,0,0,0,"InnoDB","utf8mb4_0900_ai_ci","authentication_secret"
"b_bitrixcloud_option",4,5,true,0,1,0,0,"InnoDB","utf8mb4_0900_ai_ci","person_name"
"b_blog",16,26,true,1,4,0,0,"InnoDB","utf8mb4_0900_ai_ci","email|message_content|person_name"
"b_blog_category",2,3,true,1,0,0,0,"InnoDB","utf8mb4_0900_ai_ci","person_name"
"b_blog_comment",1,17,true,0,4,0,0,"InnoDB","utf8mb4_0900_ai_ci","email|message_content|network_device|person_name"
"b_blog_group",1,3,true,0,1,0,0,"InnoDB","utf8mb4_0900_ai_ci","person_name"
"b_blog_image",0,10,true,0,1,0,0,"InnoDB","utf8mb4_0900_ai_ci","message_content"
"b_blog_post",3,34,true,0,7,0,0,"InnoDB","utf8mb4_0900_ai_ci","message_content"
"b_blog_post_category",2,4,true,1,1,0,0,"InnoDB","utf8mb4_0900_ai_ci",""
"b_blog_post_param",0,5,true,0,2,0,0,"InnoDB","utf8mb4_0900_ai_ci","person_name"
"b_blog_site_path",5,4,true,1,0,0,0,"InnoDB","utf8mb4_0900_ai_ci",""
"b_blog_socnet",16,2,true,1,0,0,0,"InnoDB","utf8mb4_0900_ai_ci",""
"b_blog_socnet_rights",6,5,true,0,2,0,0,"InnoDB","utf8mb4_0900_ai_ci",""
"b_blog_trackback",0,8,true,0,2,0,0,"InnoDB","utf8mb4_0900_ai_ci","message_content|person_name"
"b_blog_user",14,9,true,1,1,0,0,"InnoDB","utf8mb4_0900_ai_ci","message_content"
"b_blog_user2blog",0,3,true,1,0,0,0,"InnoDB","utf8mb4_0900_ai_ci",""
"b_blog_user2user_group",0,4,true,1,0,0,0,"InnoDB","utf8mb4_0900_ai_ci",""
"b_blog_user_group",2,3,true,0,1,0,0,"InnoDB","utf8mb4_0900_ai_ci","person_name"
"b_blog_user_group_perms",76,7,true,1,2,0,0,"InnoDB","utf8mb4_0900_ai_ci",""
"b_booking_booking",0,20,true,0,7,0,0,"InnoDB","utf8mb4_0900_ai_ci","message_content|person_name"
"b_booking_booking_client",0,7,true,1,1,0,0,"InnoDB","utf8mb4_0900_ai_ci",""
"b_booking_booking_external_data",0,7,true,0,2,0,0,"InnoDB","utf8mb4_0900_ai_ci",""
"b_booking_booking_message",0,7,true,0,2,0,0,"InnoDB","utf8mb4_0900_ai_ci","message_content"
"b_booking_booking_message_failure_log",0,8,true,0,2,0,0,"InnoDB","utf8mb4_0900_ai_ci","message_content"
"b_booking_booking_note",0,5,true,1,0,0,0,"InnoDB","utf8mb4_0900_ai_ci","message_content"
"b_booking_booking_resource",0,4,true,1,1,0,0,"InnoDB","utf8mb4_0900_ai_ci",""
"b_booking_client_type",0,3,true,1,0,0,0,"InnoDB","utf8mb4_0900_ai_ci",""
"b_booking_delayed_task",0,7,true,0,1,0,0,"InnoDB","utf8mb4_0900_ai_ci",""
"b_booking_favorites",0,4,true,1,1,0,0,"InnoDB","utf8mb4_0900_ai_ci",""
"b_booking_journal",0,7,true,0,4,0,0,"InnoDB","utf8mb4_0900_ai_ci",""
"b_booking_option",4,4,true,1,0,0,0,"InnoDB","utf8mb4_0900_ai_ci","person_name"
"b_booking_resource",0,4,true,0,3,0,0,"InnoDB","utf8mb4_0900_ai_ci",""
"b_booking_resource_data",0,9,true,1,0,0,0,"InnoDB","utf8mb4_0900_ai_ci","message_content|person_name"
"b_booking_resource_linked_entity",0,6,true,1,0,0,0,"InnoDB","utf8mb4_0900_ai_ci",""
"b_booking_resource_notification_settings",0,20,true,1,0,0,0,"InnoDB","utf8mb4_0900_ai_ci",""
"b_booking_resource_settings",0,7,true,0,0,0,0,"InnoDB","utf8mb4_0900_ai_ci",""
"b_booking_resource_type",5,4,true,1,0,0,0,"InnoDB","utf8mb4_0900_ai_ci","person_name"
"b_booking_resource_type_notification_settings",5,20,true,0,0,0,0,"InnoDB","utf8mb4_0900_ai_ci",""
"b_booking_scorer",0,5,true,1,3,0,0,"InnoDB","utf8mb4_0900_ai_ci",""
"b_booking_wait_list_item",0,5,true,0,1,0,0,"InnoDB","utf8mb4_0900_ai_ci",""
"b_bp_automation_trigger",0,8,true,0,1,0,0,"InnoDB","utf8mb4_0900_ai_ci","person_name"
"b_bp_debugger_session",0,13,true,0,0,0,0,"InnoDB","utf8mb4_0900_ai_ci",""
"b_bp_debugger_session_document",0,4,true,0,0,0,0,"InnoDB","utf8mb4_0900_ai_ci","authentication_secret"
"b_bp_debugger_session_template_shards",0,5,true,0,0,0,0,"InnoDB","utf8mb4_0900_ai_ci",""
"b_bp_debugger_session_workflow_context",0,4,true,0,0,0,0,"InnoDB","utf8mb4_0900_ai_ci","authentication_secret"
"b_bp_document_type_user_option",0,6,true,1,1,0,0,"InnoDB","utf8mb4_0900_ai_ci",""
"b_bp_global_const",0,14,true,0,1,0,0,"InnoDB","utf8mb4_0900_ai_ci","message_content|person_name"
"b_bp_global_var",0,14,true,0,1,0,0,"InnoDB","utf8mb4_0900_ai_ci","message_content|person_name"
"b_bp_history",0,8,true,0,1,0,0,"InnoDB","utf8mb4_0900_ai_ci","person_name"
"b_bp_rest_activity",3,16,true,1,0,0,0,"InnoDB","utf8mb4_0900_ai_ci","authentication_secret|message_content|person_name"
"b_bp_rest_provider",0,8,true,0,0,0,0,"InnoDB","utf8mb4_0900_ai_ci","message_content|person_name"
"b_bp_robot_version_index",91,4,true,1,1,0,0,"InnoDB","utf8mb4_0900_ai_ci",""
"b_bp_scheduler_event",0,7,true,0,2,0,0,"InnoDB","utf8mb4_0900_ai_ci",""
"b_bp_script",58,15,true,0,1,0,0,"InnoDB","utf8mb4_0900_ai_ci","message_content|person_name"
"b_bp_script_queue",11,8,true,0,3,0,0,"InnoDB","utf8mb4_0900_ai_ci",""
"b_bp_script_queue_document",135,6,true,0,3,0,0,"InnoDB","utf8mb4_0900_ai_ci","message_content"
"b_bp_storage_activity",3,5,true,0,1,0,0,"InnoDB","utf8mb4_0900_ai_ci","person_name"
"b_bp_task",0,14,true,0,5,0,0,"InnoDB","utf8mb4_0900_ai_ci","message_content|person_name"
"b_bp_task_search_content",0,3,true,0,2,0,0,"InnoDB","utf8mb4_0900_ai_ci","message_content"
"b_bp_task_user",0,6,true,1,2,0,0,"InnoDB","utf8mb4_0900_ai_ci",""
"b_bp_tracking",60388,11,true,0,3,0,0,"InnoDB","utf8mb4_0900_ai_ci","person_name"
"b_bp_workflow_duration_stat",357,4,true,0,1,0,0,"InnoDB","utf8mb4_0900_ai_ci",""
"b_bp_workflow_filter",35215,6,true,0,4,0,0,"InnoDB","utf8mb4_0900_ai_ci",""
"b_bp_workflow_instance",2,14,true,0,3,0,0,"InnoDB","utf8mb4_0900_ai_ci",""
"b_bp_workflow_meta",39,3,true,0,1,0,0,"InnoDB","utf8mb4_0900_ai_ci",""
"b_bp_workflow_permissions",0,4,true,0,1,0,0,"InnoDB","utf8mb4_0900_ai_ci",""
"b_bp_workflow_result",709,6,true,0,1,0,0,"InnoDB","utf8mb4_0900_ai_ci",""
"b_bp_workflow_state",35215,12,true,0,5,0,0,"InnoDB","utf8mb4_0900_ai_ci",""
"b_bp_workflow_state_identify",16,2,true,1,0,0,0,"InnoDB","utf8mb4_0900_ai_ci",""
"b_bp_workflow_template",114,23,true,0,1,0,0,"InnoDB","utf8mb4_0900_ai_ci","message_content|person_name"
"b_bp_workflow_template_draft",0,9,true,0,2,0,0,"InnoDB","utf8mb4_0900_ai_ci",""
"b_bp_workflow_template_settings",73,4,true,0,1,0,0,"InnoDB","utf8mb4_0900_ai_ci","person_name"
"b_bp_workflow_template_user_option",0,4,true,1,1,0,0,"InnoDB","utf8mb4_0900_ai_ci",""
"b_bp_workflow_user",0,6,true,0,4,0,0,"InnoDB","utf8mb4_0900_ai_ci",""
"b_bp_workflow_user_comment",0,5,true,0,3,0,0,"InnoDB","utf8mb4_0900_ai_ci",""
"b_cache_clean_path",0,4,true,0,1,0,0,"InnoDB","utf8mb4_0900_ai_ci",""
"b_cache_tag",13667,5,true,0,3,0,0,"InnoDB","utf8mb4_0900_ai_ci","authentication_secret"
"b_calendar_access",57,3,true,0,1,0,0,"InnoDB","utf8mb4_0900_ai_ci",""
"b_calendar_event",1658,49,true,0,16,0,0,"InnoDB","utf8mb4_0900_ai_ci","address_location|message_content|person_name"
"b_calendar_event_attendee",1564,11,true,0,3,0,0,"InnoDB","utf8mb4_0900_ai_ci",""
"b_calendar_event_connection",0,11,true,0,4,0,0,"InnoDB","utf8mb4_0900_ai_ci",""
"b_calendar_event_original_recursion",0,2,true,0,1,0,0,"InnoDB","utf8mb4_0900_ai_ci",""
"b_calendar_event_sect",0,3,true,0,1,0,0,"InnoDB","utf8mb4_0900_ai_ci",""
"b_calendar_location",2,5,true,0,1,0,0,"InnoDB","utf8mb4_0900_ai_ci",""
"b_calendar_log",0,8,true,0,2,0,0,"InnoDB","utf8mb4_0900_ai_ci","message_content"
"b_calendar_messenger_message",0,10,true,0,2,0,0,"InnoDB","utf8mb4_0900_ai_ci",""
"b_calendar_open_event_category",0,11,true,1,2,0,0,"InnoDB","utf8mb4_0900_ai_ci","message_content|person_name"
"b_calendar_open_event_category_attendee",0,3,true,1,0,0,0,"InnoDB","utf8mb4_0900_ai_ci",""
"b_calendar_open_event_category_banned",0,3,true,1,0,0,0,"InnoDB","utf8mb4_0900_ai_ci",""
"b_calendar_open_event_category_muted",0,3,true,1,0,0,0,"InnoDB","utf8mb4_0900_ai_ci",""
"b_calendar_open_event_option",0,6,true,1,1,0,0,"InnoDB","utf8mb4_0900_ai_ci",""
"b_calendar_push",0,7,true,0,1,0,0,"InnoDB","utf8mb4_0900_ai_ci",""
"b_calendar_queue_handled_message",0,5,true,0,1,0,0,"InnoDB","utf8mb4_0900_ai_ci","authentication_secret|message_content"
"b_calendar_queue_message",914,3,true,0,0,0,0,"InnoDB","utf8mb4_0900_ai_ci","message_content"
"b_calendar_resource",0,21,true,0,1,0,0,"InnoDB","utf8mb4_0900_ai_ci","person_name"
"b_calendar_room_category",0,2,true,0,0,0,0,"InnoDB","utf8mb4_0900_ai_ci","person_name"
"b_calendar_scorer",0,6,true,0,4,0,0,"InnoDB","utf8mb4_0900_ai_ci",""
"b_calendar_section",40,26,true,0,2,0,0,"InnoDB","utf8mb4_0900_ai_ci","authentication_secret|message_content|person_name"
"b_calendar_section_connection",0,11,true,0,2,0,0,"InnoDB","utf8mb4_0900_ai_ci","authentication_secret"
"b_calendar_sharing_link",367,16,true,0,5,0,0,"InnoDB","utf8mb4_0900_ai_ci","authentication_secret"
"b_calendar_sharing_link_member",0,3,true,1,1,0,0,"InnoDB","utf8mb4_0900_ai_ci",""
"b_calendar_sharing_link_rule",0,6,true,0,1,0,0,"InnoDB","utf8mb4_0900_ai_ci",""
"b_calendar_sharing_object_rule",0,7,true,0,1,0,0,"InnoDB","utf8mb4_0900_ai_ci",""
"b_calendar_type",4,5,true,0,0,0,0,"InnoDB","utf8mb4_0900_ai_ci","message_content|person_name"
"b_call_ai_task",0,12,true,0,5,0,0,"InnoDB","utf8mb4_0900_ai_ci","authentication_secret|message_content"
"b_call_chat_entity",0,3,true,0,1,0,0,"InnoDB","utf8mb4_0900_ai_ci","authentication_secret"
"b_call_outcome",0,7,true,0,3,0,0,"InnoDB","utf8mb4_0900_ai_ci","message_content"
"b_call_outcome_property",0,4,true,0,2,0,0,"InnoDB","utf8mb4_0900_ai_ci","message_content"
"b_call_track",0,14,true,0,2,0,0,"InnoDB","utf8mb4_0900_ai_ci","person_name"
"b_captcha",0,4,false,1,0,0,0,"InnoDB","utf8mb4_0900_ai_ci","network_device"
"b_catalog_agent_contract",0,7,true,0,1,0,0,"InnoDB","utf8mb4_0900_ai_ci",""
"b_catalog_agent_contract_file",0,3,true,0,1,0,0,"InnoDB","utf8mb4_0900_ai_ci",""
"b_catalog_agent_product",0,4,true,0,2,0,0,"InnoDB","utf8mb4_0900_ai_ci",""
"b_catalog_contractor",0,18,true,0,0,0,0,"InnoDB","utf8mb4_0900_ai_ci","address_location|email|government_financial_id|person_name|phone"
"b_catalog_currency",1,11,true,0,0,0,0,"InnoDB","utf8mb4_0900_ai_ci",""
"b_catalog_currency_lang",2,13,true,0,0,0,0,"InnoDB","utf8mb4_0900_ai_ci","person_name"
"b_catalog_currency_rate",0,10,true,1,0,0,0,"InnoDB","utf8mb4_0900_ai_ci",""
"b_catalog_disc_save_group",0,3,true,0,2,0,0,"InnoDB","utf8mb4_0900_ai_ci",""
"b_catalog_disc_save_range",0,5,true,0,1,0,0,"InnoDB","utf8mb4_0900_ai_ci",""
"b_catalog_disc_save_user",0,6,true,0,1,0,0,"InnoDB","utf8mb4_0900_ai_ci",""
"b_catalog_discount",0,37,true,0,3,0,0,"InnoDB","utf8mb4_0900_ai_ci","person_name"
"b_catalog_discount2cat",0,3,true,2,0,0,0,"InnoDB","utf8mb4_0900_ai_ci",""
"b_catalog_discount2group",0,3,true,2,0,0,0,"InnoDB","utf8mb4_0900_ai_ci",""
"b_catalog_discount2iblock",0,3,true,2,0,0,0,"InnoDB","utf8mb4_0900_ai_ci",""
"b_catalog_discount2product",0,3,true,2,0,0,0,"InnoDB","utf8mb4_0900_ai_ci",""
"b_catalog_discount2section",0,3,true,2,0,0,0,"InnoDB","utf8mb4_0900_ai_ci",""
"b_catalog_discount_cond",0,5,true,0,0,0,0,"InnoDB","utf8mb4_0900_ai_ci",""
"b_catalog_discount_coupon",0,11,true,1,1,0,0,"InnoDB","utf8mb4_0900_ai_ci","message_content"
"b_catalog_discount_entity",0,8,true,0,1,0,0,"InnoDB","utf8mb4_0900_ai_ci",""
"b_catalog_discount_module",0,3,true,0,1,0,0,"InnoDB","utf8mb4_0900_ai_ci",""
"b_catalog_docs_barcode",0,4,true,0,2,0,0,"InnoDB","utf8mb4_0900_ai_ci",""
"b_catalog_docs_element",0,11,true,0,4,0,0,"InnoDB","utf8mb4_0900_ai_ci","message_content"
"b_catalog_export",0,15,true,0,2,0,0,"InnoDB","utf8mb4_0900_ai_ci","person_name"
"b_catalog_exported_product",0,5,true,0,1,0,0,"InnoDB","utf8mb4_0900_ai_ci",""
"b_catalog_exported_product_queue",0,2,true,0,0,0,0,"InnoDB","utf8mb4_0900_ai_ci",""
"b_catalog_extra",0,3,true,0,0,0,0,"InnoDB","utf8mb4_0900_ai_ci","person_name"
"b_catalog_group",1,9,true,0,0,0,0,"InnoDB","utf8mb4_0900_ai_ci","person_name"
"b_catalog_group2group",4,4,true,1,0,0,0,"InnoDB","utf8mb4_0900_ai_ci",""
"b_catalog_group_lang",2,4,true,1,0,0,0,"InnoDB","utf8mb4_0900_ai_ci","person_name"
"b_catalog_iblock",2,6,true,0,2,0,0,"InnoDB","utf8mb4_0900_ai_ci",""
"b_catalog_load",0,4,true,0,0,0,0,"InnoDB","utf8mb4_0900_ai_ci","person_name"
"b_catalog_measure",5,7,true,1,0,0,0,"InnoDB","utf8mb4_0900_ai_ci",""
"b_catalog_measure_ratio",0,4,true,1,0,0,0,"InnoDB","utf8mb4_0900_ai_ci",""
"b_catalog_permission",109,4,true,0,2,0,0,"InnoDB","utf8mb4_0900_ai_ci",""
"b_catalog_price",6,11,true,0,3,0,0,"InnoDB","utf8mb4_0900_ai_ci",""
"b_catalog_product",6,28,true,0,0,0,0,"InnoDB","utf8mb4_0900_ai_ci",""
"b_catalog_product2group",0,5,true,1,0,0,0,"InnoDB","utf8mb4_0900_ai_ci",""
"b_catalog_product_compilation",0,6,true,0,1,0,0,"InnoDB","utf8mb4_0900_ai_ci",""
"b_catalog_product_sets",0,15,true,0,4,0,0,"InnoDB","utf8mb4_0900_ai_ci",""
"b_catalog_role",3,2,true,0,0,0,0,"InnoDB","utf8mb4_0900_ai_ci","person_name"
"b_catalog_role_relation",1,3,true,0,2,0,0,"InnoDB","utf8mb4_0900_ai_ci",""
"b_catalog_rounding",0,9,true,0,1,0,0,"InnoDB","utf8mb4_0900_ai_ci",""
"b_catalog_store",1,23,true,0,0,0,0,"InnoDB","utf8mb4_0900_ai_ci","address_location|email|message_content|phone"
"b_catalog_store_barcode",0,9,true,1,1,0,0,"InnoDB","utf8mb4_0900_ai_ci",""
"b_catalog_store_batch",0,6,true,0,2,0,0,"InnoDB","utf8mb4_0900_ai_ci",""
"b_catalog_store_batch_docs_element",0,7,true,0,3,0,0,"InnoDB","utf8mb4_0900_ai_ci",""
"b_catalog_store_docs",0,21,true,0,1,0,0,"InnoDB","utf8mb4_0900_ai_ci",""
"b_catalog_store_document_file",0,3,true,0,1,0,0,"InnoDB","utf8mb4_0900_ai_ci",""
"b_catalog_store_product",0,5,true,1,1,0,0,"InnoDB","utf8mb4_0900_ai_ci",""
"b_catalog_subscribe",0,10,true,0,3,0,0,"InnoDB","utf8mb4_0900_ai_ci",""
"b_catalog_subscribe_access",0,4,true,0,1,0,0,"InnoDB","utf8mb4_0900_ai_ci","authentication_secret"
"b_catalog_vat",3,8,true,0,1,0,0,"InnoDB","utf8mb4_0900_ai_ci","person_name"
"b_catalog_viewed_product",0,8,true,0,3,0,0,"InnoDB","utf8mb4_0900_ai_ci",""
"b_checklist",0,17,true,0,0,0,0,"InnoDB","utf8mb4_0900_ai_ci","email|message_content|person_name|phone"
"b_clouds_copy_queue",0,12,true,0,0,0,0,"InnoDB","utf8mb4_0900_ai_ci","message_content"
"b_clouds_delete_queue",0,4,true,0,1,0,0,"InnoDB","utf8mb4_0900_ai_ci",""
"b_clouds_file_bucket",0,19,true,0,0,0,0,"InnoDB","utf8mb4_0900_ai_ci","address_location"
"b_clouds_file_hash",0,6,true,0,1,0,0,"InnoDB","utf8mb4_0900_ai_ci","authentication_secret"
"b_clouds_file_resize",0,7,true,0,3,0,0,"InnoDB","utf8mb4_0900_ai_ci",""
"b_clouds_file_save",0,7,true,0,1,0,0,"InnoDB","utf8mb4_0900_ai_ci","person_name"
"b_clouds_file_upload",0,10,true,0,0,0,0,"InnoDB","utf8mb4_0900_ai_ci",""
"b_clouds_size_queue",0,4,true,0,0,0,0,"InnoDB","utf8mb4_0900_ai_ci",""
"b_component_params",2,10,true,0,3,0,0,"InnoDB","utf8mb4_0900_ai_ci","person_name"
"b_composite_log",0,10,true,0,3,0,0,"InnoDB","utf8mb4_0900_ai_ci","message_content"
"b_composite_page",0,11,true,0,3,0,0,"InnoDB","utf8mb4_0900_ai_ci",""
"b_consent_agreement",5,14,true,0,1,0,0,"InnoDB","utf8mb4_0900_ai_ci","message_content|person_name"
"b_consent_field",0,4,true,0,1,0,0,"InnoDB","utf8mb4_0900_ai_ci",""
"b_consent_user_consent",8,8,true,0,2,0,0,"InnoDB","utf8mb4_0900_ai_ci","network_device"
"b_consent_user_consent_item",0,3,true,0,1,0,0,"InnoDB","utf8mb4_0900_ai_ci",""
"b_controller_auth_grant",0,11,true,0,1,0,0,"InnoDB","utf8mb4_0900_ai_ci",""
"b_controller_auth_log",0,8,true,0,3,0,0,"InnoDB","utf8mb4_0900_ai_ci","person_name"
"b_controller_command",0,8,true,1,0,0,0,"InnoDB","utf8mb4_0900_ai_ci",""
"b_controller_counter",0,6,true,0,0,0,0,"InnoDB","utf8mb4_0900_ai_ci","person_name"
"b_controller_counter_group",0,2,false,2,0,0,0,"InnoDB","utf8mb4_0900_ai_ci",""
"b_controller_counter_history",0,7,true,0,1,0,0,"InnoDB","utf8mb4_0900_ai_ci","person_name"
"b_controller_counter_value",0,6,true,1,0,0,0,"InnoDB","utf8mb4_0900_ai_ci",""
"b_controller_group",1,19,true,0,0,0,0,"InnoDB","utf8mb4_0900_ai_ci","authentication_secret|message_content|person_name"
"b_controller_group_map",0,4,true,0,0,0,0,"InnoDB","utf8mb4_0900_ai_ci",""
"b_controller_log",0,8,true,0,2,0,0,"InnoDB","utf8mb4_0900_ai_ci","message_content|person_name"
"b_controller_member",0,26,true,1,1,0,0,"InnoDB","utf8mb4_0900_ai_ci","authentication_secret|email|person_name"
"b_controller_member_log",0,8,true,0,1,0,0,"InnoDB","utf8mb4_0900_ai_ci",""
"b_controller_task",0,15,true,1,2,0,0,"InnoDB","utf8mb4_0900_ai_ci","authentication_secret"
"b_conv_context",19,2,true,1,0,0,0,"InnoDB","utf8mb4_0900_ai_ci",""
"b_conv_context_attribute",80,3,true,0,0,0,0,"InnoDB","utf8mb4_0900_ai_ci","person_name"
"b_conv_context_counter_day",1106,4,true,0,0,0,0,"InnoDB","utf8mb4_0900_ai_ci","person_name"
"b_conv_context_entity_item",0,3,true,0,0,0,0,"InnoDB","utf8mb4_0900_ai_ci",""
"b_counter_data",0,3,true,0,0,0,0,"InnoDB","utf8mb4_0900_ai_ci",""
"b_crm_access_attr_company",797,7,true,1,8,0,0,"InnoDB","utf8mb4_0900_ai_ci",""
"b_crm_access_attr_contact",3186,7,true,1,8,0,0,"InnoDB","utf8mb4_0900_ai_ci",""
"b_crm_access_attr_deal",1899,7,true,1,8,0,0,"InnoDB","utf8mb4_0900_ai_ci",""
"b_crm_access_attr_dynamic_1042",1808,7,true,1,8,0,0,"InnoDB","utf8mb4_0900_ai_ci",""
"b_crm_access_attr_lead",7,7,true,1,8,0,0,"InnoDB","utf8mb4_0900_ai_ci",""
"b_crm_access_attr_smart_b2e_doc",0,7,true,1,8,0,0,"InnoDB","utf8mb4_0900_ai_ci",""
"b_crm_access_attr_smart_document",0,7,true,1,8,0,0,"InnoDB","utf8mb4_0900_ai_ci",""
"b_crm_access_attr_smart_invoice",0,7,true,1,8,0,0,"InnoDB","utf8mb4_0900_ai_ci",""
"b_crm_act",7737,47,true,0,20,0,0,"InnoDB","utf8mb4_0900_ai_ci","address_location|message_content"
"b_crm_act_app_type",0,6,true,0,0,0,0,"InnoDB","utf8mb4_0900_ai_ci","person_name"
"b_crm_act_bind",8026,4,true,0,2,0,0,"InnoDB","utf8mb4_0900_ai_ci",""
"b_crm_act_channel_stat",438,8,true,0,1,0,0,"InnoDB","utf8mb4_0900_ai_ci",""
"b_crm_act_comm",1259,9,true,0,3,0,0,"InnoDB","utf8mb4_0900_ai_ci",""
"b_crm_act_counter_light",694,3,true,0,2,0,0,"InnoDB","utf8mb4_0900_ai_ci",""
"b_crm_act_elem",446,3,true,0,1,0,0,"InnoDB","utf8mb4_0900_ai_ci",""
"b_crm_act_fastsearch",7737,8,true,0,1,0,0,"InnoDB","utf8mb4_0900_ai_ci",""
"b_crm_act_incoming_channel",238,4,true,1,1,0,0,"InnoDB","utf8mb4_0900_ai_ci",""
"b_crm_act_mail_body",0,3,true,0,1,0,0,"InnoDB","utf8mb4_0900_ai_ci","authentication_secret|message_content"
"b_crm_act_mail_meta",429,4,true,0,3,0,0,"InnoDB","utf8mb4_0900_ai_ci","authentication_secret"
"b_crm_act_ping_offsets",13472,3,true,0,1,0,0,"InnoDB","utf8mb4_0900_ai_ci",""
"b_crm_act_ping_queue",329,3,true,0,2,0,0,"InnoDB","utf8mb4_0900_ai_ci",""
"b_crm_act_sms_placeholder",0,8,true,0,2,0,0,"InnoDB","utf8mb4_0900_ai_ci","person_name"
"b_crm_act_stat",854,13,true,0,6,0,0,"InnoDB","utf8mb4_0900_ai_ci",""
"b_crm_addr",442,16,true,1,17,0,0,"InnoDB","utf8mb4_0900_ai_ci","address_location"
"b_crm_ads_form_link",0,9,true,0,1,0,0,"InnoDB","utf8mb4_0900_ai_ci","government_financial_id|person_name"
"b_crm_agent_contract_contractor",0,4,true,1,2,0,0,"InnoDB","utf8mb4_0900_ai_ci",""
"b_crm_ai_quality_assessment",0,15,true,0,3,0,0,"InnoDB","utf8mb4_0900_ai_ci",""
"b_crm_ai_queue",0,23,true,1,3,0,0,"InnoDB","utf8mb4_0900_ai_ci","authentication_secret|message_content"
"b_crm_ai_queue_buffer",0,9,true,0,2,0,0,"InnoDB","utf8mb4_0900_ai_ci","authentication_secret"
"b_crm_assigned",1808,4,true,0,2,0,0,"InnoDB","utf8mb4_0900_ai_ci",""
"b_crm_automated_solution",0,9,true,0,2,0,0,"InnoDB","utf8mb4_0900_ai_ci",""
"b_crm_automation_qr",0,6,true,0,2,0,0,"InnoDB","utf8mb4_0900_ai_ci","message_content"
"b_crm_automation_template",0,5,true,0,0,0,0,"InnoDB","utf8mb4_0900_ai_ci",""
"b_crm_automation_trigger",7,6,true,0,0,0,0,"InnoDB","utf8mb4_0900_ai_ci","person_name"
"b_crm_automation_trigger_app",0,5,true,0,0,0,0,"InnoDB","utf8mb4_0900_ai_ci","person_name"
"b_crm_bank_detail",0,34,true,0,16,0,0,"InnoDB","utf8mb4_0900_ai_ci","address_location|government_financial_id|person_name"
"b_crm_biz_type",43,3,true,0,0,0,0,"InnoDB","utf8mb4_0900_ai_ci","person_name"
"b_crm_button",1,17,true,0,0,0,0,"InnoDB","utf8mb4_0900_ai_ci","address_location|person_name"
"b_crm_button_avatar",1,3,true,0,0,0,0,"InnoDB","utf8mb4_0900_ai_ci",""
"b_crm_button_guest",3,3,true,1,0,0,0,"InnoDB","utf8mb4_0900_ai_ci",""
"b_crm_button_guest_entity",9,5,true,0,1,0,0,"InnoDB","utf8mb4_0900_ai_ci",""
"b_crm_call_list",0,8,true,0,1,0,0,"InnoDB","utf8mb4_0900_ai_ci",""
"b_crm_call_list_created",0,5,true,0,1,0,0,"InnoDB","utf8mb4_0900_ai_ci",""
"b_crm_call_list_item",0,7,true,0,1,0,0,"InnoDB","utf8mb4_0900_ai_ci",""
"b_crm_catalog",1,3,true,0,0,0,0,"InnoDB","utf8mb4_0900_ai_ci",""
"b_crm_cleaning",0,5,true,0,1,0,0,"InnoDB","utf8mb4_0900_ai_ci",""
"b_crm_communication_category",0,5,true,1,0,0,0,"InnoDB","utf8mb4_0900_ai_ci",""
"b_crm_communication_channel",0,11,true,1,0,0,0,"InnoDB","utf8mb4_0900_ai_ci",""
"b_crm_communication_channel_event",0,7,true,0,1,0,0,"InnoDB","utf8mb4_0900_ai_ci",""
"b_crm_communication_channel_rule",0,9,true,0,2,0,0,"InnoDB","utf8mb4_0900_ai_ci",""
"b_crm_company",797,31,true,0,9,0,0,"InnoDB","utf8mb4_0900_ai_ci","address_location|email|message_content|phone"
"b_crm_company_act_mark_stat",0,9,true,0,2,0,0,"InnoDB","utf8mb4_0900_ai_ci",""
"b_crm_company_act_stat",402,6,true,0,2,0,0,"InnoDB","utf8mb4_0900_ai_ci",""
"b_crm_company_act_stm_stat",0,9,true,0,2,0,0,"InnoDB","utf8mb4_0900_ai_ci",""
"b_crm_company_act_sts_stat",0,7,true,0,2,0,0,"InnoDB","utf8mb4_0900_ai_ci",""
"b_crm_company_act_sum_stat",0,7,true,0,2,0,0,"InnoDB","utf8mb4_0900_ai_ci",""
"b_crm_company_fields_context",0,4,true,0,1,0,0,"InnoDB","utf8mb4_0900_ai_ci","person_name"
"b_crm_company_growth_stat",797,3,true,0,2,0,0,"InnoDB","utf8mb4_0900_ai_ci",""
"b_crm_company_index",797,2,true,0,1,0,0,"InnoDB","utf8mb4_0900_ai_ci","message_content"
"b_crm_contact",3186,36,true,0,16,0,0,"InnoDB","utf8mb4_0900_ai_ci","address_location|birth_gender|email|message_content|person_name|phone"
"b_crm_contact_act_mark_stat",8,9,true,0,2,0,0,"InnoDB","utf8mb4_0900_ai_ci",""
"b_crm_contact_act_stat",198,6,true,0,2,0,0,"InnoDB","utf8mb4_0900_ai_ci",""
"b_crm_contact_act_stm_stat",0,9,true,0,2,0,0,"InnoDB","utf8mb4_0900_ai_ci",""
"b_crm_contact_act_sts_stat",8,7,true,0,2,0,0,"InnoDB","utf8mb4_0900_ai_ci",""
"b_crm_contact_act_sum_stat",0,7,true,0,2,0,0,"InnoDB","utf8mb4_0900_ai_ci",""
"b_crm_contact_company",1,5,true,0,3,0,0,"InnoDB","utf8mb4_0900_ai_ci",""
"b_crm_contact_fields_context",0,4,true,0,1,0,0,"InnoDB","utf8mb4_0900_ai_ci","person_name"
"b_crm_contact_growth_stat",3186,3,true,0,2,0,0,"InnoDB","utf8mb4_0900_ai_ci",""
"b_crm_contact_index",3186,2,true,0,1,0,0,"InnoDB","utf8mb4_0900_ai_ci","message_content"
"b_crm_contractor_conversion",0,5,true,0,0,0,0,"InnoDB","utf8mb4_0900_ai_ci",""
"b_crm_conv_map",7,6,true,0,0,0,0,"InnoDB","utf8mb4_0900_ai_ci",""
"b_crm_copilot_call_assessment",8,18,true,0,2,0,0,"InnoDB","utf8mb4_0900_ai_ci",""
"b_crm_copilot_call_assessment_availability",0,6,true,0,1,0,0,"InnoDB","utf8mb4_0900_ai_ci",""
"b_crm_copilot_call_assessment_client_type",23,3,true,0,2,0,0,"InnoDB","utf8mb4_0900_ai_ci",""
"b_crm_counter_calculated_time",1067,5,true,0,0,0,0,"InnoDB","utf8mb4_0900_ai_ci",""
"b_crm_custom_badge",0,5,true,1,1,0,0,"InnoDB","utf8mb4_0900_ai_ci",""
"b_crm_deal",1899,50,true,0,21,0,0,"InnoDB","utf8mb4_0900_ai_ci","address_location|government_financial_id|message_content"
"b_crm_deal_act_stat",92,15,true,0,5,0,0,"InnoDB","utf8mb4_0900_ai_ci","email"
"b_crm_deal_category",4,7,true,0,2,0,0,"InnoDB","utf8mb4_0900_ai_ci","person_name"
"b_crm_deal_channel_stat",0,11,true,0,1,0,0,"InnoDB","utf8mb4_0900_ai_ci",""
"b_crm_deal_contact",1660,5,true,0,3,0,0,"InnoDB","utf8mb4_0900_ai_ci",""
"b_crm_deal_fields_context",0,4,true,0,1,0,0,"InnoDB","utf8mb4_0900_ai_ci","person_name"
"b_crm_deal_index",1899,2,true,0,1,0,0,"InnoDB","utf8mb4_0900_ai_ci","message_content"
"b_crm_deal_inv_stat",736,21,true,0,4,0,0,"InnoDB","utf8mb4_0900_ai_ci",""
"b_crm_deal_recur",0,13,true,0,6,0,0,"InnoDB","utf8mb4_0900_ai_ci",""
"b_crm_deal_stage_history",4619,22,true,0,16,0,0,"InnoDB","utf8mb4_0900_ai_ci",""
"b_crm_deal_stage_history_with_supposed",9399,12,true,0,3,0,0,"InnoDB","utf8mb4_0900_ai_ci",""
"b_crm_deal_sum_stat",2408,21,true,0,4,0,0,"InnoDB","utf8mb4_0900_ai_ci",""
"b_crm_documentgenerator_template_custom_field",0,6,true,1,1,0,0,"InnoDB","utf8mb4_0900_ai_ci",""
"b_crm_dp_automatic_index",656,24,true,0,3,0,0,"InnoDB","utf8mb4_0900_ai_ci","authentication_secret|email|government_financial_id|person_name|phone"
"b_crm_dp_autosearch_user_settings",56,11,true,0,0,0,0,"InnoDB","utf8mb4_0900_ai_ci",""
"b_crm_dp_bd_mcd",0,6,true,0,2,0,0,"InnoDB","utf8mb4_0900_ai_ci","person_name"
"b_crm_dp_comm_mcd",7157,5,true,0,2,0,0,"InnoDB","utf8mb4_0900_ai_ci",""
"b_crm_dp_entity_hash",16258,7,true,0,1,0,0,"InnoDB","utf8mb4_0900_ai_ci","authentication_secret"
"b_crm_dp_entity_stat",3990,3,true,0,0,0,0,"InnoDB","utf8mb4_0900_ai_ci",""
"b_crm_dp_index",554,36,true,0,17,0,0,"InnoDB","utf8mb4_0900_ai_ci","authentication_secret|email|government_financial_id|person_name|phone"
"b_crm_dp_index_mismatch",1,7,true,0,2,0,0,"InnoDB","utf8mb4_0900_ai_ci","authentication_secret"
"b_crm_dp_index_type_settings",0,8,true,1,0,0,0,"InnoDB","utf8mb4_0900_ai_ci","message_content|person_name"
"b_crm_dp_org_mcd",795,4,true,0,2,0,0,"InnoDB","utf8mb4_0900_ai_ci",""
"b_crm_dp_prsn_mcd",2585,6,true,0,5,0,0,"InnoDB","utf8mb4_0900_ai_ci","person_name"
"b_crm_dp_rq_mcd",793,6,true,0,2,0,0,"InnoDB","utf8mb4_0900_ai_ci","person_name"
"b_crm_dp_vol_mcd",0,5,true,0,2,0,0,"InnoDB","utf8mb4_0900_ai_ci",""
"b_crm_dynamic_items_1042",1808,38,true,0,4,0,0,"InnoDB","utf8mb4_0900_ai_ci","government_financial_id|message_content"
"b_crm_dynamic_items_1042_fields_context",0,4,true,0,1,0,0,"InnoDB","utf8mb4_0900_ai_ci","person_name"
"b_crm_dynamic_items_1042_index",1808,3,true,0,1,0,0,"InnoDB","utf8mb4_0900_ai_ci","message_content"
"b_crm_dynamic_items_31",0,41,true,0,4,0,0,"InnoDB","utf8mb4_0900_ai_ci","address_location|government_financial_id|message_content"
"b_crm_dynamic_items_31_fields_context",0,4,true,0,1,0,0,"InnoDB","utf8mb4_0900_ai_ci","person_name"
"b_crm_dynamic_items_31_index",0,3,true,0,1,0,0,"InnoDB","utf8mb4_0900_ai_ci","message_content"
"b_crm_dynamic_items_31_uf_crm_68f5f254bfe44",0,2,false,0,2,0,0,"InnoDB","utf8mb4_0900_ai_ci",""
"b_crm_dynamic_items_36",0,33,true,0,4,0,0,"InnoDB","utf8mb4_0900_ai_ci","government_financial_id|message_content"
"b_crm_dynamic_items_36_fields_context",0,4,true,0,1,0,0,"InnoDB","utf8mb4_0900_ai_ci","person_name"
"b_crm_dynamic_items_36_index",0,3,true,0,1,0,0,"InnoDB","utf8mb4_0900_ai_ci","message_content"
"b_crm_dynamic_items_39",0,33,true,0,4,0,0,"InnoDB","utf8mb4_0900_ai_ci","government_financial_id|message_content"
"b_crm_dynamic_items_39_fields_context",0,4,true,0,1,0,0,"InnoDB","utf8mb4_0900_ai_ci","person_name"
"b_crm_dynamic_items_39_index",0,3,true,0,1,0,0,"InnoDB","utf8mb4_0900_ai_ci","message_content"
"b_crm_dynamic_recurring",0,18,true,0,6,0,0,"InnoDB","utf8mb4_0900_ai_ci",""
"b_crm_dynamic_type",4,30,true,2,3,0,0,"InnoDB","utf8mb4_0900_ai_ci","person_name"
"b_crm_entity_cfg",0,4,true,0,0,0,0,"InnoDB","utf8mb4_0900_ai_ci",""
"b_crm_entity_channel",438,5,true,0,1,0,0,"InnoDB","utf8mb4_0900_ai_ci",""
"b_crm_entity_contact",0,6,true,0,3,0,0,"InnoDB","utf8mb4_0900_ai_ci",""
"b_crm_entity_countable_act",694,10,true,1,5,0,0,"InnoDB","utf8mb4_0900_ai_ci",""
"b_crm_entity_lock",0,4,true,0,0,0,0,"InnoDB","utf8mb4_0900_ai_ci",""
"b_crm_entity_perms",12,4,true,0,2,0,0,"InnoDB","utf8mb4_0900_ai_ci",""
"b_crm_entity_relation",1802,5,true,0,1,0,0,"InnoDB","utf8mb4_0900_ai_ci",""
"b_crm_entity_stage_history",3201,23,true,0,1,0,0,"InnoDB","utf8mb4_0900_ai_ci",""
"b_crm_entity_stage_history_with_supposed",4271,13,true,0,1,0,0,"InnoDB","utf8mb4_0900_ai_ci",""
"b_crm_entity_uncompleted_act",1192,9,true,1,3,0,0,"InnoDB","utf8mb4_0900_ai_ci",""
"b_crm_event",105490,9,true,0,5,0,0,"InnoDB","utf8mb4_0900_ai_ci","message_content|person_name"
"b_crm_event_relations",110795,6,true,0,3,0,0,"InnoDB","utf8mb4_0900_ai_ci",""
"b_crm_exclusion",0,5,true,1,0,0,0,"InnoDB","utf8mb4_0900_ai_ci","message_content"
"b_crm_ext_channel_connector",0,6,true,0,0,0,0,"InnoDB","utf8mb4_0900_ai_ci","person_name"
"b_crm_external_sale",0,23,true,0,0,0,0,"InnoDB","utf8mb4_0900_ai_ci","authentication_secret|person_name"
"b_crm_field_attr",10,10,true,0,3,0,0,"InnoDB","utf8mb4_0900_ai_ci","person_name"
"b_crm_field_content_type",5892,5,true,1,0,0,0,"InnoDB","utf8mb4_0900_ai_ci","message_content|person_name"
"b_crm_field_multi",7753,7,true,0,4,0,0,"InnoDB","utf8mb4_0900_ai_ci",""
"b_crm_field_multi_phone_country",3920,3,true,0,2,0,0,"InnoDB","utf8mb4_0900_ai_ci",""
"b_crm_field_set",0,8,true,0,0,0,0,"InnoDB","utf8mb4_0900_ai_ci",""
"b_crm_inv_status_history",2,13,true,0,5,0,0,"InnoDB","utf8mb4_0900_ai_ci",""
"b_crm_invoice",2,76,true,1,17,0,0,"InnoDB","utf8mb4_0900_ai_ci","government_financial_id|message_content"
"b_crm_invoice_basket",2,49,true,0,8,0,0,"InnoDB","utf8mb4_0900_ai_ci","person_name"
"b_crm_invoice_basket_props",0,7,true,0,2,0,0,"InnoDB","utf8mb4_0900_ai_ci","person_name"
"b_crm_invoice_change",14,9,true,0,2,0,0,"InnoDB","utf8mb4_0900_ai_ci",""
"b_crm_invoice_coupons",0,7,true,0,1,0,0,"InnoDB","utf8mb4_0900_ai_ci",""
"b_crm_invoice_delivery",4,51,true,1,5,0,0,"InnoDB","utf8mb4_0900_ai_ci","address_location|government_financial_id|message_content|person_name"
"b_crm_invoice_discount",0,14,true,0,1,0,0,"InnoDB","utf8mb4_0900_ai_ci","authentication_secret|person_name"
"b_crm_invoice_discount_data",0,6,true,0,1,0,0,"InnoDB","utf8mb4_0900_ai_ci",""
"b_crm_invoice_dlv_basket",2,7,true,0,2,0,0,"InnoDB","utf8mb4_0900_ai_ci",""
"b_crm_invoice_entity_marker",0,12,true,0,3,0,0,"InnoDB","utf8mb4_0900_ai_ci","message_content"
"b_crm_invoice_modules",0,3,true,0,1,0,0,"InnoDB","utf8mb4_0900_ai_ci",""
"b_crm_invoice_payment",2,44,true,1,3,0,0,"InnoDB","utf8mb4_0900_ai_ci","authentication_secret|government_financial_id|message_content|person_name"
"b_crm_invoice_props_value",19,9,true,1,1,0,0,"InnoDB","utf8mb4_0900_ai_ci","person_name"
"b_crm_invoice_recur",0,13,true,0,5,0,0,"InnoDB","utf8mb4_0900_ai_ci","email"
"b_crm_invoice_round",0,9,true,0,1,0,0,"InnoDB","utf8mb4_0900_ai_ci",""
"b_crm_invoice_rules",0,11,true,0,1,0,0,"InnoDB","utf8mb4_0900_ai_ci",""
"b_crm_invoice_rules_descr",0,6,true,0,2,0,0,"InnoDB","utf8mb4_0900_ai_ci",""
"b_crm_invoice_sum_stat",2,21,true,0,5,0,0,"InnoDB","utf8mb4_0900_ai_ci",""
"b_crm_invoice_tax",0,9,true,0,1,0,0,"InnoDB","utf8mb4_0900_ai_ci","person_name"
"b_crm_item_badge",2,10,true,0,2,0,0,"InnoDB","utf8mb4_0900_ai_ci",""
"b_crm_item_category",8,9,true,1,1,0,0,"InnoDB","utf8mb4_0900_ai_ci","person_name"
"b_crm_item_category_user_field",65,4,true,1,2,0,0,"InnoDB","utf8mb4_0900_ai_ci","person_name"
"b_crm_kanban_sort",0,5,true,0,2,0,0,"InnoDB","utf8mb4_0900_ai_ci",""
"b_crm_kanban_supervisor",0,3,true,0,0,0,0,"InnoDB","utf8mb4_0900_ai_ci",""
"b_crm_last_communication",888,6,true,1,1,0,0,"InnoDB","utf8mb4_0900_ai_ci",""
"b_crm_lead",7,47,true,0,21,0,0,"InnoDB","utf8mb4_0900_ai_ci","address_location|birth_gender|email|government_financial_id|message_content|person_name|phone"
"b_crm_lead_act_stat",0,15,true,0,5,0,0,"InnoDB","utf8mb4_0900_ai_ci","email"
"b_crm_lead_channel_stat",0,7,true,0,1,0,0,"InnoDB","utf8mb4_0900_ai_ci",""
"b_crm_lead_contact",0,5,true,0,1,0,0,"InnoDB","utf8mb4_0900_ai_ci",""
"b_crm_lead_conv_stat",0,8,true,0,2,0,0,"InnoDB","utf8mb4_0900_ai_ci",""
"b_crm_lead_fields_context",0,4,true,0,1,0,0,"InnoDB","utf8mb4_0900_ai_ci","person_name"
"b_crm_lead_index",7,2,true,0,1,0,0,"InnoDB","utf8mb4_0900_ai_ci","message_content"
"b_crm_lead_status_history",16,13,true,0,7,0,0,"InnoDB","utf8mb4_0900_ai_ci",""
"b_crm_lead_status_history_with_supposed",18,11,true,0,3,0,0,"InnoDB","utf8mb4_0900_ai_ci",""
"b_crm_lead_sum_stat",14,19,true,0,2,0,0,"InnoDB","utf8mb4_0900_ai_ci",""
"b_crm_log",15,8,true,0,1,0,0,"InnoDB","utf8mb4_0900_ai_ci","message_content"
"b_crm_ml_model_training",0,9,true,0,1,0,0,"InnoDB","utf8mb4_0900_ai_ci","person_name"
"b_crm_ml_prediction_history",0,11,true,0,2,0,0,"InnoDB","utf8mb4_0900_ai_ci","person_name"
"b_crm_ml_prediction_queue",0,9,true,0,2,0,0,"InnoDB","utf8mb4_0900_ai_ci",""
"b_crm_multi_value_store",0,3,true,0,1,0,0,"InnoDB","utf8mb4_0900_ai_ci",""
"b_crm_observer",90,6,true,0,2,0,0,"InnoDB","utf8mb4_0900_ai_ci",""
"b_crm_order_contact_company",0,8,true,1,1,0,0,"InnoDB","utf8mb4_0900_ai_ci",""
"b_crm_order_entity",0,3,true,1,0,0,0,"InnoDB","utf8mb4_0900_ai_ci",""
"b_crm_order_import_product",0,7,true,0,2,0,0,"InnoDB","utf8mb4_0900_ai_ci","person_name"
"b_crm_order_payment_stage",0,3,true,0,0,0,0,"InnoDB","utf8mb4_0900_ai_ci",""
"b_crm_order_props_form",0,3,true,0,0,0,0,"InnoDB","utf8mb4_0900_ai_ci",""
"b_crm_order_props_form_queue",0,4,true,0,1,0,0,"InnoDB","utf8mb4_0900_ai_ci",""
"b_crm_order_props_match",16,6,true,0,2,0,0,"InnoDB","utf8mb4_0900_ai_ci",""
"b_crm_order_sending_channels",0,5,true,1,0,0,0,"InnoDB","utf8mb4_0900_ai_ci","person_name"
"b_crm_originator",0,2,true,0,0,0,0,"InnoDB","utf8mb4_0900_ai_ci",""
"b_crm_preset",3,12,true,0,2,0,0,"InnoDB","utf8mb4_0900_ai_ci","person_name"
"b_crm_product",0,6,true,0,0,0,0,"InnoDB","utf8mb4_0900_ai_ci",""
"b_crm_product_reservation_map",0,3,true,0,2,0,0,"InnoDB","utf8mb4_0900_ai_ci",""
"b_crm_product_row",0,22,true,0,2,0,0,"InnoDB","utf8mb4_0900_ai_ci","government_financial_id|person_name"
"b_crm_product_row_cfg",956,3,true,0,0,0,0,"InnoDB","utf8mb4_0900_ai_ci",""
"b_crm_product_row_reservation",0,6,true,0,1,0,0,"InnoDB","utf8mb4_0900_ai_ci",""
"b_crm_ps_rq_conv_relation",0,4,true,0,1,0,0,"InnoDB","utf8mb4_0900_ai_ci","government_financial_id"
"b_crm_quote",1,48,true,1,9,0,0,"InnoDB","utf8mb4_0900_ai_ci","address_location|email|government_financial_id|message_content|phone"
"b_crm_quote_contact",1,5,true,0,3,0,0,"InnoDB","utf8mb4_0900_ai_ci",""
"b_crm_quote_elem",0,3,true,0,0,0,0,"InnoDB","utf8mb4_0900_ai_ci",""
"b_crm_quote_fields_context",0,4,true,0,1,0,0,"InnoDB","utf8mb4_0900_ai_ci","person_name"
"b_crm_recycling_relation",370,10,true,0,3,0,0,"InnoDB","utf8mb4_0900_ai_ci",""
"b_crm_repeat_sale_job",3,7,true,0,1,0,0,"InnoDB","utf8mb4_0900_ai_ci",""
"b_crm_repeat_sale_log",0,8,true,0,4,0,0,"InnoDB","utf8mb4_0900_ai_ci",""
"b_crm_repeat_sale_queue",0,14,true,0,1,0,0,"InnoDB","utf8mb4_0900_ai_ci","authentication_secret"
"b_crm_repeat_sale_segment",3,17,true,0,0,0,0,"InnoDB","utf8mb4_0900_ai_ci",""
"b_crm_repeat_sale_segment_assignment_user",0,3,true,0,1,0,0,"InnoDB","utf8mb4_0900_ai_ci",""
"b_crm_requisite",426,77,true,0,48,0,0,"InnoDB","utf8mb4_0900_ai_ci","address_location|email|government_financial_id|person_name|phone"
"b_crm_requisite_cfg",0,3,true,0,0,0,0,"InnoDB","utf8mb4_0900_ai_ci",""
"b_crm_requisite_link",2302,6,true,0,2,0,0,"InnoDB","utf8mb4_0900_ai_ci","government_financial_id"
"b_crm_responsible_queue",0,10,true,0,2,0,0,"InnoDB","utf8mb4_0900_ai_ci",""
"b_crm_responsible_queue_config",0,6,true,0,0,0,0,"InnoDB","utf8mb4_0900_ai_ci",""
"b_crm_responsible_queue_config_members",0,5,true,0,1,0,0,"InnoDB","utf8mb4_0900_ai_ci",""
"b_crm_role",19,5,true,0,0,0,0,"InnoDB","utf8mb4_0900_ai_ci","person_name"
"b_crm_role_perms",494,8,true,0,2,0,0,"InnoDB","utf8mb4_0900_ai_ci",""
"b_crm_role_relation",17,3,true,0,1,0,0,"InnoDB","utf8mb4_0900_ai_ci",""
"b_crm_rq_conv_log",0,6,true,0,3,0,0,"InnoDB","utf8mb4_0900_ai_ci","message_content"
"b_crm_sequences",1,2,true,0,0,0,0,"InnoDB","utf8mb4_0900_ai_ci","person_name"
"b_crm_shipment_realization",0,3,true,1,0,0,0,"InnoDB","utf8mb4_0900_ai_ci",""
"b_crm_sl_rel",0,9,false,0,4,0,0,"InnoDB","utf8mb4_0900_ai_ci",""
"b_crm_sl_subscr",0,4,true,0,1,0,0,"InnoDB","utf8mb4_0900_ai_ci",""
"b_crm_status",172,10,true,0,2,0,0,"InnoDB","utf8mb4_0900_ai_ci","person_name"
"b_crm_store_document_contractor",0,4,true,1,2,0,0,"InnoDB","utf8mb4_0900_ai_ci",""
"b_crm_terminal_payment",0,1,true,0,0,0,0,"InnoDB","utf8mb4_0900_ai_ci",""
"b_crm_timeline",67857,11,true,0,6,0,0,"InnoDB","utf8mb4_0900_ai_ci","message_content|person_name"
"b_crm_timeline_bind",71120,4,true,0,1,0,0,"InnoDB","utf8mb4_0900_ai_ci",""
"b_crm_timeline_custom_icon",0,3,true,1,0,0,0,"InnoDB","utf8mb4_0900_ai_ci",""
"b_crm_timeline_custom_logo",0,3,true,1,0,0,0,"InnoDB","utf8mb4_0900_ai_ci",""
"b_crm_timeline_note",1351,8,true,1,0,0,0,"InnoDB","utf8mb4_0900_ai_ci","message_content"
"b_crm_timeline_rest_app_layout_blocks",0,5,true,0,3,0,0,"InnoDB","utf8mb4_0900_ai_ci",""
"b_crm_timeline_search",11522,2,true,0,1,0,0,"InnoDB","utf8mb4_0900_ai_ci","message_content"
"b_crm_tracking_expenses_pack",0,10,true,0,2,0,0,"InnoDB","utf8mb4_0900_ai_ci","message_content"
"b_crm_tracking_phone_number",0,5,true,0,1,0,0,"InnoDB","utf8mb4_0900_ai_ci",""
"b_crm_tracking_pool",0,4,true,0,0,0,0,"InnoDB","utf8mb4_0900_ai_ci",""
"b_crm_tracking_site",0,11,true,0,0,0,0,"InnoDB","utf8mb4_0900_ai_ci","address_location|message_content"
"b_crm_tracking_site_b24",0,2,true,0,0,0,0,"InnoDB","utf8mb4_0900_ai_ci",""
"b_crm_tracking_source",1,15,true,0,0,0,0,"InnoDB","utf8mb4_0900_ai_ci","email|government_financial_id|message_content|person_name|phone"
"b_crm_tracking_source_child",0,7,true,1,0,0,0,"InnoDB","utf8mb4_0900_ai_ci",""
"b_crm_tracking_source_expenses",0,11,true,0,3,0,0,"InnoDB","utf8mb4_0900_ai_ci","message_content"
"b_crm_tracking_source_field",0,4,true,0,1,0,0,"InnoDB","utf8mb4_0900_ai_ci",""
"b_crm_tracking_trace",4706,8,true,0,2,0,0,"InnoDB","utf8mb4_0900_ai_ci","phone"
"b_crm_tracking_trace_channel",4707,4,true,0,2,0,0,"InnoDB","utf8mb4_0900_ai_ci",""
"b_crm_tracking_trace_entity",4710,4,true,0,2,0,0,"InnoDB","utf8mb4_0900_ai_ci",""
"b_crm_tracking_trace_source",0,6,true,1,0,0,0,"InnoDB","utf8mb4_0900_ai_ci",""
"b_crm_tracking_trace_tree",0,3,true,0,1,0,0,"InnoDB","utf8mb4_0900_ai_ci",""
"b_crm_user_mail_template_access",33,4,true,1,2,0,0,"InnoDB","utf8mb4_0900_ai_ci",""
"b_crm_usr_act",1192,7,true,0,2,0,0,"InnoDB","utf8mb4_0900_ai_ci",""
"b_crm_usr_mt",5,16,true,0,1,0,0,"InnoDB","utf8mb4_0900_ai_ci","email|message_content"
"b_crm_utm",27,4,true,0,0,0,0,"InnoDB","utf8mb4_0900_ai_ci",""
"b_crm_volume",0,29,true,1,1,0,0,"InnoDB","utf8mb4_0900_ai_ci",""
"b_crm_wait",0,9,true,0,1,0,0,"InnoDB","utf8mb4_0900_ai_ci","message_content"
"b_crm_webform",9,48,true,0,1,0,0,"InnoDB","utf8mb4_0900_ai_ci","message_content|person_name"
"b_crm_webform_ads_field_mapping",0,4,false,0,1,0,0,"InnoDB","utf8mb4_0900_ai_ci",""
"b_crm_webform_agreement",15,5,true,0,1,0,0,"InnoDB","utf8mb4_0900_ai_ci",""
"b_crm_webform_counter",9,14,true,0,1,0,0,"InnoDB","utf8mb4_0900_ai_ci",""
"b_crm_webform_counter_daily",26,5,true,0,0,0,0,"InnoDB","utf8mb4_0900_ai_ci",""
"b_crm_webform_field",37,14,true,0,1,0,0,"InnoDB","utf8mb4_0900_ai_ci",""
"b_crm_webform_field_dep",0,10,true,0,1,0,0,"InnoDB","utf8mb4_0900_ai_ci",""
"b_crm_webform_field_dep_group",0,3,true,0,1,0,0,"InnoDB","utf8mb4_0900_ai_ci",""
"b_crm_webform_field_preset",2,4,false,0,1,0,0,"InnoDB","utf8mb4_0900_ai_ci","person_name"
"b_crm_webform_landing",9,3,true,0,1,0,0,"InnoDB","utf8mb4_0900_ai_ci",""
"b_crm_webform_limit",0,6,true,1,0,0,0,"InnoDB","utf8mb4_0900_ai_ci",""
"b_crm_webform_queue",4,4,true,0,1,0,0,"InnoDB","utf8mb4_0900_ai_ci",""
"b_crm_webform_result",3,4,true,0,2,0,0,"InnoDB","utf8mb4_0900_ai_ci",""
"b_crm_webform_result_entity",6,4,false,0,2,0,0,"InnoDB","utf8mb4_0900_ai_ci","person_name"
"b_crm_webform_start_edit",5,2,false,0,1,0,0,"InnoDB","utf8mb4_0900_ai_ci",""
"b_crm_webpack",21,3,true,0,0,0,0,"InnoDB","utf8mb4_0900_ai_ci",""
"b_crm_webpack_file_log",1,3,true,0,1,0,0,"InnoDB","utf8mb4_0900_ai_ci",""
"b_crm_widget_saletarget",1,15,true,0,0,0,0,"InnoDB","utf8mb4_0900_ai_ci",""
"b_crm_workflow_entity_stage",0,6,true,1,0,0,0,"InnoDB","utf8mb4_0900_ai_ci",""
"b_culture",2,25,true,0,0,0,0,"InnoDB","utf8mb4_0900_ai_ci","person_name"
"b_dav_connections",0,18,true,0,2,0,0,"InnoDB","utf8mb4_0900_ai_ci","authentication_secret|government_financial_id|person_name"
"b_dav_locks",0,9,true,0,2,0,0,"InnoDB","utf8mb4_0900_ai_ci",""
"b_dav_tokens",0,3,true,1,0,0,0,"InnoDB","utf8mb4_0900_ai_ci","authentication_secret"
"b_disk_attached_object",30,11,true,0,3,0,0,"InnoDB","utf8mb4_0900_ai_ci","message_content"
"b_disk_attached_view_type",191,3,true,0,0,0,0,"InnoDB","utf8mb4_0900_ai_ci",""
"b_disk_cloud_import",0,13,true,0,2,0,0,"InnoDB","utf8mb4_0900_ai_ci","message_content"
"b_disk_deleted_log",0,6,true,0,3,0,0,"InnoDB","utf8mb4_0900_ai_ci",""
"b_disk_deleted_log_v2",35,6,true,1,2,0,0,"InnoDB","utf8mb4_0900_ai_ci",""
"b_disk_document_info",0,9,true,0,0,0,0,"InnoDB","utf8mb4_0900_ai_ci","authentication_secret|message_content"
"b_disk_document_restriction_log",0,7,true,0,2,0,0,"InnoDB","utf8mb4_0900_ai_ci","authentication_secret"
"b_disk_document_session",0,12,true,0,2,0,0,"InnoDB","utf8mb4_0900_ai_ci","authentication_secret"
"b_disk_edit_session",0,10,true,0,2,0,0,"InnoDB","utf8mb4_0900_ai_ci",""
"b_disk_external_link",2,13,true,0,3,0,0,"InnoDB","utf8mb4_0900_ai_ci","authentication_secret|message_content"
"b_disk_object",961,26,true,2,11,0,0,"InnoDB","utf8mb4_0900_ai_ci","authentication_secret|message_content|person_name"
"b_disk_object_extended_index",0,4,true,0,2,0,0,"InnoDB","utf8mb4_0900_ai_ci",""
"b_disk_object_head_index",790,3,true,0,2,0,0,"InnoDB","utf8mb4_0900_ai_ci",""
"b_disk_object_lock",0,8,true,2,0,0,0,"InnoDB","utf8mb4_0900_ai_ci","authentication_secret"
"b_disk_object_path",2498,4,true,2,0,0,0,"InnoDB","utf8mb4_0900_ai_ci",""
"b_disk_object_ttl",0,4,true,0,1,0,0,"InnoDB","utf8mb4_0900_ai_ci",""
"b_disk_onlyoffice_document_info",0,8,true,0,0,0,0,"InnoDB","utf8mb4_0900_ai_ci","authentication_secret|message_content"
"b_disk_onlyoffice_document_session",0,11,true,0,2,0,0,"InnoDB","utf8mb4_0900_ai_ci","authentication_secret"
"b_disk_onlyoffice_restriction_log",0,6,true,0,2,0,0,"InnoDB","utf8mb4_0900_ai_ci","authentication_secret"
"b_disk_recently_used",334,4,true,0,2,0,0,"InnoDB","utf8mb4_0900_ai_ci",""
"b_disk_right",284,6,true,0,2,0,0,"InnoDB","utf8mb4_0900_ai_ci",""
"b_disk_right_setup_session",52,6,true,0,2,0,0,"InnoDB","utf8mb4_0900_ai_ci",""
"b_disk_sharing",8,15,true,0,6,0,0,"InnoDB","utf8mb4_0900_ai_ci","message_content|person_name"
"b_disk_show_session",0,10,true,0,2,0,0,"InnoDB","utf8mb4_0900_ai_ci",""
"b_disk_simple_right",1276,3,true,0,2,0,0,"InnoDB","utf8mb4_0900_ai_ci",""
"b_disk_storage",221,11,true,1,1,0,0,"InnoDB","utf8mb4_0900_ai_ci","person_name"
"b_disk_tmp_file",0,13,true,0,2,0,0,"InnoDB","utf8mb4_0900_ai_ci","authentication_secret|message_content"
"b_disk_tmp_simple_right",0,3,true,0,1,0,0,"InnoDB","utf8mb4_0900_ai_ci","authentication_secret"
"b_disk_tracked_object",568,8,true,1,3,0,0,"InnoDB","utf8mb4_0900_ai_ci",""
"b_disk_unified_link_access",0,3,true,1,0,0,0,"InnoDB","utf8mb4_0900_ai_ci",""
"b_disk_version",671,14,true,0,2,0,0,"InnoDB","utf8mb4_0900_ai_ci","message_content|person_name"
"b_disk_volume",108,41,true,0,4,0,0,"InnoDB","utf8mb4_0900_ai_ci",""
"b_disk_volume_deleted_log",0,16,true,0,1,0,0,"InnoDB","utf8mb4_0900_ai_ci","person_name"
"b_documentgenerator_actualize_queue",0,3,true,0,0,0,0,"InnoDB","utf8mb4_0900_ai_ci",""
"b_documentgenerator_document",0,14,true,0,3,0,0,"InnoDB","utf8mb4_0900_ai_ci",""
"b_documentgenerator_document_binding",0,4,true,0,0,0,0,"InnoDB","utf8mb4_0900_ai_ci","person_name"
"b_documentgenerator_external_link",0,4,true,0,2,0,0,"InnoDB","utf8mb4_0900_ai_ci","authentication_secret"
"b_documentgenerator_field",0,14,true,1,1,0,0,"InnoDB","utf8mb4_0900_ai_ci","person_name"
"b_documentgenerator_file",19,3,true,0,0,0,0,"InnoDB","utf8mb4_0900_ai_ci",""
"b_documentgenerator_region",0,6,true,0,0,0,0,"InnoDB","utf8mb4_0900_ai_ci","person_name"
"b_documentgenerator_region_phrase",0,4,true,0,0,0,0,"InnoDB","utf8mb4_0900_ai_ci",""
"b_documentgenerator_role",2,3,true,0,1,0,0,"InnoDB","utf8mb4_0900_ai_ci","person_name"
"b_documentgenerator_role_access",2,3,true,0,1,0,0,"InnoDB","utf8mb4_0900_ai_ci",""
"b_documentgenerator_role_permission",8,5,true,0,1,0,0,"InnoDB","utf8mb4_0900_ai_ci",""
"b_documentgenerator_spreadsheet",0,7,true,0,1,0,0,"InnoDB","utf8mb4_0900_ai_ci","person_name"
"b_documentgenerator_template",19,18,true,0,0,0,0,"InnoDB","utf8mb4_0900_ai_ci","message_content|person_name"
"b_documentgenerator_template_provider",106,2,false,1,1,0,0,"InnoDB","utf8mb4_0900_ai_ci",""
"b_documentgenerator_template_user",19,2,false,1,1,0,0,"InnoDB","utf8mb4_0900_ai_ci",""
"b_entity_usage",5664,7,true,0,2,0,0,"InnoDB","utf8mb4_0900_ai_ci",""
"b_event",887,10,true,0,2,0,0,"InnoDB","utf8mb4_0900_ai_ci","message_content|person_name"
"b_event_attachment",0,3,true,0,0,0,0,"InnoDB","utf8mb4_0900_ai_ci",""
"b_event_log",1258,13,true,0,2,0,0,"InnoDB","utf8mb4_0900_ai_ci","address_location|message_content|network_device"
"b_event_message",120,23,true,0,1,0,0,"InnoDB","utf8mb4_0900_ai_ci","email|message_content|person_name"
"b_event_message_attachment",0,2,true,0,0,0,0,"InnoDB","utf8mb4_0900_ai_ci","message_content"
"b_event_message_site",120,2,true,0,0,0,0,"InnoDB","utf8mb4_0900_ai_ci","message_content"
"b_event_type",232,7,true,1,0,0,0,"InnoDB","utf8mb4_0900_ai_ci","message_content|person_name"
"b_extranet_user",1,4,true,1,1,0,0,"InnoDB","utf8mb4_0900_ai_ci",""
"b_favorite",0,15,true,0,0,0,0,"InnoDB","utf8mb4_0900_ai_ci","person_name"
"b_file",3941,13,true,0,1,0,0,"InnoDB","utf8mb4_0900_ai_ci","message_content|person_name"
"b_file_duplicate",1933,4,true,0,1,0,0,"InnoDB","utf8mb4_0900_ai_ci",""
"b_file_hash",2008,3,true,0,1,0,0,"InnoDB","utf8mb4_0900_ai_ci","authentication_secret"
"b_file_preview",71,6,true,0,2,0,0,"InnoDB","utf8mb4_0900_ai_ci",""
"b_file_search",0,7,true,0,0,0,0,"InnoDB","utf8mb4_0900_ai_ci",""
"b_file_version",0,3,true,1,0,0,0,"InnoDB","utf8mb4_0900_ai_ci",""
"b_filters",0,11,true,0,0,0,0,"InnoDB","utf8mb4_0900_ai_ci","person_name"
"b_finder_dest",0,6,true,0,1,0,0,"InnoDB","utf8mb4_0900_ai_ci",""
"b_form",0,27,true,0,1,0,0,"InnoDB","utf8mb4_0900_ai_ci","message_content|person_name"
"b_form_2_group",0,4,true,0,1,0,0,"InnoDB","utf8mb4_0900_ai_ci",""
"b_form_2_mail_template",0,2,true,0,0,0,0,"InnoDB","utf8mb4_0900_ai_ci",""
"b_form_2_site",0,2,true,0,0,0,0,"InnoDB","utf8mb4_0900_ai_ci",""
"b_form_answer",0,11,true,0,1,0,0,"InnoDB","utf8mb4_0900_ai_ci","message_content"
"b_form_crm",0,5,true,0,0,0,0,"InnoDB","utf8mb4_0900_ai_ci","authentication_secret|person_name"
"b_form_crm_field",0,5,true,0,1,0,0,"InnoDB","utf8mb4_0900_ai_ci",""
"b_form_crm_link",0,4,true,1,0,0,0,"InnoDB","utf8mb4_0900_ai_ci",""
"b_form_field",0,18,true,0,2,0,0,"InnoDB","utf8mb4_0900_ai_ci",""
"b_form_field_filter",0,4,true,0,1,0,0,"InnoDB","utf8mb4_0900_ai_ci","person_name"
"b_form_field_validator",0,8,true,0,2,0,0,"InnoDB","utf8mb4_0900_ai_ci",""
"b_form_menu",0,4,true,0,1,0,0,"InnoDB","utf8mb4_0900_ai_ci",""
"b_form_result",0,10,true,0,3,0,0,"InnoDB","utf8mb4_0900_ai_ci","authentication_secret"
"b_form_result_answer",0,18,true,0,3,0,0,"InnoDB","utf8mb4_0900_ai_ci","authentication_secret|message_content|person_name"
"b_form_status",0,12,true,0,1,0,0,"InnoDB","utf8mb4_0900_ai_ci","message_content"
"b_form_status_2_group",0,4,true,0,1,0,0,"InnoDB","utf8mb4_0900_ai_ci",""
"b_form_status_2_mail_template",0,2,true,0,0,0,0,"InnoDB","utf8mb4_0900_ai_ci",""
"b_forum",9,49,true,0,3,0,0,"InnoDB","utf8mb4_0900_ai_ci","email|message_content|person_name"
"b_forum2site",9,3,true,0,0,0,0,"InnoDB","utf8mb4_0900_ai_ci","message_content"
"b_forum_dictionary",4,3,true,0,0,0,0,"InnoDB","utf8mb4_0900_ai_ci",""
"b_forum_email",0,12,true,0,2,0,0,"InnoDB","utf8mb4_0900_ai_ci","email|message_content"
"b_forum_file",0,8,true,0,4,0,0,"InnoDB","utf8mb4_0900_ai_ci","message_content"
"b_forum_filter",151,8,true,0,2,0,0,"InnoDB","utf8mb4_0900_ai_ci","message_content"
"b_forum_group",3,7,true,0,0,0,0,"InnoDB","utf8mb4_0900_ai_ci",""
"b_forum_group_lang",6,5,true,1,0,0,0,"InnoDB","utf8mb4_0900_ai_ci","message_content|person_name"
"b_forum_letter",37,4,true,0,0,0,0,"InnoDB","utf8mb4_0900_ai_ci",""
"b_forum_message",349,31,true,0,11,0,0,"InnoDB","utf8mb4_0900_ai_ci","email|message_content|network_device|person_name"
"b_forum_perms",20,4,true,0,2,0,0,"InnoDB","utf8mb4_0900_ai_ci",""
"b_forum_pm_folder",4,4,true,0,1,0,0,"InnoDB","utf8mb4_0900_ai_ci",""
"b_forum_points",0,4,true,1,0,0,0,"InnoDB","utf8mb4_0900_ai_ci",""
"b_forum_points2post",0,3,true,1,0,0,0,"InnoDB","utf8mb4_0900_ai_ci",""
"b_forum_points_lang",0,3,true,0,0,0,0,"InnoDB","utf8mb4_0900_ai_ci","person_name"
"b_forum_private_message",0,11,true,0,3,0,0,"InnoDB","utf8mb4_0900_ai_ci","message_content"
"b_forum_rank",0,3,true,0,0,0,0,"InnoDB","utf8mb4_0900_ai_ci",""
"b_forum_rank_lang",0,4,true,1,0,0,0,"InnoDB","utf8mb4_0900_ai_ci","person_name"
"b_forum_service_deleted_message",0,9,true,1,0,0,0,"InnoDB","utf8mb4_0900_ai_ci","message_content"
"b_forum_service_statistic_queue",0,3,true,1,0,0,0,"InnoDB","utf8mb4_0900_ai_ci",""
"b_forum_stat",0,9,true,0,4,0,0,"InnoDB","utf8mb4_0900_ai_ci","address_location|network_device|person_name"
"b_forum_subscribe",0,9,true,1,0,0,0,"InnoDB","utf8mb4_0900_ai_ci",""
"b_forum_topic",109,30,true,0,12,0,0,"InnoDB","utf8mb4_0900_ai_ci","message_content|person_name"
"b_forum_user",16,20,true,1,0,0,0,"InnoDB","utf8mb4_0900_ai_ci","address_location|message_content|network_device|person_name"
"b_forum_user_forum",0,5,true,0,1,0,0,"InnoDB","utf8mb4_0900_ai_ci",""
"b_forum_user_points",0,4,true,0,1,0,0,"InnoDB","utf8mb4_0900_ai_ci",""
"b_forum_user_topic",209,5,true,0,3,0,0,"InnoDB","utf8mb4_0900_ai_ci",""
"b_geoip_handlers",3,5,true,0,0,0,0,"InnoDB","utf8mb4_0900_ai_ci","person_name"
"b_geoname",0,3,true,0,0,0,0,"InnoDB","utf8mb4_0900_ai_ci","person_name"
"b_group",16,10,true,0,0,0,0,"InnoDB","utf8mb4_0900_ai_ci","message_content|person_name"
"b_group_collection_task",0,3,true,0,0,0,0,"InnoDB","utf8mb4_0900_ai_ci",""
"b_group_subordinate",2,2,true,0,0,0,0,"InnoDB","utf8mb4_0900_ai_ci",""
"b_group_task",9,3,true,0,0,0,0,"InnoDB","utf8mb4_0900_ai_ci",""
"b_hlblock_entity",1,3,true,0,0,0,0,"InnoDB","utf8mb4_0900_ai_ci","person_name"
"b_hlblock_entity_lang",2,3,false,0,0,0,0,"InnoDB","utf8mb4_0900_ai_ci","person_name"
"b_hlblock_entity_rights",2,4,true,0,0,0,0,"InnoDB","utf8mb4_0900_ai_ci",""
"b_hlsys_marking_code_group",12,3,true,0,0,0,0,"InnoDB","utf8mb4_0900_ai_ci","person_name"
"b_hot_keys",252,4,true,1,1,0,0,"InnoDB","utf8mb4_0900_ai_ci",""
"b_hot_keys_code",79,8,true,0,2,0,0,"InnoDB","utf8mb4_0900_ai_ci","person_name"
"b_hr_access_permission",165,4,true,1,2,0,0,"InnoDB","utf8mb4_0900_ai_ci",""
"b_hr_access_role",12,3,true,0,0,0,0,"InnoDB","utf8mb4_0900_ai_ci","person_name"
"b_hr_access_role_relation",10,3,true,0,2,0,0,"InnoDB","utf8mb4_0900_ai_ci",""
"b_hr_hcmlink_company",0,6,true,1,0,0,0,"InnoDB","utf8mb4_0900_ai_ci",""
"b_hr_hcmlink_employee",0,5,true,1,1,0,0,"InnoDB","utf8mb4_0900_ai_ci",""
"b_hr_hcmlink_field",0,7,true,1,0,0,0,"InnoDB","utf8mb4_0900_ai_ci",""
"b_hr_hcmlink_field_value",0,6,true,1,1,0,0,"InnoDB","utf8mb4_0900_ai_ci",""
"b_hr_hcmlink_job",0,13,true,0,4,0,0,"InnoDB","utf8mb4_0900_ai_ci",""
"b_hr_hcmlink_person",0,8,true,1,2,0,0,"InnoDB","utf8mb4_0900_ai_ci",""
"b_hr_hcmlink_person_index",0,2,true,0,1,0,0,"InnoDB","utf8mb4_0900_ai_ci","message_content"
"b_hr_log",0,6,true,0,2,0,0,"InnoDB","utf8mb4_0900_ai_ci","message_content"
"b_hr_structure",1,7,true,1,0,0,0,"InnoDB","utf8mb4_0900_ai_ci","person_name"
"b_hr_structure_node",5,14,true,0,4,0,0,"InnoDB","utf8mb4_0900_ai_ci","message_content|person_name"
"b_hr_structure_node_backward_access_code",5,3,true,1,1,0,0,"InnoDB","utf8mb4_0900_ai_ci",""
"b_hr_structure_node_member",28,8,true,1,1,0,0,"InnoDB","utf8mb4_0900_ai_ci",""
"b_hr_structure_node_member_role",28,6,true,0,2,0,0,"InnoDB","utf8mb4_0900_ai_ci",""
"b_hr_structure_node_path",12,4,true,1,1,0,0,"InnoDB","utf8mb4_0900_ai_ci",""
"b_hr_structure_node_relation",1,9,true,0,2,0,0,"InnoDB","utf8mb4_0900_ai_ci",""
"b_hr_structure_node_role",0,6,true,0,0,0,0,"InnoDB","utf8mb4_0900_ai_ci",""
"b_hr_structure_node_settings",5,6,true,0,1,0,0,"InnoDB","utf8mb4_0900_ai_ci",""
"b_hr_structure_role",6,6,true,1,0,0,0,"InnoDB","utf8mb4_0900_ai_ci","person_name"
"b_iblock",37,44,true,1,2,0,0,"InnoDB","utf8mb4_0900_ai_ci","message_content|person_name"
"b_iblock_cache",0,3,true,0,0,0,0,"InnoDB","utf8mb4_0900_ai_ci",""
"b_iblock_element",3591,33,true,0,5,0,0,"InnoDB","utf8mb4_0900_ai_ci","message_content|person_name"
"b_iblock_element_iprop",0,5,true,0,2,0,0,"InnoDB","utf8mb4_0900_ai_ci",""
"b_iblock_element_lock",0,3,true,0,0,0,0,"InnoDB","utf8mb4_0900_ai_ci",""
"b_iblock_element_property",8115,8,true,0,5,0,0,"InnoDB","utf8mb4_0900_ai_ci","message_content"
"b_iblock_element_right",3952,5,true,0,2,0,0,"InnoDB","utf8mb4_0900_ai_ci",""
"b_iblock_fields",512,4,true,0,0,0,0,"InnoDB","utf8mb4_0900_ai_ci",""
"b_iblock_group",34,3,false,1,0,0,0,"InnoDB","utf8mb4_0900_ai_ci",""
"b_iblock_iblock_iprop",0,3,true,0,1,0,0,"InnoDB","utf8mb4_0900_ai_ci",""
"b_iblock_iproperty",0,6,true,0,1,0,0,"InnoDB","utf8mb4_0900_ai_ci",""
"b_iblock_messages",132,3,true,0,0,0,0,"InnoDB","utf8mb4_0900_ai_ci","message_content"
"b_iblock_offers_tmp",0,4,true,0,0,0,0,"InnoDB","utf8mb4_0900_ai_ci",""
"b_iblock_property",168,26,true,0,3,0,0,"InnoDB","utf8mb4_0900_ai_ci","message_content|person_name"
"b_iblock_property_enum",55,7,true,1,0,0,0,"InnoDB","utf8mb4_0900_ai_ci",""
"b_iblock_property_feature",4,5,true,1,0,0,0,"InnoDB","utf8mb4_0900_ai_ci",""
"b_iblock_right",63,10,true,0,6,0,0,"InnoDB","utf8mb4_0900_ai_ci",""
"b_iblock_rss",0,4,true,0,0,0,0,"InnoDB","utf8mb4_0900_ai_ci",""
"b_iblock_section",29,23,true,0,5,0,0,"InnoDB","utf8mb4_0900_ai_ci","message_content|person_name"
"b_iblock_section_element",67,3,false,1,1,0,0,"InnoDB","utf8mb4_0900_ai_ci",""
"b_iblock_section_iprop",0,4,true,0,2,0,0,"InnoDB","utf8mb4_0900_ai_ci",""
"b_iblock_section_property",0,7,true,0,2,0,0,"InnoDB","utf8mb4_0900_ai_ci",""
"b_iblock_section_right",40,4,true,0,2,0,0,"InnoDB","utf8mb4_0900_ai_ci",""
"b_iblock_sequence",0,3,true,0,0,0,0,"InnoDB","utf8mb4_0900_ai_ci",""
"b_iblock_site",37,2,true,0,0,0,0,"InnoDB","utf8mb4_0900_ai_ci",""
"b_iblock_type",10,6,true,0,0,0,0,"InnoDB","utf8mb4_0900_ai_ci",""
"b_iblock_type_lang",18,5,false,0,0,0,0,"InnoDB","utf8mb4_0900_ai_ci","person_name"
"b_idea_email_subscribe",0,4,true,0,1,0,0,"InnoDB","utf8mb4_0900_ai_ci",""
"b_im_ai_transcribe_queue",0,3,true,1,0,0,0,"InnoDB","utf8mb4_0900_ai_ci",""
"b_im_alias",1,5,true,1,1,0,0,"InnoDB","utf8mb4_0900_ai_ci",""
"b_im_anchor",20,7,true,1,1,0,0,"InnoDB","utf8mb4_0900_ai_ci","message_content"
"b_im_app",2,19,true,0,1,0,0,"InnoDB","utf8mb4_0900_ai_ci","authentication_secret"
"b_im_app_lang",0,6,true,1,0,0,0,"InnoDB","utf8mb4_0900_ai_ci","message_content"
"b_im_block_user",0,4,true,0,0,0,0,"InnoDB","utf8mb4_0900_ai_ci",""
"b_im_bot",6,25,true,0,0,0,0,"InnoDB","utf8mb4_0900_ai_ci","message_content"
"b_im_bot_chat",0,3,true,0,1,0,0,"InnoDB","utf8mb4_0900_ai_ci",""
"b_im_bot_network_session",0,12,true,1,0,0,0,"InnoDB","utf8mb4_0900_ai_ci","authentication_secret"
"b_im_bot_token",0,6,true,0,2,0,0,"InnoDB","utf8mb4_0900_ai_ci","authentication_secret"
"b_im_call",0,21,true,1,4,0,0,"InnoDB","utf8mb4_0900_ai_ci","authentication_secret"
"b_im_call_user",0,8,true,0,0,0,0,"InnoDB","utf8mb4_0900_ai_ci","phone"
"b_im_chat",660,32,true,0,6,0,0,"InnoDB","utf8mb4_0900_ai_ci","message_content"
"b_im_chat_index",88,3,true,0,3,0,0,"InnoDB","utf8mb4_0900_ai_ci","message_content"
"b_im_chat_param",48,5,true,0,2,0,0,"InnoDB","utf8mb4_0900_ai_ci","person_name"
"b_im_command",9,12,true,0,1,0,0,"InnoDB","utf8mb4_0900_ai_ci",""
"b_im_command_lang",4,5,true,1,0,0,0,"InnoDB","utf8mb4_0900_ai_ci",""
"b_im_conference",0,7,true,0,0,0,0,"InnoDB","utf8mb4_0900_ai_ci","authentication_secret"
"b_im_conference_user_role",0,3,true,0,0,0,0,"InnoDB","utf8mb4_0900_ai_ci",""
"b_im_counter_overflow",6,3,true,1,1,0,0,"InnoDB","utf8mb4_0900_ai_ci",""
"b_im_external_avatar",2,3,true,0,1,0,0,"InnoDB","utf8mb4_0900_ai_ci",""
"b_im_file_param",0,4,true,1,0,0,0,"InnoDB","utf8mb4_0900_ai_ci","person_name"
"b_im_file_temporary",0,4,true,1,1,0,0,"InnoDB","utf8mb4_0900_ai_ci",""
"b_im_file_transcription",0,3,true,1,0,0,0,"InnoDB","utf8mb4_0900_ai_ci","message_content"
"b_im_hr_sync_queue",0,11,true,0,1,0,0,"InnoDB","utf8mb4_0900_ai_ci",""
"b_im_last_message",0,5,true,1,1,0,0,"InnoDB","utf8mb4_0900_ai_ci","message_content"
"b_im_last_search",0,5,true,0,1,0,0,"InnoDB","utf8mb4_0900_ai_ci",""
"b_im_link_calendar",0,9,true,1,5,0,0,"InnoDB","utf8mb4_0900_ai_ci","message_content"
"b_im_link_calendar_index",0,2,true,0,1,0,0,"InnoDB","utf8mb4_0900_ai_ci","message_content"
"b_im_link_favorite",1,5,true,1,1,0,0,"InnoDB","utf8mb4_0900_ai_ci","message_content"
"b_im_link_file",109,7,true,0,5,0,0,"InnoDB","utf8mb4_0900_ai_ci","message_content"
"b_im_link_pin",1,5,true,1,1,0,0,"InnoDB","utf8mb4_0900_ai_ci","message_content"
"b_im_link_reminder",0,7,true,1,3,0,0,"InnoDB","utf8mb4_0900_ai_ci","message_content"
"b_im_link_task",0,6,true,1,2,0,0,"InnoDB","utf8mb4_0900_ai_ci","message_content"
"b_im_link_url",596,8,true,0,6,0,0,"InnoDB","utf8mb4_0900_ai_ci","message_content"
"b_im_link_url_index",596,2,true,0,1,0,0,"InnoDB","utf8mb4_0900_ai_ci","message_content"
"b_im_log",3195,7,true,1,1,0,0,"InnoDB","utf8mb4_0900_ai_ci",""
"b_im_message",31432,16,true,0,6,0,0,"InnoDB","utf8mb4_0900_ai_ci","email|message_content"
"b_im_message_disappearing",0,3,false,1,0,0,0,"InnoDB","utf8mb4_0900_ai_ci","message_content"
"b_im_message_favorite",0,5,false,1,2,0,0,"InnoDB","utf8mb4_0900_ai_ci","message_content"
"b_im_message_index",0,2,true,0,1,0,0,"InnoDB","utf8mb4_0900_ai_ci","message_content"
"b_im_message_param",9926,5,true,0,2,0,0,"InnoDB","utf8mb4_0900_ai_ci","message_content|person_name"
"b_im_message_unread",3085,8,true,1,8,0,0,"InnoDB","utf8mb4_0900_ai_ci","message_content"
"b_im_message_uuid",113,3,true,0,2,0,0,"InnoDB","utf8mb4_0900_ai_ci","message_content"
"b_im_message_viewed",3695,5,true,1,3,0,0,"InnoDB","utf8mb4_0900_ai_ci","message_content"
"b_im_no_relation_permission_disk",0,4,true,0,1,0,0,"InnoDB","utf8mb4_0900_ai_ci",""
"b_im_notify_group",0,5,true,0,1,0,0,"InnoDB","utf8mb4_0900_ai_ci",""
"b_im_notify_group_condition",0,6,true,1,0,0,0,"InnoDB","utf8mb4_0900_ai_ci",""
"b_im_option_access",11,3,true,1,0,0,0,"InnoDB","utf8mb4_0900_ai_ci",""
"b_im_option_group",12,8,true,0,0,0,0,"InnoDB","utf8mb4_0900_ai_ci","person_name"
"b_im_option_state",3652,3,true,0,0,0,0,"InnoDB","utf8mb4_0900_ai_ci","person_name"
"b_im_option_user",20,3,true,0,0,0,0,"InnoDB","utf8mb4_0900_ai_ci",""
"b_im_permission",0,15,true,0,1,0,0,"InnoDB","utf8mb4_0900_ai_ci","message_content"
"b_im_permission_duration",0,3,true,0,2,0,0,"InnoDB","utf8mb4_0900_ai_ci",""
"b_im_permission_log",0,5,true,0,2,0,0,"InnoDB","utf8mb4_0900_ai_ci","message_content"
"b_im_reaction",152,6,true,1,4,0,0,"InnoDB","utf8mb4_0900_ai_ci","message_content"
"b_im_recent",609,14,true,0,7,0,0,"InnoDB","utf8mb4_0900_ai_ci","message_content"
"b_im_recent_init_queue",0,10,true,0,0,0,0,"InnoDB","utf8mb4_0900_ai_ci",""
"b_im_relation",924,20,true,0,8,0,0,"InnoDB","utf8mb4_0900_ai_ci","message_content"
"b_im_status",22,10,true,0,1,0,0,"InnoDB","utf8mb4_0900_ai_ci","message_content|phone"
"b_imconnectors_chat_last_message",0,4,true,0,1,0,0,"InnoDB","utf8mb4_0900_ai_ci","message_content"
"b_imconnectors_custom_connectors",0,15,true,1,0,0,0,"InnoDB","utf8mb4_0900_ai_ci","person_name"
"b_imconnectors_delivery_mark",0,3,true,0,1,0,0,"InnoDB","utf8mb4_0900_ai_ci","message_content"
"b_imconnectors_info_connectors",1,4,true,0,0,0,0,"InnoDB","utf8mb4_0900_ai_ci","authentication_secret"
"b_imconnectors_status",3,8,true,0,2,0,0,"InnoDB","utf8mb4_0900_ai_ci",""
"b_imopenlines_chat_index",189,2,true,0,1,0,0,"InnoDB","utf8mb4_0900_ai_ci",""
"b_imopenlines_config",1,90,true,0,0,0,0,"InnoDB","utf8mb4_0900_ai_ci","authentication_secret|message_content|person_name"
"b_imopenlines_config_automatic_messages",0,14,true,0,0,0,0,"InnoDB","utf8mb4_0900_ai_ci","message_content"
"b_imopenlines_config_category",0,5,true,0,2,0,0,"InnoDB","utf8mb4_0900_ai_ci",""
"b_imopenlines_config_queue",1,5,true,0,2,0,0,"InnoDB","utf8mb4_0900_ai_ci",""
"b_imopenlines_config_statistic",1,6,true,0,0,0,0,"InnoDB","utf8mb4_0900_ai_ci","authentication_secret|message_content"
"b_imopenlines_dialog_stat",304,14,true,1,0,0,0,"InnoDB","utf8mb4_0900_ai_ci",""
"b_imopenlines_event_log",0,9,true,0,0,0,0,"InnoDB","utf8mb4_0900_ai_ci","authentication_secret|message_content"
"b_imopenlines_exec_log",5,4,true,0,0,0,0,"InnoDB","utf8mb4_0900_ai_ci",""
"b_imopenlines_livechat",1,16,true,0,0,0,0,"InnoDB","utf8mb4_0900_ai_ci","authentication_secret|message_content|phone"
"b_imopenlines_lock",0,4,true,1,0,0,0,"InnoDB","utf8mb4_0900_ai_ci",""
"b_imopenlines_log",0,8,true,0,0,0,0,"InnoDB","utf8mb4_0900_ai_ci","authentication_secret"
"b_imopenlines_operator_transfer",22436,9,true,0,4,0,0,"InnoDB","utf8mb4_0900_ai_ci","authentication_secret"
"b_imopenlines_queue",1,11,true,0,2,0,0,"InnoDB","utf8mb4_0900_ai_ci","person_name"
"b_imopenlines_recent",0,5,true,0,0,0,0,"InnoDB","utf8mb4_0900_ai_ci","authentication_secret|message_content"
"b_imopenlines_rest_network_limit",1,4,true,0,1,0,0,"InnoDB","utf8mb4_0900_ai_ci",""
"b_imopenlines_role",3,3,true,0,1,0,0,"InnoDB","utf8mb4_0900_ai_ci","person_name"
"b_imopenlines_role_access",4,3,true,0,1,0,0,"InnoDB","utf8mb4_0900_ai_ci",""
"b_imopenlines_role_permission",27,5,true,0,1,0,0,"InnoDB","utf8mb4_0900_ai_ci",""
"b_imopenlines_session",278,64,true,0,15,0,0,"InnoDB","utf8mb4_0900_ai_ci","message_content"
"b_imopenlines_session_automatic_tasks",0,4,true,0,0,0,0,"InnoDB","utf8mb4_0900_ai_ci","authentication_secret|message_content"
"b_imopenlines_session_check",3,7,true,0,4,0,0,"InnoDB","utf8mb4_0900_ai_ci","authentication_secret"
"b_imopenlines_session_index",278,2,true,0,1,0,0,"InnoDB","utf8mb4_0900_ai_ci","authentication_secret|message_content"
"b_imopenlines_session_kpi_messages",334,10,true,0,2,0,0,"InnoDB","utf8mb4_0900_ai_ci","authentication_secret|message_content"
"b_imopenlines_statistic_queue",0,5,true,0,1,0,0,"InnoDB","utf8mb4_0900_ai_ci","authentication_secret"
"b_imopenlines_tracker",0,18,true,0,2,0,0,"InnoDB","utf8mb4_0900_ai_ci","authentication_secret|message_content"
"b_imopenlines_treatment_by_hour_stat",232,6,true,1,0,0,0,"InnoDB","utf8mb4_0900_ai_ci",""
"b_imopenlines_user_log",0,5,true,0,1,0,0,"InnoDB","utf8mb4_0900_ai_ci",""
"b_imopenlines_user_option",0,2,true,0,1,0,0,"InnoDB","utf8mb4_0900_ai_ci",""
"b_imopenlines_user_relation",189,4,true,0,0,0,0,"InnoDB","utf8mb4_0900_ai_ci",""
"b_intranet_custom_section",0,4,true,1,1,0,0,"InnoDB","utf8mb4_0900_ai_ci",""
"b_intranet_custom_section_page",0,7,true,0,1,0,0,"InnoDB","utf8mb4_0900_ai_ci",""
"b_intranet_dstat_day",3085,12,true,0,1,0,0,"InnoDB","utf8mb4_0900_ai_ci","phone"
"b_intranet_dstat_hour",14212,10,true,0,1,0,0,"InnoDB","utf8mb4_0900_ai_ci","phone"
"b_intranet_invitation",5,10,true,1,1,0,0,"InnoDB","utf8mb4_0900_ai_ci",""
"b_intranet_invitation_link",1,7,true,1,0,0,0,"InnoDB","utf8mb4_0900_ai_ci",""
"b_intranet_queue",0,3,true,0,0,0,0,"InnoDB","utf8mb4_0900_ai_ci",""
"b_intranet_sharepoint",0,13,true,0,0,0,0,"InnoDB","utf8mb4_0900_ai_ci","authentication_secret"
"b_intranet_sharepoint_field",0,5,true,0,0,0,0,"InnoDB","utf8mb4_0900_ai_ci",""
"b_intranet_sharepoint_log",0,4,true,1,0,0,0,"InnoDB","utf8mb4_0900_ai_ci",""
"b_intranet_sharepoint_queue",0,5,true,0,1,0,0,"InnoDB","utf8mb4_0900_ai_ci",""
"b_intranet_theme",10,6,true,1,0,0,0,"InnoDB","utf8mb4_0900_ai_ci",""
"b_intranet_ustat_day",6888,10,true,0,1,0,0,"InnoDB","utf8mb4_0900_ai_ci","phone"
"b_intranet_ustat_hour",12880,10,true,0,1,0,0,"InnoDB","utf8mb4_0900_ai_ci","phone"
"b_landing",31,26,true,0,10,0,0,"InnoDB","utf8mb4_0900_ai_ci","message_content"
"b_landing_binding",0,5,true,0,3,0,0,"InnoDB","utf8mb4_0900_ai_ci",""
"b_landing_block",103,24,true,0,7,0,0,"InnoDB","utf8mb4_0900_ai_ci","message_content"
"b_landing_block_favourite",0,4,true,0,1,0,0,"InnoDB","utf8mb4_0900_ai_ci",""
"b_landing_block_last_used",1,4,true,0,3,0,0,"InnoDB","utf8mb4_0900_ai_ci",""
"b_landing_chat",0,8,true,0,1,0,0,"InnoDB","utf8mb4_0900_ai_ci",""
"b_landing_chat_binding",0,4,true,0,2,0,0,"InnoDB","utf8mb4_0900_ai_ci",""
"b_landing_cookies_agreement",0,10,true,0,1,0,0,"InnoDB","utf8mb4_0900_ai_ci","message_content"
"b_landing_copilot_generations",0,10,true,0,1,0,0,"InnoDB","utf8mb4_0900_ai_ci",""
"b_landing_copilot_request_to_entities",0,7,true,0,1,0,0,"InnoDB","utf8mb4_0900_ai_ci",""
"b_landing_copilot_request_to_step",0,5,true,0,1,0,0,"InnoDB","utf8mb4_0900_ai_ci",""
"b_landing_copilot_requests",0,8,true,0,2,0,0,"InnoDB","utf8mb4_0900_ai_ci","authentication_secret"
"b_landing_copilot_site_to_chat",0,3,true,0,1,0,0,"InnoDB","utf8mb4_0900_ai_ci",""
"b_landing_copilot_steps",0,5,true,0,1,0,0,"InnoDB","utf8mb4_0900_ai_ci",""
"b_landing_demo",0,20,true,0,5,0,0,"InnoDB","utf8mb4_0900_ai_ci","message_content"
"b_landing_designer_repo",0,10,true,0,1,0,0,"InnoDB","utf8mb4_0900_ai_ci",""
"b_landing_domain",4,12,true,0,4,0,0,"InnoDB","utf8mb4_0900_ai_ci",""
"b_landing_entity_lock",5,4,true,0,2,0,0,"InnoDB","utf8mb4_0900_ai_ci",""
"b_landing_entity_rights",21,6,true,0,2,0,0,"InnoDB","utf8mb4_0900_ai_ci",""
"b_landing_file",34,5,true,0,3,0,0,"InnoDB","utf8mb4_0900_ai_ci",""
"b_landing_filter_block",0,3,true,1,0,0,0,"InnoDB","utf8mb4_0900_ai_ci",""
"b_landing_filter_entity",0,8,true,1,0,0,0,"InnoDB","utf8mb4_0900_ai_ci","authentication_secret"
"b_landing_folder",1,12,true,0,4,0,0,"InnoDB","utf8mb4_0900_ai_ci",""
"b_landing_history",14,8,true,0,1,0,0,"InnoDB","utf8mb4_0900_ai_ci",""
"b_landing_history_step",7,4,true,0,1,0,0,"InnoDB","utf8mb4_0900_ai_ci",""
"b_landing_hook_data",296,7,true,0,2,0,0,"InnoDB","utf8mb4_0900_ai_ci",""
"b_landing_placement",0,9,true,0,0,0,0,"InnoDB","utf8mb4_0900_ai_ci",""
"b_landing_repo",0,15,true,0,4,0,0,"InnoDB","utf8mb4_0900_ai_ci","message_content|person_name"
"b_landing_role",4,10,true,0,1,0,0,"InnoDB","utf8mb4_0900_ai_ci",""
"b_landing_site",5,22,true,0,5,0,0,"InnoDB","utf8mb4_0900_ai_ci","message_content"
"b_landing_syspage",3,4,true,0,2,0,0,"InnoDB","utf8mb4_0900_ai_ci",""
"b_landing_template",7,11,true,0,0,0,0,"InnoDB","utf8mb4_0900_ai_ci","message_content"
"b_landing_template_ref",10,5,true,0,2,0,0,"InnoDB","utf8mb4_0900_ai_ci",""
"b_landing_update_block",0,8,true,0,1,0,0,"InnoDB","utf8mb4_0900_ai_ci",""
"b_landing_urlchecker_host",0,4,true,0,1,0,0,"InnoDB","utf8mb4_0900_ai_ci",""
"b_landing_urlchecker_status",0,5,true,0,1,0,0,"InnoDB","utf8mb4_0900_ai_ci","authentication_secret"
"b_landing_urlchecker_whitelist",0,3,true,0,1,0,0,"InnoDB","utf8mb4_0900_ai_ci",""
"b_landing_urlrewrite",0,8,true,0,2,0,0,"InnoDB","utf8mb4_0900_ai_ci",""
"b_landing_view",1,6,true,0,1,0,0,"InnoDB","utf8mb4_0900_ai_ci",""
"b_lang",1,18,true,0,1,0,0,"InnoDB","utf8mb4_0900_ai_ci","email|person_name"
"b_lang_domain",0,2,true,0,0,0,0,"InnoDB","utf8mb4_0900_ai_ci",""
"b_language",2,13,true,0,0,0,0,"InnoDB","utf8mb4_0900_ai_ci","person_name"
"b_ldap_group",0,3,true,0,0,0,0,"InnoDB","utf8mb4_0900_ai_ci",""
"b_ldap_server",0,41,true,0,0,0,0,"InnoDB","utf8mb4_0900_ai_ci","authentication_secret|email|message_content|person_name"
"b_learn_answer",0,7,true,0,1,0,0,"InnoDB","utf8mb4_0900_ai_ci",""
"b_learn_attempt",0,10,true,0,1,0,0,"InnoDB","utf8mb4_0900_ai_ci",""
"b_learn_certification",0,11,true,0,1,0,0,"InnoDB","utf8mb4_0900_ai_ci",""
"b_learn_chapter",0,15,true,0,0,0,0,"InnoDB","utf8mb4_0900_ai_ci","message_content|person_name"
"b_learn_course",0,18,true,0,1,0,0,"InnoDB","utf8mb4_0900_ai_ci","message_content|person_name"
"b_learn_course_site",0,2,true,0,0,0,0,"InnoDB","utf8mb4_0900_ai_ci",""
"b_learn_exceptions_log",0,6,false,0,0,0,0,"InnoDB","utf8mb4_0900_ai_ci","message_content"
"b_learn_gradebook",0,8,true,1,0,0,0,"InnoDB","utf8mb4_0900_ai_ci",""
"b_learn_groups",0,8,true,0,0,0,0,"InnoDB","utf8mb4_0900_ai_ci",""
"b_learn_groups_lesson",0,3,true,0,1,0,0,"InnoDB","utf8mb4_0900_ai_ci",""
"b_learn_groups_member",0,2,true,0,1,0,0,"InnoDB","utf8mb4_0900_ai_ci",""
"b_learn_lesson",0,23,true,0,0,0,0,"InnoDB","utf8mb4_0900_ai_ci","message_content|person_name"
"b_learn_lesson_edges",0,3,true,0,1,0,0,"InnoDB","utf8mb4_0900_ai_ci",""
"b_learn_publish_prohibition",0,2,true,0,0,0,0,"InnoDB","utf8mb4_0900_ai_ci",""
"b_learn_question",0,17,true,0,1,0,0,"InnoDB","utf8mb4_0900_ai_ci","email|message_content|person_name"
"b_learn_rights",0,3,true,0,0,0,0,"InnoDB","utf8mb4_0900_ai_ci",""
"b_learn_rights_all",4,2,true,0,0,0,0,"InnoDB","utf8mb4_0900_ai_ci",""
"b_learn_site_path",4,4,true,1,0,0,0,"InnoDB","utf8mb4_0900_ai_ci",""
"b_learn_student",14,4,true,0,0,0,0,"InnoDB","utf8mb4_0900_ai_ci",""
"b_learn_test",0,27,true,0,2,0,0,"InnoDB","utf8mb4_0900_ai_ci","message_content|person_name"
"b_learn_test_mark",0,5,true,0,1,0,0,"InnoDB","utf8mb4_0900_ai_ci","message_content"
"b_learn_test_result",0,7,true,0,2,0,0,"InnoDB","utf8mb4_0900_ai_ci",""
"b_list_rubric",0,15,true,0,0,0,0,"InnoDB","utf8mb4_0900_ai_ci","message_content|person_name"
"b_lists_field",51,5,true,0,0,0,0,"InnoDB","utf8mb4_0900_ai_ci","person_name"
"b_lists_permission",4,2,true,0,0,0,0,"InnoDB","utf8mb4_0900_ai_ci",""
"b_lists_socnet_group",0,3,false,1,0,0,0,"InnoDB","utf8mb4_0900_ai_ci",""
"b_lists_url",8,3,true,0,0,0,0,"InnoDB","utf8mb4_0900_ai_ci",""
"b_location",0,8,true,2,3,0,0,"InnoDB","utf8mb4_0900_ai_ci","address_location"
"b_location_addr_fld",2245,4,true,0,0,0,0,"InnoDB","utf8mb4_0900_ai_ci","address_location"
"b_location_addr_link",442,3,true,0,1,0,0,"InnoDB","utf8mb4_0900_ai_ci","address_location"
"b_location_address",516,5,true,0,1,0,0,"InnoDB","utf8mb4_0900_ai_ci","address_location"
"b_location_area",6,5,true,1,0,0,0,"InnoDB","utf8mb4_0900_ai_ci",""
"b_location_field",0,3,true,0,1,0,0,"InnoDB","utf8mb4_0900_ai_ci","address_location"
"b_location_hierarchy",0,3,true,0,1,0,0,"InnoDB","utf8mb4_0900_ai_ci",""
"b_location_name",0,4,true,0,1,0,0,"InnoDB","utf8mb4_0900_ai_ci","address_location|person_name"
"b_location_recent_address",0,4,true,0,2,0,0,"InnoDB","utf8mb4_0900_ai_ci","address_location"
"b_location_source",2,3,true,0,0,0,0,"InnoDB","utf8mb4_0900_ai_ci","person_name"
"b_location_static_map_file",0,2,true,0,0,0,0,"InnoDB","utf8mb4_0900_ai_ci","authentication_secret"
"b_log_notification",0,12,true,0,0,0,0,"InnoDB","utf8mb4_0900_ai_ci","address_location|network_device|person_name"
"b_log_notification_action",0,5,true,0,1,0,0,"InnoDB","utf8mb4_0900_ai_ci","message_content"
"b_mail_blacklist",0,6,true,1,1,0,0,"InnoDB","utf8mb4_0900_ai_ci",""
"b_mail_contact",714,7,true,1,0,0,0,"InnoDB","utf8mb4_0900_ai_ci","email|person_name"
"b_mail_counter",0,4,true,0,1,0,0,"InnoDB","utf8mb4_0900_ai_ci",""
"b_mail_domain_email",0,2,true,0,1,0,0,"InnoDB","utf8mb4_0900_ai_ci",""
"b_mail_entity_options",0,6,true,0,1,0,0,"InnoDB","utf8mb4_0900_ai_ci","person_name"
"b_mail_filter",0,23,true,0,1,0,0,"InnoDB","utf8mb4_0900_ai_ci","message_content|person_name"
"b_mail_filter_cond",0,5,true,0,0,0,0,"InnoDB","utf8mb4_0900_ai_ci",""
"b_mail_log",0,8,true,0,2,0,0,"InnoDB","utf8mb4_0900_ai_ci","message_content"
"b_mail_mailbox",0,29,true,0,1,0,0,"InnoDB","utf8mb4_0900_ai_ci","authentication_secret|email|message_content|person_name"
"b_mail_mailbox_access",0,4,true,0,1,0,0,"InnoDB","utf8mb4_0900_ai_ci",""
"b_mail_mailbox_dir",0,22,true,0,2,0,0,"InnoDB","utf8mb4_0900_ai_ci","message_content|person_name"
"b_mail_mailservices",10,19,true,0,1,0,0,"InnoDB","utf8mb4_0900_ai_ci","authentication_secret|person_name"
"b_mail_message",0,32,true,0,9,0,0,"InnoDB","utf8mb4_0900_ai_ci","message_content"
"b_mail_message_access",0,8,true,0,2,0,0,"InnoDB","utf8mb4_0900_ai_ci","authentication_secret|message_content"
"b_mail_message_closure",0,3,true,1,1,0,0,"InnoDB","utf8mb4_0900_ai_ci","message_content"
"b_mail_message_delete_queue",0,4,true,1,1,0,0,"InnoDB","utf8mb4_0900_ai_ci","message_content"
"b_mail_message_uid",0,14,true,0,12,0,0,"InnoDB","utf8mb4_0900_ai_ci","authentication_secret|message_content"
"b_mail_message_upload_queue",0,5,true,0,0,0,0,"InnoDB","utf8mb4_0900_ai_ci",""
"b_mail_msg_attachment",0,9,true,0,2,0,0,"InnoDB","utf8mb4_0900_ai_ci","message_content|person_name"
"b_mail_oauth",0,6,true,0,1,0,0,"InnoDB","utf8mb4_0900_ai_ci","authentication_secret"
"b_mail_spam_weight",0,6,true,0,2,0,0,"InnoDB","utf8mb4_0900_ai_ci",""
"b_mail_user_message",0,10,true,0,0,0,0,"InnoDB","utf8mb4_0900_ai_ci","message_content"
"b_mail_user_relations",0,7,true,1,0,0,0,"InnoDB","utf8mb4_0900_ai_ci","authentication_secret"
"b_mail_user_signature",8,4,true,0,0,0,0,"InnoDB","utf8mb4_0900_ai_ci",""
"b_main_mail_blacklist",0,4,true,1,0,0,0,"InnoDB","utf8mb4_0900_ai_ci",""
"b_main_mail_sender",0,9,true,0,2,0,0,"InnoDB","utf8mb4_0900_ai_ci","email|person_name"
"b_main_mail_sender_send_counter",0,3,true,0,0,0,0,"InnoDB","utf8mb4_0900_ai_ci","email"
"b_main_messenger_message",0,10,true,0,2,0,0,"InnoDB","utf8mb4_0900_ai_ci",""
"b_market_app_favorites",7,3,true,0,1,0,0,"InnoDB","utf8mb4_0900_ai_ci",""
"b_market_tag",26,6,true,1,1,0,0,"InnoDB","utf8mb4_0900_ai_ci",""
"b_medialib_collection",3,11,true,0,0,0,0,"InnoDB","utf8mb4_0900_ai_ci","message_content|person_name"
"b_medialib_collection_item",14,2,true,0,0,0,0,"InnoDB","utf8mb4_0900_ai_ci",""
"b_medialib_item",10,9,true,0,0,0,0,"InnoDB","utf8mb4_0900_ai_ci","message_content|person_name"
"b_medialib_type",3,6,true,0,0,0,0,"InnoDB","utf8mb4_0900_ai_ci","message_content|person_name"
"b_meeting",1,13,true,0,1,0,0,"InnoDB","utf8mb4_0900_ai_ci","message_content"
"b_meeting_files",0,3,true,0,1,0,0,"InnoDB","utf8mb4_0900_ai_ci",""
"b_meeting_instance",3,10,true,0,2,0,0,"InnoDB","utf8mb4_0900_ai_ci",""
"b_meeting_instance_users",0,4,true,0,0,0,0,"InnoDB","utf8mb4_0900_ai_ci",""
"b_meeting_item",3,3,true,0,0,0,0,"InnoDB","utf8mb4_0900_ai_ci","message_content"
"b_meeting_item_files",0,3,true,0,1,0,0,"InnoDB","utf8mb4_0900_ai_ci",""
"b_meeting_item_tasks",0,3,true,0,1,0,0,"InnoDB","utf8mb4_0900_ai_ci",""
"b_meeting_reports",0,6,true,1,0,0,0,"InnoDB","utf8mb4_0900_ai_ci",""
"b_meeting_reports_files",0,6,true,0,1,0,0,"InnoDB","utf8mb4_0900_ai_ci",""
"b_meeting_users",1,3,true,0,0,0,0,"InnoDB","utf8mb4_0900_ai_ci",""
"b_messageservice_channel",0,7,true,1,0,0,0,"InnoDB","utf8mb4_0900_ai_ci","person_name"
"b_messageservice_incoming_message",0,5,true,1,0,0,0,"InnoDB","utf8mb4_0900_ai_ci","message_content"
"b_messageservice_message",0,17,true,0,5,0,0,"InnoDB","utf8mb4_0900_ai_ci","message_content"
"b_messageservice_rest_app",0,7,true,1,0,0,0,"InnoDB","utf8mb4_0900_ai_ci",""
"b_messageservice_rest_app_lang",0,6,true,0,0,0,0,"InnoDB","utf8mb4_0900_ai_ci","message_content|person_name"
"b_messageservice_restriction",0,5,true,1,0,0,0,"InnoDB","utf8mb4_0900_ai_ci",""
"b_messageservice_template",0,5,true,0,0,0,0,"InnoDB","utf8mb4_0900_ai_ci","person_name"
"b_mobileapp_app",0,9,true,0,0,0,0,"InnoDB","utf8mb4_0900_ai_ci","message_content|person_name"
"b_mobileapp_config",0,4,true,0,0,0,0,"InnoDB","utf8mb4_0900_ai_ci",""
"b_module",91,2,true,0,0,0,0,"InnoDB","utf8mb4_0900_ai_ci",""
"b_module_group",22,5,true,1,0,0,0,"InnoDB","utf8mb4_0900_ai_ci",""
"b_module_to_module",1724,12,true,1,1,0,0,"InnoDB","utf8mb4_0900_ai_ci","message_content"
"b_numerator",19,10,true,0,1,0,0,"InnoDB","utf8mb4_0900_ai_ci","person_name"
"b_numerator_sequence",3,5,true,0,0,0,0,"InnoDB","utf8mb4_0900_ai_ci","message_content"
"b_operation",222,5,true,0,0,0,0,"InnoDB","utf8mb4_0900_ai_ci","message_content|person_name"
"b_option",809,5,true,0,1,0,0,"InnoDB","utf8mb4_0900_ai_ci","message_content|person_name"
"b_option_site",90,4,true,0,1,0,0,"InnoDB","utf8mb4_0900_ai_ci","person_name"
"b_perf_cache",0,12,true,1,1,0,0,"InnoDB","utf8mb4_0900_ai_ci","person_name"
"b_perf_cache_hitrate",0,11,true,1,1,0,0,"InnoDB","utf8mb4_0900_ai_ci","authentication_secret|person_name"
"b_perf_cluster",0,8,true,0,0,0,0,"InnoDB","utf8mb4_0900_ai_ci",""
"b_perf_component",0,12,true,1,0,0,0,"InnoDB","utf8mb4_0900_ai_ci","person_name"
"b_perf_error",0,6,true,0,1,0,0,"InnoDB","utf8mb4_0900_ai_ci",""
"b_perf_history",0,4,true,0,0,0,0,"InnoDB","utf8mb4_0900_ai_ci",""
"b_perf_hit",0,31,true,0,1,0,0,"InnoDB","utf8mb4_0900_ai_ci","person_name"
"b_perf_index_ban",0,4,true,0,0,0,0,"InnoDB","utf8mb4_0900_ai_ci","person_name"
"b_perf_index_complete",0,5,true,0,1,0,0,"InnoDB","utf8mb4_0900_ai_ci","person_name"
"b_perf_index_suggest",0,9,true,0,1,0,0,"InnoDB","utf8mb4_0900_ai_ci","message_content|person_name"
"b_perf_index_suggest_sql",0,2,true,0,1,0,0,"InnoDB","utf8mb4_0900_ai_ci",""
"b_perf_sql",0,14,true,1,1,0,0,"InnoDB","utf8mb4_0900_ai_ci","message_content|person_name"
"b_perf_sql_backtrace",0,6,true,0,0,0,0,"InnoDB","utf8mb4_0900_ai_ci","person_name"
"b_perf_tab_column_stat",0,6,true,0,1,0,0,"InnoDB","utf8mb4_0900_ai_ci","person_name"
"b_perf_tab_stat",0,3,true,0,0,0,0,"InnoDB","utf8mb4_0900_ai_ci","person_name"
"b_perf_table",0,5,true,0,0,0,0,"InnoDB","utf8mb4_0900_ai_ci","person_name"
"b_perf_test",0,3,true,0,1,0,0,"InnoDB","utf8mb4_0900_ai_ci","person_name"
"b_posting",0,20,true,0,0,0,0,"InnoDB","utf8mb4_0900_ai_ci","email|message_content"
"b_posting_email",0,6,true,0,2,0,0,"InnoDB","utf8mb4_0900_ai_ci","email"
"b_posting_file",0,2,false,1,0,0,0,"InnoDB","utf8mb4_0900_ai_ci",""
"b_posting_group",0,2,false,1,0,0,0,"InnoDB","utf8mb4_0900_ai_ci",""
"b_posting_rubric",0,2,false,1,0,0,0,"InnoDB","utf8mb4_0900_ai_ci",""
"b_pull_channel",15,7,true,1,3,0,0,"InnoDB","utf8mb4_0900_ai_ci",""
"b_pull_push",6,12,true,0,4,0,0,"InnoDB","utf8mb4_0900_ai_ci","authentication_secret|network_device|person_name"
"b_pull_push_queue",0,10,true,0,4,0,0,"InnoDB","utf8mb4_0900_ai_ci","message_content"
"b_pull_stack",0,4,true,0,2,0,0,"InnoDB","utf8mb4_0900_ai_ci","message_content"
"b_pull_watch",107,5,true,0,3,0,0,"InnoDB","utf8mb4_0900_ai_ci",""
"b_rating",2,12,true,0,0,0,0,"InnoDB","utf8mb4_0900_ai_ci","person_name"
"b_rating_component",8,16,true,0,1,0,0,"InnoDB","utf8mb4_0900_ai_ci","person_name"
"b_rating_component_results",25,9,true,0,3,0,0,"InnoDB","utf8mb4_0900_ai_ci","person_name"
"b_rating_prepare",12,1,false,0,0,0,0,"InnoDB","utf8mb4_0900_ai_ci",""
"b_rating_results",40,8,true,0,2,0,0,"InnoDB","utf8mb4_0900_ai_ci",""
"b_rating_rule",6,20,true,0,0,0,0,"InnoDB","utf8mb4_0900_ai_ci","person_name"
"b_rating_rule_vetting",0,6,true,0,1,0,0,"InnoDB","utf8mb4_0900_ai_ci",""
"b_rating_subordinate",22,4,true,0,1,0,0,"InnoDB","utf8mb4_0900_ai_ci",""
"b_rating_user",40,6,true,0,2,0,0,"InnoDB","utf8mb4_0900_ai_ci",""
"b_rating_vote",0,11,true,0,9,0,0,"InnoDB","utf8mb4_0900_ai_ci","network_device"
"b_rating_vote_group",6,3,true,0,1,0,0,"InnoDB","utf8mb4_0900_ai_ci",""
"b_rating_voting",0,11,true,0,2,0,0,"InnoDB","utf8mb4_0900_ai_ci",""
"b_rating_voting_prepare",0,6,true,0,1,0,0,"InnoDB","utf8mb4_0900_ai_ci",""
"b_rating_voting_reaction",0,4,true,0,0,0,0,"InnoDB","utf8mb4_0900_ai_ci",""
"b_rating_weight",1,5,true,0,0,0,0,"InnoDB","utf8mb4_0900_ai_ci",""
"b_recyclebin",660,8,true,0,5,0,0,"InnoDB","utf8mb4_0900_ai_ci","person_name"
"b_recyclebin_data",1639,4,true,0,1,0,0,"InnoDB","utf8mb4_0900_ai_ci",""
"b_recyclebin_files",7,4,true,0,2,0,0,"InnoDB","utf8mb4_0900_ai_ci",""
"b_report",73,8,true,0,1,0,0,"InnoDB","utf8mb4_0900_ai_ci","message_content"
"b_report_sharing",0,4,true,0,2,0,0,"InnoDB","utf8mb4_0900_ai_ci",""
"b_report_visual_report_configuration",987,8,true,0,0,0,0,"InnoDB","utf8mb4_0900_ai_ci",""
"b_report_visual_report_dashboard",16,7,true,0,0,0,0,"InnoDB","utf8mb4_0900_ai_ci",""
"b_report_visual_report_dashboard_row",31,7,true,0,0,0,0,"InnoDB","utf8mb4_0900_ai_ci",""
"b_report_visual_report_entity",92,7,true,0,1,0,0,"InnoDB","utf8mb4_0900_ai_ci",""
"b_report_visual_report_entity_config",794,2,true,0,1,0,0,"InnoDB","utf8mb4_0900_ai_ci",""
"b_report_visual_report_widget",45,13,true,0,1,0,0,"InnoDB","utf8mb4_0900_ai_ci",""
"b_report_visual_report_widget_config",193,2,true,0,1,0,0,"InnoDB","utf8mb4_0900_ai_ci",""
"b_rest_ap",10,10,true,0,1,0,0,"InnoDB","utf8mb4_0900_ai_ci","authentication_secret|message_content|network_device"
"b_rest_ap_permission",15,3,true,1,0,0,0,"InnoDB","utf8mb4_0900_ai_ci","authentication_secret"
"b_rest_app",50,21,true,1,0,0,0,"InnoDB","utf8mb4_0900_ai_ci","authentication_secret|person_name|phone"
"b_rest_app_lang",15,4,true,1,0,0,0,"InnoDB","utf8mb4_0900_ai_ci","person_name"
"b_rest_app_log",254,6,true,0,1,0,0,"InnoDB","utf8mb4_0900_ai_ci",""
"b_rest_configuration_storage",0,5,true,0,0,0,0,"InnoDB","utf8mb4_0900_ai_ci",""
"b_rest_event",28,12,true,1,1,0,0,"InnoDB","utf8mb4_0900_ai_ci","authentication_secret|message_content|person_name"
"b_rest_event_offline",0,10,true,1,3,0,0,"InnoDB","utf8mb4_0900_ai_ci","message_content|person_name"
"b_rest_free_app",1421,1,true,1,0,0,0,"InnoDB","utf8mb4_0900_ai_ci",""
"b_rest_integration",10,19,true,0,0,0,0,"InnoDB","utf8mb4_0900_ai_ci","authentication_secret"
"b_rest_log",0,14,true,0,0,0,0,"InnoDB","utf8mb4_0900_ai_ci","authentication_secret|message_content"
"b_rest_owner_entity",0,5,true,1,0,0,0,"InnoDB","utf8mb4_0900_ai_ci",""
"b_rest_placement",13,12,true,1,2,0,0,"InnoDB","utf8mb4_0900_ai_ci","message_content|person_name"
"b_rest_placement_lang",11,6,true,1,0,0,0,"InnoDB","utf8mb4_0900_ai_ci","message_content|person_name"
"b_rest_stat",0,27,true,0,0,0,0,"InnoDB","utf8mb4_0900_ai_ci",""
"b_rest_stat_app",0,2,true,0,1,0,0,"InnoDB","utf8mb4_0900_ai_ci",""
"b_rest_stat_method",0,3,true,1,0,0,0,"InnoDB","utf8mb4_0900_ai_ci","person_name"
"b_rest_usage_entity",479,6,true,1,0,0,0,"InnoDB","utf8mb4_0900_ai_ci","person_name"
"b_rest_usage_stat",2656,27,true,0,1,0,0,"InnoDB","utf8mb4_0900_ai_ci",""
"b_rpa_field",0,5,true,0,1,0,0,"InnoDB","utf8mb4_0900_ai_ci",""
"b_rpa_item_history",0,10,true,0,1,0,0,"InnoDB","utf8mb4_0900_ai_ci",""
"b_rpa_item_history_fields",0,3,true,0,1,0,0,"InnoDB","utf8mb4_0900_ai_ci","person_name"
"b_rpa_item_sort",0,5,true,0,1,0,0,"InnoDB","utf8mb4_0900_ai_ci",""
"b_rpa_permission",0,6,true,0,1,0,0,"InnoDB","utf8mb4_0900_ai_ci",""
"b_rpa_stage",0,7,true,0,1,0,0,"InnoDB","utf8mb4_0900_ai_ci","person_name"
"b_rpa_stage_to_stage",0,3,true,0,1,0,0,"InnoDB","utf8mb4_0900_ai_ci",""
"b_rpa_timeline",0,10,true,0,1,0,0,"InnoDB","utf8mb4_0900_ai_ci","message_content"
"b_rpa_type",0,7,true,1,0,0,0,"InnoDB","utf8mb4_0900_ai_ci","person_name"
"b_sale_affiliate",0,17,true,1,1,0,0,"InnoDB","utf8mb4_0900_ai_ci","message_content"
"b_sale_affiliate_plan",0,12,true,0,0,0,0,"InnoDB","utf8mb4_0900_ai_ci","message_content|person_name"
"b_sale_affiliate_plan_section",0,7,true,1,0,0,0,"InnoDB","utf8mb4_0900_ai_ci",""
"b_sale_affiliate_tier",0,7,true,1,0,0,0,"InnoDB","utf8mb4_0900_ai_ci",""
"b_sale_affiliate_transact",0,9,true,0,1,0,0,"InnoDB","utf8mb4_0900_ai_ci","message_content"
"b_sale_analytics",0,4,true,0,2,0,0,"InnoDB","utf8mb4_0900_ai_ci",""
"b_sale_auxiliary",0,6,true,1,0,0,0,"InnoDB","utf8mb4_0900_ai_ci",""
"b_sale_b24integration_bind",0,7,true,0,1,0,0,"InnoDB","utf8mb4_0900_ai_ci",""
"b_sale_b24integration_relation",0,6,true,0,0,0,0,"InnoDB","utf8mb4_0900_ai_ci",""
"b_sale_b24integration_stat",0,10,true,1,0,0,0,"InnoDB","utf8mb4_0900_ai_ci",""
"b_sale_b24integration_stat_provider",0,6,true,1,0,0,0,"InnoDB","utf8mb4_0900_ai_ci","person_name"
"b_sale_b24integration_token",0,9,true,0,0,0,0,"InnoDB","utf8mb4_0900_ai_ci","authentication_secret"
"b_sale_basket",0,49,true,0,8,0,0,"InnoDB","utf8mb4_0900_ai_ci","person_name"
"b_sale_basket_archive",0,17,true,0,2,0,0,"InnoDB","utf8mb4_0900_ai_ci","person_name"
"b_sale_basket_archive_packed",0,2,true,0,0,0,0,"InnoDB","utf8mb4_0900_ai_ci",""
"b_sale_basket_props",0,7,true,0,2,0,0,"InnoDB","utf8mb4_0900_ai_ci","person_name"
"b_sale_basket_reservation",0,7,true,0,1,0,0,"InnoDB","utf8mb4_0900_ai_ci",""
"b_sale_basket_reservation_history",0,4,true,0,1,0,0,"InnoDB","utf8mb4_0900_ai_ci",""
"b_sale_bizval",122,5,true,0,0,0,0,"InnoDB","utf8mb4_0900_ai_ci",""
"b_sale_bizval_code_1c",0,3,true,0,0,0,0,"InnoDB","utf8mb4_0900_ai_ci","person_name"
"b_sale_bizval_persondomain",4,2,true,0,0,0,0,"InnoDB","utf8mb4_0900_ai_ci",""
"b_sale_buyer_stat",0,8,true,0,6,0,0,"InnoDB","utf8mb4_0900_ai_ci",""
"b_sale_cashbox",0,15,true,0,0,0,0,"InnoDB","utf8mb4_0900_ai_ci","email|person_name"
"b_sale_cashbox_check",0,17,true,0,5,0,0,"InnoDB","utf8mb4_0900_ai_ci","message_content"
"b_sale_cashbox_check_correction",0,8,true,0,0,0,0,"InnoDB","utf8mb4_0900_ai_ci","message_content"
"b_sale_cashbox_connect",0,3,true,0,0,0,0,"InnoDB","utf8mb4_0900_ai_ci","authentication_secret"
"b_sale_cashbox_err_log",0,4,true,0,0,0,0,"InnoDB","utf8mb4_0900_ai_ci","message_content"
"b_sale_cashbox_rest_handler",0,6,true,1,0,0,0,"InnoDB","utf8mb4_0900_ai_ci","person_name"
"b_sale_cashbox_z_report",0,13,true,0,1,0,0,"InnoDB","utf8mb4_0900_ai_ci",""
"b_sale_check2cashbox",0,3,true,1,0,0,0,"InnoDB","utf8mb4_0900_ai_ci",""
"b_sale_check_related_entities",0,5,true,0,0,0,0,"InnoDB","utf8mb4_0900_ai_ci",""
"b_sale_company",0,12,true,0,0,0,0,"InnoDB","utf8mb4_0900_ai_ci","address_location|person_name"
"b_sale_company2location",0,3,true,0,0,0,0,"InnoDB","utf8mb4_0900_ai_ci","address_location"
"b_sale_company2service",0,3,true,0,0,0,0,"InnoDB","utf8mb4_0900_ai_ci",""
"b_sale_company_group",0,3,true,0,1,0,0,"InnoDB","utf8mb4_0900_ai_ci",""
"b_sale_company_resp_grp",0,3,true,0,1,0,0,"InnoDB","utf8mb4_0900_ai_ci",""
"b_sale_d_ix_element",0,3,true,0,1,0,0,"InnoDB","utf8mb4_0900_ai_ci",""
"b_sale_d_ix_section",0,3,true,0,1,0,0,"InnoDB","utf8mb4_0900_ai_ci",""
"b_sale_delivery2location",0,3,true,0,0,0,0,"InnoDB","utf8mb4_0900_ai_ci","address_location"
"b_sale_delivery2paysystem",0,3,false,0,3,0,0,"InnoDB","utf8mb4_0900_ai_ci",""
"b_sale_delivery_es",1,11,true,0,1,0,0,"InnoDB","utf8mb4_0900_ai_ci","message_content|person_name"
"b_sale_delivery_req",0,9,true,0,1,0,0,"InnoDB","utf8mb4_0900_ai_ci",""
"b_sale_delivery_req_shp",0,5,true,0,1,0,0,"InnoDB","utf8mb4_0900_ai_ci","message_content"
"b_sale_delivery_rest_handler",0,8,true,1,0,0,0,"InnoDB","utf8mb4_0900_ai_ci","message_content|person_name"
"b_sale_delivery_srv",3,15,true,0,2,0,0,"InnoDB","utf8mb4_0900_ai_ci","message_content|person_name"
"b_sale_delivery_yandex_taxi_claims",0,14,true,1,2,0,0,"InnoDB","utf8mb4_0900_ai_ci",""
"b_sale_discount",0,34,true,0,3,0,0,"InnoDB","utf8mb4_0900_ai_ci","message_content|person_name"
"b_sale_discount_coupon",0,16,true,0,1,0,0,"InnoDB","utf8mb4_0900_ai_ci","message_content"
"b_sale_discount_entities",0,6,true,0,1,0,0,"InnoDB","utf8mb4_0900_ai_ci",""
"b_sale_discount_group",0,4,true,2,0,0,0,"InnoDB","utf8mb4_0900_ai_ci",""
"b_sale_discount_module",0,3,true,0,1,0,0,"InnoDB","utf8mb4_0900_ai_ci",""
"b_sale_documentgenerator_callback_registry",0,6,true,0,0,0,0,"InnoDB","utf8mb4_0900_ai_ci",""
"b_sale_domain_verification",0,5,true,0,0,0,0,"InnoDB","utf8mb4_0900_ai_ci","message_content"
"b_sale_entity_label",0,5,true,1,1,0,0,"InnoDB","utf8mb4_0900_ai_ci","person_name"
"b_sale_entity_marker",0,12,true,0,2,0,0,"InnoDB","utf8mb4_0900_ai_ci","message_content"
"b_sale_exchange_log",0,13,true,0,3,0,0,"InnoDB","utf8mb4_0900_ai_ci","message_content"
"b_sale_export",0,3,true,0,0,0,0,"InnoDB","utf8mb4_0900_ai_ci",""
"b_sale_facebook_conversion_params",0,5,true,0,1,0,0,"InnoDB","utf8mb4_0900_ai_ci","person_name"
"b_sale_fuser",22,5,true,0,2,0,0,"InnoDB","utf8mb4_0900_ai_ci",""
"b_sale_gift_related_data",0,5,true,0,2,0,0,"InnoDB","utf8mb4_0900_ai_ci",""
"b_sale_hdaln",0,4,true,0,1,0,0,"InnoDB","utf8mb4_0900_ai_ci","address_location|person_name"
"b_sale_lang",0,2,true,0,0,0,0,"InnoDB","utf8mb4_0900_ai_ci",""
"b_sale_loc_2site",0,3,true,0,0,0,0,"InnoDB","utf8mb4_0900_ai_ci","address_location"
"b_sale_loc_def2site",0,3,true,0,0,0,0,"InnoDB","utf8mb4_0900_ai_ci","address_location"
"b_sale_loc_ext",0,4,true,0,2,0,0,"InnoDB","utf8mb4_0900_ai_ci","address_location"
"b_sale_loc_ext_srv",0,2,true,0,0,0,0,"InnoDB","utf8mb4_0900_ai_ci",""
"b_sale_loc_name",0,7,true,0,3,0,0,"InnoDB","utf8mb4_0900_ai_ci","address_location|person_name"
"b_sale_loc_type",0,4,true,0,0,0,0,"InnoDB","utf8mb4_0900_ai_ci",""
"b_sale_loc_type_name",0,4,true,0,1,0,0,"InnoDB","utf8mb4_0900_ai_ci","person_name"
"b_sale_location",0,14,true,1,10,0,0,"InnoDB","utf8mb4_0900_ai_ci","address_location"
"b_sale_location2location_group",0,2,true,0,0,0,0,"InnoDB","utf8mb4_0900_ai_ci","address_location"
"b_sale_location_city",0,4,true,0,1,0,0,"InnoDB","utf8mb4_0900_ai_ci","person_name"
"b_sale_location_city_lang",0,5,true,1,1,0,0,"InnoDB","utf8mb4_0900_ai_ci","address_location|person_name"
"b_sale_location_country",0,3,true,0,1,0,0,"InnoDB","utf8mb4_0900_ai_ci","person_name"
"b_sale_location_country_lang",0,5,true,1,0,0,0,"InnoDB","utf8mb4_0900_ai_ci","person_name"
"b_sale_location_group",0,3,true,1,0,0,0,"InnoDB","utf8mb4_0900_ai_ci",""
"b_sale_location_group_lang",0,4,true,1,0,0,0,"InnoDB","utf8mb4_0900_ai_ci","address_location|person_name"
"b_sale_location_region",0,3,true,0,0,0,0,"InnoDB","utf8mb4_0900_ai_ci","person_name"
"b_sale_location_region_lang",0,5,true,1,1,0,0,"InnoDB","utf8mb4_0900_ai_ci","person_name"
"b_sale_location_zip",0,3,true,0,2,0,0,"InnoDB","utf8mb4_0900_ai_ci","address_location"
"b_sale_order",0,77,true,1,17,0,0,"InnoDB","utf8mb4_0900_ai_ci","government_financial_id|message_content"
"b_sale_order_archive",0,21,true,0,10,0,0,"InnoDB","utf8mb4_0900_ai_ci","government_financial_id"
"b_sale_order_archive_packed",0,2,true,0,0,0,0,"InnoDB","utf8mb4_0900_ai_ci",""
"b_sale_order_change",0,9,true,0,2,0,0,"InnoDB","utf8mb4_0900_ai_ci",""
"b_sale_order_converter_crm_error",0,3,true,0,0,0,0,"InnoDB","utf8mb4_0900_ai_ci",""
"b_sale_order_coupons",0,7,true,0,1,0,0,"InnoDB","utf8mb4_0900_ai_ci",""
"b_sale_order_delivery",0,51,true,1,5,0,0,"InnoDB","utf8mb4_0900_ai_ci","address_location|government_financial_id|message_content|person_name"
"b_sale_order_delivery_es",0,4,true,0,2,0,0,"InnoDB","utf8mb4_0900_ai_ci",""
"b_sale_order_delivery_req",0,6,true,0,2,0,0,"InnoDB","utf8mb4_0900_ai_ci","address_location"
"b_sale_order_discount",0,14,true,0,1,0,0,"InnoDB","utf8mb4_0900_ai_ci","authentication_secret|person_name"
"b_sale_order_discount_data",0,6,true,0,1,0,0,"InnoDB","utf8mb4_0900_ai_ci",""
"b_sale_order_dlv_basket",0,7,true,0,2,0,0,"InnoDB","utf8mb4_0900_ai_ci",""
"b_sale_order_entities_custom_fields",2,5,true,0,1,0,0,"InnoDB","utf8mb4_0900_ai_ci",""
"b_sale_order_flags2group",0,3,true,1,0,0,0,"InnoDB","utf8mb4_0900_ai_ci",""
"b_sale_order_history",0,45,true,0,1,0,0,"InnoDB","utf8mb4_0900_ai_ci","message_content"
"b_sale_order_modules",0,3,true,0,1,0,0,"InnoDB","utf8mb4_0900_ai_ci",""
"b_sale_order_payment",0,44,true,1,3,0,0,"InnoDB","utf8mb4_0900_ai_ci","authentication_secret|government_financial_id|message_content|person_name"
"b_sale_order_payment_item",0,7,true,0,2,0,0,"InnoDB","utf8mb4_0900_ai_ci",""
"b_sale_order_payment_ps_available",0,3,true,0,1,0,0,"InnoDB","utf8mb4_0900_ai_ci",""
"b_sale_order_processing",0,3,false,0,1,0,0,"InnoDB","utf8mb4_0900_ai_ci",""
"b_sale_order_product_stat",0,5,true,1,1,0,0,"InnoDB","utf8mb4_0900_ai_ci",""
"b_sale_order_props",38,30,true,0,3,0,0,"InnoDB","utf8mb4_0900_ai_ci","address_location|email|message_content|person_name|phone"
"b_sale_order_props_group",8,5,true,0,1,0,0,"InnoDB","utf8mb4_0900_ai_ci","person_name"
"b_sale_order_props_relation",0,3,true,0,0,0,0,"InnoDB","utf8mb4_0900_ai_ci",""
"b_sale_order_props_value",0,9,true,1,1,0,0,"InnoDB","utf8mb4_0900_ai_ci","person_name"
"b_sale_order_props_variant",0,7,true,0,1,0,0,"InnoDB","utf8mb4_0900_ai_ci","message_content|person_name"
"b_sale_order_round",0,9,true,0,1,0,0,"InnoDB","utf8mb4_0900_ai_ci",""
"b_sale_order_rules",0,11,true,0,1,0,0,"InnoDB","utf8mb4_0900_ai_ci",""
"b_sale_order_rules_descr",0,6,true,0,2,0,0,"InnoDB","utf8mb4_0900_ai_ci",""
"b_sale_order_tax",0,9,true,0,1,0,0,"InnoDB","utf8mb4_0900_ai_ci","person_name"
"b_sale_pay_system_action",7,30,true,0,1,0,0,"InnoDB","utf8mb4_0900_ai_ci","message_content|person_name"
"b_sale_pay_system_err_log",0,3,true,0,0,0,0,"InnoDB","utf8mb4_0900_ai_ci","message_content"
"b_sale_pay_system_rest_handlers",0,6,true,1,0,0,0,"InnoDB","utf8mb4_0900_ai_ci","person_name"
"b_sale_person_type",4,8,true,0,1,0,0,"InnoDB","utf8mb4_0900_ai_ci","person_name"
"b_sale_person_type_site",4,2,true,0,0,0,0,"InnoDB","utf8mb4_0900_ai_ci",""
"b_sale_product2product",0,4,true,0,1,0,0,"InnoDB","utf8mb4_0900_ai_ci",""
"b_sale_recurring",0,25,true,0,3,0,0,"InnoDB","utf8mb4_0900_ai_ci","message_content|person_name"
"b_sale_service_rstr",5,6,true,0,1,0,0,"InnoDB","utf8mb4_0900_ai_ci","person_name"
"b_sale_site2group",0,3,true,1,0,0,0,"InnoDB","utf8mb4_0900_ai_ci",""
"b_sale_status",8,6,true,0,0,0,0,"InnoDB","utf8mb4_0900_ai_ci",""
"b_sale_status_group_task",0,3,true,0,0,0,0,"InnoDB","utf8mb4_0900_ai_ci",""
"b_sale_status_lang",8,4,true,0,0,0,0,"InnoDB","utf8mb4_0900_ai_ci","message_content|person_name"
"b_sale_store_barcode",0,11,true,0,1,0,0,"InnoDB","utf8mb4_0900_ai_ci",""
"b_sale_synchronizer_log",0,4,true,0,1,0,0,"InnoDB","utf8mb4_0900_ai_ci","message_content"
"b_sale_tax",0,6,true,0,1,0,0,"InnoDB","utf8mb4_0900_ai_ci","message_content|person_name"
"b_sale_tax2location",0,3,true,0,0,0,0,"InnoDB","utf8mb4_0900_ai_ci","address_location"
"b_sale_tax_exempt2group",0,2,true,0,0,0,0,"InnoDB","utf8mb4_0900_ai_ci","government_financial_id"
"b_sale_tax_rate",0,10,true,0,3,0,0,"InnoDB","utf8mb4_0900_ai_ci","government_financial_id"
"b_sale_tp",6,9,true,1,0,0,0,"InnoDB","utf8mb4_0900_ai_ci","message_content|person_name"
"b_sale_tp_ebay_cat",0,6,true,0,0,0,0,"InnoDB","utf8mb4_0900_ai_ci","person_name"
"b_sale_tp_ebay_cat_var",0,10,true,0,0,0,0,"InnoDB","utf8mb4_0900_ai_ci","person_name"
"b_sale_tp_ebay_fq",0,3,true,0,0,0,0,"InnoDB","utf8mb4_0900_ai_ci",""
"b_sale_tp_ebay_fr",0,8,true,0,0,0,0,"InnoDB","utf8mb4_0900_ai_ci",""
"b_sale_tp_map",0,5,true,1,0,0,0,"InnoDB","utf8mb4_0900_ai_ci",""
"b_sale_tp_map_entity",0,3,true,1,0,0,0,"InnoDB","utf8mb4_0900_ai_ci",""
"b_sale_tp_order",0,6,true,1,0,0,0,"InnoDB","utf8mb4_0900_ai_ci",""
"b_sale_tp_vk_log",0,6,true,1,0,0,0,"InnoDB","utf8mb4_0900_ai_ci",""
"b_sale_tp_vk_profile",0,8,true,0,0,0,0,"InnoDB","utf8mb4_0900_ai_ci","message_content"
"b_sale_user_account",0,8,true,1,0,0,0,"InnoDB","utf8mb4_0900_ai_ci",""
"b_sale_user_cards",0,23,true,0,1,0,0,"InnoDB","utf8mb4_0900_ai_ci","government_financial_id|message_content"
"b_sale_user_props",0,7,true,0,3,0,0,"InnoDB","utf8mb4_0900_ai_ci","person_name"
"b_sale_user_props_value",0,5,true,0,2,0,0,"InnoDB","utf8mb4_0900_ai_ci","person_name"
"b_sale_user_transact",0,12,true,0,3,0,0,"InnoDB","utf8mb4_0900_ai_ci","message_content"
"b_sale_usergroup_restr",0,4,true,0,1,0,0,"InnoDB","utf8mb4_0900_ai_ci",""
"b_sale_viewed_product",0,15,true,0,3,0,0,"InnoDB","utf8mb4_0900_ai_ci","person_name"
"b_sale_yandex_settings",0,6,true,0,0,0,0,"InnoDB","utf8mb4_0900_ai_ci",""
"b_salescenter_meta",0,6,true,1,1,0,0,"InnoDB","utf8mb4_0900_ai_ci","authentication_secret"
"b_salescenter_page",14,8,true,0,0,0,0,"InnoDB","utf8mb4_0900_ai_ci","person_name"
"b_salescenter_page_param",0,3,true,0,1,0,0,"InnoDB","utf8mb4_0900_ai_ci",""
"b_search_content",10234,17,true,1,2,0,0,"InnoDB","utf8mb4_0900_ai_ci","message_content"
"b_search_content_freq",0,5,false,1,0,0,0,"InnoDB","utf8mb4_0900_ai_ci",""
"b_search_content_param",196,3,false,0,2,0,0,"InnoDB","utf8mb4_0900_ai_ci","message_content|person_name"
"b_search_content_right",17820,2,false,1,0,0,0,"InnoDB","utf8mb4_0900_ai_ci","message_content"
"b_search_content_site",10234,3,true,0,0,0,0,"InnoDB","utf8mb4_0900_ai_ci","message_content"
"b_search_content_stem",290554,5,false,1,1,0,0,"InnoDB","utf8mb4_0900_ai_ci","message_content"
"b_search_content_text",10234,3,true,0,0,0,0,"InnoDB","utf8mb4_0900_ai_ci","message_content"
"b_search_content_title",34598,4,false,1,1,0,0,"InnoDB","utf8mb4_0900_ai_ci","message_content"
"b_search_custom_rank",1,8,true,0,1,0,0,"InnoDB","utf8mb4_0900_ai_ci",""
"b_search_phrase",0,13,true,0,3,0,0,"InnoDB","utf8mb4_0900_ai_ci","authentication_secret"
"b_search_stem",37470,2,true,1,0,0,0,"InnoDB","utf8mb4_0900_ai_ci",""
"b_search_suggest",0,7,true,0,3,0,0,"InnoDB","utf8mb4_0900_ai_ci",""
"b_search_tags",17739,3,true,0,1,0,0,"InnoDB","utf8mb4_0900_ai_ci","message_content|person_name"
"b_search_user_right",117,2,false,1,0,0,0,"InnoDB","utf8mb4_0900_ai_ci",""
"b_sec_filter_mask",0,6,true,0,0,0,0,"InnoDB","utf8mb4_0900_ai_ci",""
"b_sec_frame_mask",0,6,true,0,0,0,0,"InnoDB","utf8mb4_0900_ai_ci",""
"b_sec_iprule",0,11,true,0,1,0,0,"InnoDB","utf8mb4_0900_ai_ci","person_name"
"b_sec_iprule_excl_ip",0,5,true,0,0,0,0,"InnoDB","utf8mb4_0900_ai_ci","network_device"
"b_sec_iprule_excl_mask",0,5,true,0,0,0,0,"InnoDB","utf8mb4_0900_ai_ci",""
"b_sec_iprule_incl_ip",0,5,true,0,0,0,0,"InnoDB","utf8mb4_0900_ai_ci","network_device"
"b_sec_iprule_incl_mask",0,5,true,0,0,0,0,"InnoDB","utf8mb4_0900_ai_ci",""
"b_sec_recovery_codes",0,6,true,0,1,0,0,"InnoDB","utf8mb4_0900_ai_ci","network_device"
"b_sec_redirect_url",0,4,false,0,0,0,0,"InnoDB","utf8mb4_0900_ai_ci","person_name"
"b_sec_session",0,3,true,0,1,0,0,"InnoDB","utf8mb4_0900_ai_ci","authentication_secret"
"b_sec_user",0,10,true,0,0,0,0,"InnoDB","utf8mb4_0900_ai_ci","authentication_secret"
"b_sec_vendor_notification",0,2,true,0,0,0,0,"InnoDB","utf8mb4_0900_ai_ci",""
"b_sec_vendor_notification_sign",0,4,true,1,0,0,0,"InnoDB","utf8mb4_0900_ai_ci",""
"b_sec_virus",0,5,true,0,0,0,0,"InnoDB","utf8mb4_0900_ai_ci",""
"b_sec_white_list",0,2,true,0,0,0,0,"InnoDB","utf8mb4_0900_ai_ci",""
"b_sec_wwall_rules",0,4,true,0,0,0,0,"InnoDB","utf8mb4_0900_ai_ci",""
"b_sec_xscan_results",0,8,true,0,0,0,0,"InnoDB","utf8mb4_0900_ai_ci","message_content"
"b_security_sitecheck",0,3,true,0,0,0,0,"InnoDB","utf8mb4_0900_ai_ci",""
"b_sender_abuse",0,6,true,0,1,0,0,"InnoDB","utf8mb4_0900_ai_ci","message_content"
"b_sender_agreement",0,6,true,0,0,0,0,"InnoDB","utf8mb4_0900_ai_ci","address_location|email|network_device|person_name"
"b_sender_call_log",0,3,true,0,0,0,0,"InnoDB","utf8mb4_0900_ai_ci",""
"b_sender_contact",1813,16,true,1,1,0,0,"InnoDB","utf8mb4_0900_ai_ci","network_device|person_name"
"b_sender_contact_list",40,2,false,1,1,0,0,"InnoDB","utf8mb4_0900_ai_ci",""
"b_sender_counter",0,3,true,0,0,0,0,"InnoDB","utf8mb4_0900_ai_ci",""
"b_sender_counter_daily",0,5,true,0,0,0,0,"InnoDB","utf8mb4_0900_ai_ci",""
"b_sender_file",0,5,true,0,2,0,0,"InnoDB","utf8mb4_0900_ai_ci",""
"b_sender_file_info",0,2,true,0,1,0,0,"InnoDB","utf8mb4_0900_ai_ci","person_name"
"b_sender_group",29,16,true,1,1,0,0,"InnoDB","utf8mb4_0900_ai_ci","address_location|message_content|person_name"
"b_sender_group_connector",44,5,false,0,1,0,0,"InnoDB","utf8mb4_0900_ai_ci","address_location|person_name"
"b_sender_group_counter",14,3,false,1,0,0,0,"InnoDB","utf8mb4_0900_ai_ci",""
"b_sender_group_data",544,17,true,0,1,0,0,"InnoDB","utf8mb4_0900_ai_ci","email|person_name|phone"
"b_sender_group_deal_category",23,2,false,0,2,0,0,"InnoDB","utf8mb4_0900_ai_ci",""
"b_sender_group_queue",1,5,true,0,1,0,0,"InnoDB","utf8mb4_0900_ai_ci",""
"b_sender_group_state",5,7,true,0,2,0,0,"InnoDB","utf8mb4_0900_ai_ci",""
"b_sender_group_thread",0,6,false,1,0,0,0,"InnoDB","utf8mb4_0900_ai_ci",""
"b_sender_list",4,4,true,0,0,0,0,"InnoDB","utf8mb4_0900_ai_ci","person_name"
"b_sender_mailing",1,12,true,0,0,0,0,"InnoDB","utf8mb4_0900_ai_ci","email|message_content|person_name"
"b_sender_mailing_attachment",0,2,true,0,0,0,0,"InnoDB","utf8mb4_0900_ai_ci",""
"b_sender_mailing_chain",14,32,true,0,4,0,0,"InnoDB","utf8mb4_0900_ai_ci","email|message_content"
"b_sender_mailing_chain_group",16,3,false,1,0,0,0,"InnoDB","utf8mb4_0900_ai_ci",""
"b_sender_mailing_group",0,3,false,1,0,0,0,"InnoDB","utf8mb4_0900_ai_ci",""
"b_sender_mailing_subscription",0,4,true,0,0,0,0,"InnoDB","utf8mb4_0900_ai_ci",""
"b_sender_mailing_trigger",0,5,false,0,0,0,0,"InnoDB","utf8mb4_0900_ai_ci","person_name"
"b_sender_message",14,2,true,0,0,0,0,"InnoDB","utf8mb4_0900_ai_ci",""
"b_sender_message_field",204,4,true,0,0,0,0,"InnoDB","utf8mb4_0900_ai_ci","message_content"
"b_sender_message_utm",45,3,false,1,1,0,0,"InnoDB","utf8mb4_0900_ai_ci","message_content"
"b_sender_permission",95,4,true,1,0,0,0,"InnoDB","utf8mb4_0900_ai_ci",""
"b_sender_posting",14,18,true,0,2,0,0,"InnoDB","utf8mb4_0900_ai_ci",""
"b_sender_posting_click",37,5,true,0,2,0,0,"InnoDB","utf8mb4_0900_ai_ci",""
"b_sender_posting_read",498,4,true,0,2,0,0,"InnoDB","utf8mb4_0900_ai_ci",""
"b_sender_posting_recipient",906,13,true,1,3,0,0,"InnoDB","utf8mb4_0900_ai_ci",""
"b_sender_posting_thread",0,5,false,1,0,0,0,"InnoDB","utf8mb4_0900_ai_ci",""
"b_sender_posting_unsub",0,4,true,0,1,0,0,"InnoDB","utf8mb4_0900_ai_ci",""
"b_sender_preset_template",0,7,true,0,0,0,0,"InnoDB","utf8mb4_0900_ai_ci","message_content|person_name"
"b_sender_queue",0,3,true,0,0,0,0,"InnoDB","utf8mb4_0900_ai_ci",""
"b_sender_role",3,4,true,0,1,0,0,"InnoDB","utf8mb4_0900_ai_ci","person_name"
"b_sender_role_access",0,3,true,0,1,0,0,"InnoDB","utf8mb4_0900_ai_ci",""
"b_sender_role_permission",0,5,true,0,0,0,0,"InnoDB","utf8mb4_0900_ai_ci",""
"b_sender_role_relation",0,3,true,0,2,0,0,"InnoDB","utf8mb4_0900_ai_ci",""
"b_sender_timeline_queue",0,9,true,0,0,0,0,"InnoDB","utf8mb4_0900_ai_ci",""
"b_seo_adv_autolog",0,9,true,0,2,0,0,"InnoDB","utf8mb4_0900_ai_ci",""
"b_seo_adv_banner",0,13,true,1,2,0,0,"InnoDB","utf8mb4_0900_ai_ci","person_name"
"b_seo_adv_campaign",0,9,true,1,0,0,0,"InnoDB","utf8mb4_0900_ai_ci","person_name"
"b_seo_adv_group",0,10,true,1,1,0,0,"InnoDB","utf8mb4_0900_ai_ci","person_name"
"b_seo_adv_link",0,3,true,0,0,0,0,"InnoDB","utf8mb4_0900_ai_ci",""
"b_seo_adv_log",0,8,true,0,2,0,0,"InnoDB","utf8mb4_0900_ai_ci",""
"b_seo_adv_order",0,8,true,1,1,0,0,"InnoDB","utf8mb4_0900_ai_ci",""
"b_seo_adv_region",0,10,true,1,1,0,0,"InnoDB","utf8mb4_0900_ai_ci","person_name"
"b_seo_keywords",0,4,true,0,1,0,0,"InnoDB","utf8mb4_0900_ai_ci",""
"b_seo_search_engine",4,9,true,1,0,0,0,"InnoDB","utf8mb4_0900_ai_ci","authentication_secret|person_name"
"b_seo_service_log",2,6,true,0,0,0,0,"InnoDB","utf8mb4_0900_ai_ci","message_content"
"b_seo_service_queue",0,5,true,0,2,0,0,"InnoDB","utf8mb4_0900_ai_ci",""
"b_seo_service_rtg_queue",0,11,true,0,2,0,0,"InnoDB","utf8mb4_0900_ai_ci","government_financial_id"
"b_seo_service_subscription",0,6,true,0,1,0,0,"InnoDB","utf8mb4_0900_ai_ci","authentication_secret"
"b_seo_service_webhook",0,5,true,0,1,0,0,"InnoDB","utf8mb4_0900_ai_ci",""
"b_seo_sitemap",0,7,true,0,0,0,0,"InnoDB","utf8mb4_0900_ai_ci","person_name"
"b_seo_sitemap_entity",0,4,true,0,2,0,0,"InnoDB","utf8mb4_0900_ai_ci",""
"b_seo_sitemap_iblock",0,3,true,0,2,0,0,"InnoDB","utf8mb4_0900_ai_ci",""
"b_seo_sitemap_job",0,8,true,0,2,0,0,"InnoDB","utf8mb4_0900_ai_ci","message_content"
"b_seo_sitemap_runtime",0,8,true,0,1,0,0,"InnoDB","utf8mb4_0900_ai_ci",""
"b_seo_yandex_direct_stat",0,14,true,1,1,0,0,"InnoDB","utf8mb4_0900_ai_ci",""
"b_short_uri",374,9,true,0,2,0,0,"InnoDB","utf8mb4_0900_ai_ci",""
"b_sidepanel_toolbar",10,5,true,1,0,0,0,"InnoDB","utf8mb4_0900_ai_ci",""
"b_sidepanel_toolbar_item",36,8,true,1,1,0,0,"InnoDB","utf8mb4_0900_ai_ci",""
"b_sign_blank",0,13,true,0,1,0,0,"InnoDB","utf8mb4_0900_ai_ci",""
"b_sign_blank_resource",0,3,true,0,0,0,0,"InnoDB","utf8mb4_0900_ai_ci",""
"b_sign_block",0,13,true,0,2,0,0,"InnoDB","utf8mb4_0900_ai_ci",""
"b_sign_document",0,46,true,1,8,0,0,"InnoDB","utf8mb4_0900_ai_ci","authentication_secret"
"b_sign_document_chat",0,4,true,0,1,0,0,"InnoDB","utf8mb4_0900_ai_ci",""
"b_sign_document_group",0,4,true,0,0,0,0,"InnoDB","utf8mb4_0900_ai_ci",""
"b_sign_document_required_field",0,4,true,0,1,0,0,"InnoDB","utf8mb4_0900_ai_ci",""
"b_sign_document_template",0,11,true,1,2,0,0,"InnoDB","utf8mb4_0900_ai_ci",""
"b_sign_document_template_folder",0,9,true,0,0,0,0,"InnoDB","utf8mb4_0900_ai_ci",""
"b_sign_document_template_folder_relation",0,6,true,1,1,0,0,"InnoDB","utf8mb4_0900_ai_ci",""
"b_sign_documentgenerator_blank",0,5,true,1,0,0,0,"InnoDB","utf8mb4_0900_ai_ci",""
"b_sign_field_value",0,6,true,1,0,0,0,"InnoDB","utf8mb4_0900_ai_ci","person_name"
"b_sign_file",0,5,true,1,0,0,0,"InnoDB","utf8mb4_0900_ai_ci",""
"b_sign_integration_form",0,8,true,0,1,0,0,"InnoDB","utf8mb4_0900_ai_ci",""
"b_sign_legal_log",0,9,true,0,1,0,0,"InnoDB","utf8mb4_0900_ai_ci","message_content"
"b_sign_member",0,38,true,0,2,0,0,"InnoDB","utf8mb4_0900_ai_ci","authentication_secret|network_device|person_name"
"b_sign_member_node",0,5,true,0,1,0,0,"InnoDB","utf8mb4_0900_ai_ci",""
"b_sign_node_sync",0,8,true,1,1,0,0,"InnoDB","utf8mb4_0900_ai_ci",""
"b_sign_permission",8,4,true,1,0,0,0,"InnoDB","utf8mb4_0900_ai_ci",""
"b_sign_service_user",0,3,true,1,0,0,0,"InnoDB","utf8mb4_0900_ai_ci",""
"b_sign_signers_list",1,6,true,0,0,0,0,"InnoDB","utf8mb4_0900_ai_ci",""
"b_sign_signers_list_user",0,4,true,0,0,0,0,"InnoDB","utf8mb4_0900_ai_ci",""
"b_signmobile_notification_queue",0,5,true,1,1,0,0,"InnoDB","utf8mb4_0900_ai_ci",""
"b_signmobile_notifications",0,5,true,1,0,0,0,"InnoDB","utf8mb4_0900_ai_ci",""
"b_site_template",19,5,true,0,1,0,0,"InnoDB","utf8mb4_0900_ai_ci",""
"b_sm_version_history",0,3,true,0,0,0,0,"InnoDB","utf8mb4_0900_ai_ci",""
"b_smile",24,11,true,0,0,0,0,"InnoDB","utf8mb4_0900_ai_ci",""
"b_smile_lang",38,5,true,1,0,0,0,"InnoDB","utf8mb4_0900_ai_ci","person_name"
"b_smile_set",2,5,true,0,0,0,0,"InnoDB","utf8mb4_0900_ai_ci",""
"b_sms_template",6,7,true,0,1,0,0,"InnoDB","utf8mb4_0900_ai_ci","message_content|person_name"
"b_sms_template_site",6,2,true,0,0,0,0,"InnoDB","utf8mb4_0900_ai_ci",""
"b_socialservices_ap",0,9,true,0,1,0,0,"InnoDB","utf8mb4_0900_ai_ci","authentication_secret"
"b_socialservices_contact",0,10,true,0,4,0,0,"InnoDB","utf8mb4_0900_ai_ci","person_name"
"b_socialservices_contact_connect",0,8,true,0,3,0,0,"InnoDB","utf8mb4_0900_ai_ci",""
"b_socialservices_message",0,7,true,0,0,0,0,"InnoDB","utf8mb4_0900_ai_ci","message_content"
"b_socialservices_user",0,19,true,1,2,0,0,"InnoDB","utf8mb4_0900_ai_ci","authentication_secret|email|person_name"
"b_socialservices_user_link",0,10,true,0,3,0,0,"InnoDB","utf8mb4_0900_ai_ci","email|person_name"
"b_socialservices_zoom_meeting",0,14,true,0,2,0,0,"InnoDB","utf8mb4_0900_ai_ci","authentication_secret"
"b_socialservices_zoom_meeting_recording",0,13,true,0,1,0,0,"InnoDB","utf8mb4_0900_ai_ci","authentication_secret"
"b_sonet_collab_last_activity",0,3,true,0,0,0,0,"InnoDB","utf8mb4_0900_ai_ci",""
"b_sonet_collab_log",0,8,true,0,3,0,0,"InnoDB","utf8mb4_0900_ai_ci",""
"b_sonet_collab_option",0,4,true,1,0,0,0,"InnoDB","utf8mb4_0900_ai_ci","person_name"
"b_sonet_event_queue",0,5,true,0,2,0,0,"InnoDB","utf8mb4_0900_ai_ci",""
"b_sonet_event_user_view",2,6,true,0,2,0,0,"InnoDB","utf8mb4_0900_ai_ci",""
"b_sonet_features",22,8,true,2,0,0,0,"InnoDB","utf8mb4_0900_ai_ci","person_name"
"b_sonet_features2perms",0,4,true,1,1,0,0,"InnoDB","utf8mb4_0900_ai_ci",""
"b_sonet_group",2,30,true,0,2,0,0,"InnoDB","utf8mb4_0900_ai_ci","message_content|person_name"
"b_sonet_group_favorites",0,3,true,0,0,0,0,"InnoDB","utf8mb4_0900_ai_ci",""
"b_sonet_group_pin",1,4,true,1,0,0,0,"InnoDB","utf8mb4_0900_ai_ci",""
"b_sonet_group_site",2,2,true,0,0,0,0,"InnoDB","utf8mb4_0900_ai_ci",""
"b_sonet_group_subject",5,4,true,0,0,0,0,"InnoDB","utf8mb4_0900_ai_ci","person_name"
"b_sonet_group_subject_site",5,2,true,0,0,0,0,"InnoDB","utf8mb4_0900_ai_ci",""
"b_sonet_group_tag",0,2,true,0,1,0,0,"InnoDB","utf8mb4_0900_ai_ci","person_name"
"b_sonet_group_view",6,3,true,0,0,0,0,"InnoDB","utf8mb4_0900_ai_ci",""
"b_sonet_log",720,26,true,0,9,0,0,"InnoDB","utf8mb4_0900_ai_ci","message_content"
"b_sonet_log_comment",187,15,true,0,5,0,0,"InnoDB","utf8mb4_0900_ai_ci","message_content"
"b_sonet_log_counter",0,7,true,0,0,0,0,"InnoDB","utf8mb4_0900_ai_ci",""
"b_sonet_log_events",0,11,true,1,3,0,0,"InnoDB","utf8mb4_0900_ai_ci",""
"b_sonet_log_favorites",0,2,true,0,1,0,0,"InnoDB","utf8mb4_0900_ai_ci",""
"b_sonet_log_follow",77,6,true,0,3,0,0,"InnoDB","utf8mb4_0900_ai_ci",""
"b_sonet_log_index",729,6,true,0,4,0,0,"InnoDB","utf8mb4_0900_ai_ci","message_content"
"b_sonet_log_page",36,9,true,0,0,0,0,"InnoDB","utf8mb4_0900_ai_ci",""
"b_sonet_log_pinned",0,3,true,0,1,0,0,"InnoDB","utf8mb4_0900_ai_ci",""
"b_sonet_log_right",1481,4,true,1,2,0,0,"InnoDB","utf8mb4_0900_ai_ci",""
"b_sonet_log_site",723,2,true,0,0,0,0,"InnoDB","utf8mb4_0900_ai_ci",""
"b_sonet_log_smartfilter",0,2,true,0,0,0,0,"InnoDB","utf8mb4_0900_ai_ci",""
"b_sonet_log_subscribe",501,4,true,0,1,0,0,"InnoDB","utf8mb4_0900_ai_ci",""
"b_sonet_log_tag",26,4,true,0,2,0,0,"InnoDB","utf8mb4_0900_ai_ci","person_name"
"b_sonet_log_view",13,3,true,0,0,0,0,"InnoDB","utf8mb4_0900_ai_ci",""
"b_sonet_messages",0,13,true,0,2,0,0,"InnoDB","utf8mb4_0900_ai_ci","email|message_content"
"b_sonet_onboarding_queue",0,8,true,1,2,0,0,"InnoDB","utf8mb4_0900_ai_ci",""
"b_sonet_scorer",0,6,true,0,2,0,0,"InnoDB","utf8mb4_0900_ai_ci",""
"b_sonet_scorer_event",0,7,true,0,2,0,0,"InnoDB","utf8mb4_0900_ai_ci",""
"b_sonet_scorer_queue",0,5,true,0,1,0,0,"InnoDB","utf8mb4_0900_ai_ci",""
"b_sonet_smile",0,9,true,0,0,0,0,"InnoDB","utf8mb4_0900_ai_ci","message_content"
"b_sonet_smile_lang",0,4,true,1,0,0,0,"InnoDB","utf8mb4_0900_ai_ci","person_name"
"b_sonet_space_composition",0,4,true,1,0,0,0,"InnoDB","utf8mb4_0900_ai_ci",""
"b_sonet_space_live_watch",0,2,true,0,1,0,0,"InnoDB","utf8mb4_0900_ai_ci",""
"b_sonet_space_user_latest_activity",0,4,true,1,0,0,0,"InnoDB","utf8mb4_0900_ai_ci",""
"b_sonet_space_user_recent_activity",0,7,true,1,2,0,0,"InnoDB","utf8mb4_0900_ai_ci",""
"b_sonet_subscription",2,3,true,1,0,0,0,"InnoDB","utf8mb4_0900_ai_ci",""
"b_sonet_user2group",11,10,true,1,3,0,0,"InnoDB","utf8mb4_0900_ai_ci","message_content"
"b_sonet_user_content_view",508,5,true,0,2,0,0,"InnoDB","utf8mb4_0900_ai_ci","message_content"
"b_sonet_user_events",0,5,true,1,0,0,0,"InnoDB","utf8mb4_0900_ai_ci",""
"b_sonet_user_perms",0,4,true,1,0,0,0,"InnoDB","utf8mb4_0900_ai_ci",""
"b_sonet_user_relations",0,8,true,1,2,0,0,"InnoDB","utf8mb4_0900_ai_ci","message_content"
"b_sonet_user_tag",4,2,true,0,1,0,0,"InnoDB","utf8mb4_0900_ai_ci","person_name"
"b_sonet_user_welltory",0,7,true,0,1,0,0,"InnoDB","utf8mb4_0900_ai_ci","authentication_secret|message_content"
"b_sonet_user_welltory_disclaimer",2,3,true,0,1,0,0,"InnoDB","utf8mb4_0900_ai_ci",""
"b_stafftrack_counter",1,4,true,1,0,0,0,"InnoDB","utf8mb4_0900_ai_ci",""
"b_stafftrack_handled_chat",0,2,true,0,1,0,0,"InnoDB","utf8mb4_0900_ai_ci",""
"b_stafftrack_option",5,4,true,1,0,0,0,"InnoDB","utf8mb4_0900_ai_ci","person_name"
"b_stafftrack_shift",1,6,true,0,3,0,0,"InnoDB","utf8mb4_0900_ai_ci","address_location"
"b_stafftrack_shift_cancellation",0,4,true,1,0,0,0,"InnoDB","utf8mb4_0900_ai_ci",""
"b_stafftrack_shift_geo",0,4,true,1,0,0,0,"InnoDB","utf8mb4_0900_ai_ci","address_location"
"b_stafftrack_shift_message",0,3,true,0,1,0,0,"InnoDB","utf8mb4_0900_ai_ci","message_content"
"b_stafftrack_user_statistics_hash",1,3,true,1,0,0,0,"InnoDB","utf8mb4_0900_ai_ci","authentication_secret"
"b_sticker",0,24,true,0,0,0,0,"InnoDB","utf8mb4_0900_ai_ci","message_content"
"b_sticker_group_task",0,2,true,0,0,0,0,"InnoDB","utf8mb4_0900_ai_ci",""
"b_subscription",0,10,true,1,1,0,0,"InnoDB","utf8mb4_0900_ai_ci","email"
"b_subscription_rubric",0,2,true,0,0,0,0,"InnoDB","utf8mb4_0900_ai_ci",""
"b_task",105,7,true,0,1,0,0,"InnoDB","utf8mb4_0900_ai_ci","message_content|person_name"
"b_task_operation",455,2,true,0,0,0,0,"InnoDB","utf8mb4_0900_ai_ci",""
"b_tasks",89,47,true,1,12,0,0,"InnoDB","utf8mb4_0900_ai_ci","message_content"
"b_tasks_checklist_items",0,9,true,0,1,0,0,"InnoDB","utf8mb4_0900_ai_ci",""
"b_tasks_checklist_items_member",0,4,true,1,1,0,0,"InnoDB","utf8mb4_0900_ai_ci",""
"b_tasks_checklist_items_tree",0,3,true,0,1,0,0,"InnoDB","utf8mb4_0900_ai_ci",""
"b_tasks_checklist_user_option",0,4,true,1,1,0,0,"InnoDB","utf8mb4_0900_ai_ci",""
"b_tasks_columns",0,5,true,0,1,0,0,"InnoDB","utf8mb4_0900_ai_ci","person_name"
"b_tasks_custom_sort",25,7,true,1,3,0,0,"InnoDB","utf8mb4_0900_ai_ci",""
"b_tasks_deadline_change_log",0,6,true,0,1,0,0,"InnoDB","utf8mb4_0900_ai_ci",""
"b_tasks_deadline_user_option",1,10,true,1,0,0,0,"InnoDB","utf8mb4_0900_ai_ci",""
"b_tasks_dependence",0,2,true,0,1,0,0,"InnoDB","utf8mb4_0900_ai_ci",""
"b_tasks_effective",1890,11,true,0,5,0,0,"InnoDB","utf8mb4_0900_ai_ci",""
"b_tasks_elapsed_time",0,10,true,0,2,0,0,"InnoDB","utf8mb4_0900_ai_ci","message_content"
"b_tasks_favorite",0,2,true,0,0,0,0,"InnoDB","utf8mb4_0900_ai_ci",""
"b_tasks_file",0,2,true,0,1,0,0,"InnoDB","utf8mb4_0900_ai_ci",""
"b_tasks_files_temporary",0,3,true,0,2,0,0,"InnoDB","utf8mb4_0900_ai_ci",""
"b_tasks_filters",0,5,true,0,1,0,0,"InnoDB","utf8mb4_0900_ai_ci","person_name"
"b_tasks_flow",7,13,true,1,5,0,0,"InnoDB","utf8mb4_0900_ai_ci","message_content|person_name"
"b_tasks_flow_auto_created_robot",0,6,true,1,0,0,0,"InnoDB","utf8mb4_0900_ai_ci",""
"b_tasks_flow_copilot_advice",0,3,true,0,0,0,0,"InnoDB","utf8mb4_0900_ai_ci",""
"b_tasks_flow_copilot_collected_data",0,3,true,0,1,0,0,"InnoDB","utf8mb4_0900_ai_ci",""
"b_tasks_flow_member",28,6,true,1,3,0,0,"InnoDB","utf8mb4_0900_ai_ci",""
"b_tasks_flow_notification",56,6,true,0,1,0,0,"InnoDB","utf8mb4_0900_ai_ci",""
"b_tasks_flow_option",63,4,true,1,0,0,0,"InnoDB","utf8mb4_0900_ai_ci","person_name"
"b_tasks_flow_responsible_queue",0,5,true,1,1,0,0,"InnoDB","utf8mb4_0900_ai_ci",""
"b_tasks_flow_search_index",7,3,true,1,1,0,0,"InnoDB","utf8mb4_0900_ai_ci",""
"b_tasks_flow_task",0,3,true,1,1,0,0,"InnoDB","utf8mb4_0900_ai_ci",""
"b_tasks_flow_user_option",0,5,true,1,0,0,0,"InnoDB","utf8mb4_0900_ai_ci","person_name"
"b_tasks_label",9,4,true,1,1,0,0,"InnoDB","utf8mb4_0900_ai_ci","person_name"
"b_tasks_log",629,7,true,0,2,0,0,"InnoDB","utf8mb4_0900_ai_ci",""
"b_tasks_marketing",0,7,true,0,2,0,0,"InnoDB","utf8mb4_0900_ai_ci",""
"b_tasks_member",187,3,true,0,1,0,0,"InnoDB","utf8mb4_0900_ai_ci",""
"b_tasks_msg_throttle",0,6,true,0,1,0,0,"InnoDB","utf8mb4_0900_ai_ci",""
"b_tasks_onboarding_queue",0,9,true,0,3,0,0,"InnoDB","utf8mb4_0900_ai_ci",""
"b_tasks_onboarding_queue_job_count",14,3,true,1,0,0,0,"InnoDB","utf8mb4_0900_ai_ci",""
"b_tasks_permission",74,4,true,0,2,0,0,"InnoDB","utf8mb4_0900_ai_ci",""
"b_tasks_proj_dep",0,6,true,0,2,0,0,"InnoDB","utf8mb4_0900_ai_ci",""
"b_tasks_project_last_activity",2,2,true,0,0,0,0,"InnoDB","utf8mb4_0900_ai_ci",""
"b_tasks_project_user_option",0,4,true,1,1,0,0,"InnoDB","utf8mb4_0900_ai_ci",""
"b_tasks_projects",0,2,true,0,0,0,0,"InnoDB","utf8mb4_0900_ai_ci",""
"b_tasks_regular_parameters",0,6,true,1,1,0,0,"InnoDB","utf8mb4_0900_ai_ci",""
"b_tasks_reminder",0,9,true,0,2,0,0,"InnoDB","utf8mb4_0900_ai_ci",""
"b_tasks_result",3,8,true,0,2,0,0,"InnoDB","utf8mb4_0900_ai_ci","message_content"
"b_tasks_role",3,2,true,0,0,0,0,"InnoDB","utf8mb4_0900_ai_ci","person_name"
"b_tasks_role_relation",4,3,true,0,2,0,0,"InnoDB","utf8mb4_0900_ai_ci",""
"b_tasks_scenario",89,2,false,0,1,0,0,"InnoDB","utf8mb4_0900_ai_ci",""
"b_tasks_scorer",46,6,true,0,4,0,0,"InnoDB","utf8mb4_0900_ai_ci",""
"b_tasks_scorer_event",57,7,true,0,2,0,0,"InnoDB","utf8mb4_0900_ai_ci",""
"b_tasks_scorer_queue",0,5,true,0,1,0,0,"InnoDB","utf8mb4_0900_ai_ci",""
"b_tasks_scrum_chat",0,3,true,0,1,0,0,"InnoDB","utf8mb4_0900_ai_ci",""
"b_tasks_scrum_entity",6,13,true,0,2,0,0,"InnoDB","utf8mb4_0900_ai_ci","person_name"
"b_tasks_scrum_epic",5,7,true,0,1,0,0,"InnoDB","utf8mb4_0900_ai_ci","message_content|person_name"
"b_tasks_scrum_item",44,13,true,0,4,0,0,"InnoDB","utf8mb4_0900_ai_ci","message_content|person_name"
"b_tasks_scrum_item_checklist_items",87,9,true,0,1,0,0,"InnoDB","utf8mb4_0900_ai_ci",""
"b_tasks_scrum_item_checklist_tree",152,3,true,0,0,0,0,"InnoDB","utf8mb4_0900_ai_ci",""
"b_tasks_scrum_type",5,5,true,0,1,0,0,"InnoDB","utf8mb4_0900_ai_ci","person_name"
"b_tasks_scrum_type_checklist_items",11,9,true,0,1,0,0,"InnoDB","utf8mb4_0900_ai_ci",""
"b_tasks_scrum_type_checklist_tree",19,3,true,0,0,0,0,"InnoDB","utf8mb4_0900_ai_ci",""
"b_tasks_scrum_type_participants",1,3,true,0,1,0,0,"InnoDB","utf8mb4_0900_ai_ci",""
"b_tasks_search_index",107,4,true,1,1,0,0,"InnoDB","utf8mb4_0900_ai_ci","message_content"
"b_tasks_sorting",0,7,true,0,5,0,0,"InnoDB","utf8mb4_0900_ai_ci",""
"b_tasks_sprint",0,6,true,0,0,0,0,"InnoDB","utf8mb4_0900_ai_ci",""
"b_tasks_stages",89,10,true,0,1,0,0,"InnoDB","utf8mb4_0900_ai_ci",""
"b_tasks_syslog",0,8,true,0,2,0,0,"InnoDB","utf8mb4_0900_ai_ci","message_content"
"b_tasks_tag",0,3,true,0,2,0,0,"InnoDB","utf8mb4_0900_ai_ci","person_name"
"b_tasks_task_chat",0,2,false,0,1,0,0,"InnoDB","utf8mb4_0900_ai_ci",""
"b_tasks_task_dep",4,3,false,2,0,0,0,"InnoDB","utf8mb4_0900_ai_ci",""
"b_tasks_task_parameter",343,4,true,1,0,0,0,"InnoDB","utf8mb4_0900_ai_ci",""
"b_tasks_task_result_file",0,3,true,0,1,0,0,"InnoDB","utf8mb4_0900_ai_ci",""
"b_tasks_task_stage",174,3,true,1,1,0,0,"InnoDB","utf8mb4_0900_ai_ci",""
"b_tasks_task_tag",61,3,true,1,1,0,0,"InnoDB","utf8mb4_0900_ai_ci",""
"b_tasks_task_template_access",0,4,true,0,1,0,0,"InnoDB","utf8mb4_0900_ai_ci",""
"b_tasks_template",9,35,true,0,5,0,0,"InnoDB","utf8mb4_0900_ai_ci","message_content"
"b_tasks_template_chl_item",0,6,true,0,0,0,0,"InnoDB","utf8mb4_0900_ai_ci",""
"b_tasks_template_chl_item_member",0,4,true,1,1,0,0,"InnoDB","utf8mb4_0900_ai_ci",""
"b_tasks_template_chl_item_tree",0,3,true,0,1,0,0,"InnoDB","utf8mb4_0900_ai_ci",""
"b_tasks_template_dep",2,3,true,0,1,0,0,"InnoDB","utf8mb4_0900_ai_ci",""
"b_tasks_template_dependence",0,3,true,1,1,0,0,"InnoDB","utf8mb4_0900_ai_ci",""
"b_tasks_template_member",18,4,true,1,1,0,0,"InnoDB","utf8mb4_0900_ai_ci",""
"b_tasks_template_permission",16,5,true,0,3,0,0,"InnoDB","utf8mb4_0900_ai_ci",""
"b_tasks_template_scenario",9,2,true,0,1,0,0,"InnoDB","utf8mb4_0900_ai_ci",""
"b_tasks_template_tag",0,4,true,1,2,0,0,"InnoDB","utf8mb4_0900_ai_ci","person_name"
"b_tasks_timer",0,4,true,0,1,0,0,"InnoDB","utf8mb4_0900_ai_ci",""
"b_tasks_user_option",0,4,true,1,1,0,0,"InnoDB","utf8mb4_0900_ai_ci",""
"b_tasks_viewed",159,4,true,1,1,0,0,"InnoDB","utf8mb4_0900_ai_ci",""
"b_tasks_viewed_group",0,5,true,0,0,0,0,"InnoDB","utf8mb4_0900_ai_ci",""
"b_ticket",0,48,true,0,2,0,0,"InnoDB","utf8mb4_0900_ai_ci","message_content|person_name"
"b_ticket_dictionary",18,12,true,0,0,0,0,"InnoDB","utf8mb4_0900_ai_ci","person_name"
"b_ticket_dictionary_2_site",18,2,true,0,0,0,0,"InnoDB","utf8mb4_0900_ai_ci",""
"b_ticket_holidays",0,6,true,0,0,0,0,"InnoDB","utf8mb4_0900_ai_ci","message_content|person_name"
"b_ticket_message",0,29,true,0,1,0,0,"InnoDB","utf8mb4_0900_ai_ci","message_content|person_name"
"b_ticket_message_2_file",0,6,true,1,2,0,0,"InnoDB","utf8mb4_0900_ai_ci","authentication_secret|message_content"
"b_ticket_online",0,5,true,0,1,0,0,"InnoDB","utf8mb4_0900_ai_ci",""
"b_ticket_search",0,2,false,0,2,0,0,"InnoDB","utf8mb4_0900_ai_ci",""
"b_ticket_sla",1,18,true,0,0,0,0,"InnoDB","utf8mb4_0900_ai_ci","message_content|person_name"
"b_ticket_sla_2_category",1,2,true,0,0,0,0,"InnoDB","utf8mb4_0900_ai_ci",""
"b_ticket_sla_2_criticality",1,2,true,0,0,0,0,"InnoDB","utf8mb4_0900_ai_ci",""
"b_ticket_sla_2_holidays",0,2,false,0,0,0,0,"InnoDB","utf8mb4_0900_ai_ci",""
"b_ticket_sla_2_mark",1,2,true,0,0,0,0,"InnoDB","utf8mb4_0900_ai_ci",""
"b_ticket_sla_2_site",1,2,true,0,0,0,0,"InnoDB","utf8mb4_0900_ai_ci",""
"b_ticket_sla_2_user_group",1,2,true,0,0,0,0,"InnoDB","utf8mb4_0900_ai_ci",""
"b_ticket_sla_shedule",0,7,true,0,1,0,0,"InnoDB","utf8mb4_0900_ai_ci",""
"b_ticket_supercoupons",0,12,true,1,0,0,0,"InnoDB","utf8mb4_0900_ai_ci",""
"b_ticket_supercoupons_log",0,9,false,0,1,0,0,"InnoDB","utf8mb4_0900_ai_ci","authentication_secret"
"b_ticket_timetable",0,3,true,0,0,0,0,"InnoDB","utf8mb4_0900_ai_ci","message_content|person_name"
"b_ticket_timetable_cache",0,6,true,0,1,0,0,"InnoDB","utf8mb4_0900_ai_ci",""
"b_ticket_ugroups",0,5,true,0,0,0,0,"InnoDB","utf8mb4_0900_ai_ci","person_name"
"b_ticket_user_ugroup",0,5,true,0,0,0,0,"InnoDB","utf8mb4_0900_ai_ci",""
"b_timeman_absence",0,18,true,0,2,0,0,"InnoDB","utf8mb4_0900_ai_ci","message_content|network_device"
"b_timeman_entries",26,34,true,0,6,0,0,"InnoDB","utf8mb4_0900_ai_ci","network_device"
"b_timeman_monitor_absence",0,4,true,0,1,0,0,"InnoDB","utf8mb4_0900_ai_ci",""
"b_timeman_monitor_comment",0,4,true,0,0,0,0,"InnoDB","utf8mb4_0900_ai_ci","message_content"
"b_timeman_monitor_entity",0,4,true,0,1,0,0,"InnoDB","utf8mb4_0900_ai_ci",""
"b_timeman_monitor_report_comment",0,5,true,0,1,0,0,"InnoDB","utf8mb4_0900_ai_ci","message_content"
"b_timeman_monitor_user_chart",0,7,true,0,1,0,0,"InnoDB","utf8mb4_0900_ai_ci",""
"b_timeman_monitor_user_log",0,7,true,0,1,0,0,"InnoDB","utf8mb4_0900_ai_ci",""
"b_timeman_report_daily",26,10,true,0,2,0,0,"InnoDB","utf8mb4_0900_ai_ci",""
"b_timeman_report_full",0,17,true,0,3,0,0,"InnoDB","utf8mb4_0900_ai_ci",""
"b_timeman_reports",46,7,true,0,1,0,0,"InnoDB","utf8mb4_0900_ai_ci",""
"b_timeman_task_access_code",3,2,true,0,0,0,0,"InnoDB","utf8mb4_0900_ai_ci",""
"b_timeman_work_calendar",15,4,true,0,0,0,0,"InnoDB","utf8mb4_0900_ai_ci","person_name"
"b_timeman_work_calendar_exclusion",88,3,true,0,0,0,0,"InnoDB","utf8mb4_0900_ai_ci",""
"b_timeman_work_schedule",1,16,true,0,0,0,0,"InnoDB","utf8mb4_0900_ai_ci","person_name"
"b_timeman_work_schedule_department",0,3,true,0,0,0,0,"InnoDB","utf8mb4_0900_ai_ci",""
"b_timeman_work_schedule_user",0,3,true,0,0,0,0,"InnoDB","utf8mb4_0900_ai_ci",""
"b_timeman_work_schedule_violation_rules",1,18,true,1,0,0,0,"InnoDB","utf8mb4_0900_ai_ci",""
"b_timeman_work_shift",1,8,true,0,1,0,0,"InnoDB","utf8mb4_0900_ai_ci","person_name"
"b_timeman_work_shift_plan",0,8,true,1,1,0,0,"InnoDB","utf8mb4_0900_ai_ci",""
"b_timeman_work_time_event_log",78,9,true,0,1,0,0,"InnoDB","utf8mb4_0900_ai_ci",""
"b_transformer_command",55,14,true,1,3,0,0,"InnoDB","utf8mb4_0900_ai_ci",""
"b_translate_file",0,7,true,1,1,0,0,"InnoDB","utf8mb4_0900_ai_ci",""
"b_translate_path",0,13,true,1,2,0,0,"InnoDB","utf8mb4_0900_ai_ci","person_name"
"b_translate_path_lang",0,2,true,0,1,0,0,"InnoDB","utf8mb4_0900_ai_ci",""
"b_translate_path_tree",0,4,true,2,0,0,0,"InnoDB","utf8mb4_0900_ai_ci",""
"b_translate_phrase",0,5,true,1,2,0,0,"InnoDB","utf8mb4_0900_ai_ci",""
"b_translate_phrase_fts_en",0,5,true,2,1,0,0,"InnoDB","utf8mb4_0900_ai_ci",""
"b_translate_phrase_fts_ru",0,5,true,2,1,0,0,"InnoDB","utf8mb4_0900_ai_ci",""
"b_ui_avatar_mask_access",0,3,true,1,2,0,0,"InnoDB","utf8mb4_0900_ai_ci",""
"b_ui_avatar_mask_file_deleted",0,5,true,0,3,0,0,"InnoDB","utf8mb4_0900_ai_ci",""
"b_ui_avatar_mask_group",0,7,true,0,1,0,0,"InnoDB","utf8mb4_0900_ai_ci","message_content"
"b_ui_avatar_mask_item",0,9,true,0,2,0,0,"InnoDB","utf8mb4_0900_ai_ci","message_content"
"b_ui_avatar_mask_item_applied_to",0,6,true,0,3,0,0,"InnoDB","utf8mb4_0900_ai_ci",""
"b_ui_avatar_mask_recently_used",0,4,true,1,0,0,0,"InnoDB","utf8mb4_0900_ai_ci",""
"b_ui_entity_editor_config",1,10,true,0,2,0,0,"InnoDB","utf8mb4_0900_ai_ci","person_name"
"b_ui_entity_editor_config_ac",5,3,true,0,2,0,0,"InnoDB","utf8mb4_0900_ai_ci",""
"b_ui_file_uploader_temp_file",0,18,true,1,2,0,0,"InnoDB","utf8mb4_0900_ai_ci",""
"b_undo",0,7,true,0,0,0,0,"InnoDB","utf8mb4_0900_ai_ci","message_content"
"b_urlpreview_metadata",0,11,true,0,1,0,0,"InnoDB","utf8mb4_0900_ai_ci","message_content"
"b_urlpreview_route",24,5,true,1,0,0,0,"InnoDB","utf8mb4_0900_ai_ci",""
"b_user",218,63,true,1,6,0,0,"InnoDB","utf8mb4_0900_ai_ci","address_location|authentication_secret|birth_gender|email|person_name|phone"
"b_user_access",616,4,true,1,3,0,0,"InnoDB","utf8mb4_0900_ai_ci",""
"b_user_access_check",15,3,false,1,0,0,0,"InnoDB","utf8mb4_0900_ai_ci",""
"b_user_auth_action",0,6,true,0,2,0,0,"InnoDB","utf8mb4_0900_ai_ci",""
"b_user_auth_code",0,6,true,0,0,0,0,"InnoDB","utf8mb4_0900_ai_ci","authentication_secret"
"b_user_counter",987,10,true,1,4,0,0,"InnoDB","utf8mb4_0900_ai_ci",""
"b_user_device",0,9,true,0,2,0,0,"InnoDB","utf8mb4_0900_ai_ci","authentication_secret|network_device"
"b_user_device_login",0,10,true,0,2,0,0,"InnoDB","utf8mb4_0900_ai_ci","address_location|authentication_secret|network_device"
"b_user_digest",218,2,true,0,0,0,0,"InnoDB","utf8mb4_0900_ai_ci",""
"b_user_field",366,13,true,1,0,0,0,"InnoDB","utf8mb4_0900_ai_ci","person_name"
"b_user_field_confirm",0,7,true,0,1,0,0,"InnoDB","utf8mb4_0900_ai_ci",""
"b_user_field_enum",650,6,true,1,0,0,0,"InnoDB","utf8mb4_0900_ai_ci",""
"b_user_field_lang",660,7,true,0,0,0,0,"InnoDB","utf8mb4_0900_ai_ci","message_content"
"b_user_field_permission",2,6,true,0,3,0,0,"InnoDB","utf8mb4_0900_ai_ci",""
"b_user_group",70,4,false,1,1,0,0,"InnoDB","utf8mb4_0900_ai_ci",""
"b_user_hit_auth",14,7,true,0,3,0,0,"InnoDB","utf8mb4_0900_ai_ci","authentication_secret"
"b_user_index",218,9,true,0,3,0,0,"InnoDB","utf8mb4_0900_ai_ci","message_content|person_name"
"b_user_option",2260,6,true,1,0,0,0,"InnoDB","utf8mb4_0900_ai_ci","person_name"
"b_user_password",226,4,true,0,1,0,0,"InnoDB","utf8mb4_0900_ai_ci","authentication_secret"
"b_user_phone_auth",0,6,true,1,0,0,0,"InnoDB","utf8mb4_0900_ai_ci","authentication_secret|phone"
"b_user_profile_history",0,8,true,0,2,0,0,"InnoDB","utf8mb4_0900_ai_ci","address_location|network_device"
"b_user_profile_record",0,4,true,0,1,0,0,"InnoDB","utf8mb4_0900_ai_ci",""
"b_user_session",0,3,true,0,1,0,0,"InnoDB","utf8mb4_0900_ai_ci","authentication_secret"
"b_user_stored_auth",19,7,true,0,1,0,0,"InnoDB","utf8mb4_0900_ai_ci","address_location|authentication_secret|network_device"
"b_utm_blog_comment",0,7,true,0,2,0,0,"InnoDB","utf8mb4_0900_ai_ci",""
"b_utm_blog_post",0,7,true,0,2,0,0,"InnoDB","utf8mb4_0900_ai_ci",""
"b_utm_calendar_event",724,7,true,0,2,0,0,"InnoDB","utf8mb4_0900_ai_ci",""
"b_utm_crm_activity",0,7,true,0,2,0,0,"InnoDB","utf8mb4_0900_ai_ci",""
"b_utm_crm_company",318,7,true,0,2,0,0,"InnoDB","utf8mb4_0900_ai_ci",""
"b_utm_crm_company_spd",3,7,true,0,2,0,0,"InnoDB","utf8mb4_0900_ai_ci",""
"b_utm_crm_contact",1370,7,true,0,2,0,0,"InnoDB","utf8mb4_0900_ai_ci",""
"b_utm_crm_contact_spd",0,7,true,0,2,0,0,"InnoDB","utf8mb4_0900_ai_ci",""
"b_utm_crm_deal",1868,7,true,0,2,0,0,"InnoDB","utf8mb4_0900_ai_ci",""
"b_utm_crm_deal_spd",8,7,true,0,2,0,0,"InnoDB","utf8mb4_0900_ai_ci",""
"b_utm_crm_invoice",0,7,true,0,2,0,0,"InnoDB","utf8mb4_0900_ai_ci",""
"b_utm_crm_lead",0,7,true,0,2,0,0,"InnoDB","utf8mb4_0900_ai_ci",""
"b_utm_crm_lead_spd",0,7,true,0,2,0,0,"InnoDB","utf8mb4_0900_ai_ci",""
"b_utm_crm_mail_template",0,7,true,0,2,0,0,"InnoDB","utf8mb4_0900_ai_ci",""
"b_utm_crm_quote",0,7,true,0,2,0,0,"InnoDB","utf8mb4_0900_ai_ci",""
"b_utm_crm_timeline",27,7,true,0,2,0,0,"InnoDB","utf8mb4_0900_ai_ci",""
"b_utm_forum_message",0,7,true,0,2,0,0,"InnoDB","utf8mb4_0900_ai_ci",""
"b_utm_iblock_3_section",0,7,true,0,2,0,0,"InnoDB","utf8mb4_0900_ai_ci",""
"b_utm_product",0,7,true,0,2,0,0,"InnoDB","utf8mb4_0900_ai_ci",""
"b_utm_recyclebin_disk",0,7,true,0,2,0,0,"InnoDB","utf8mb4_0900_ai_ci",""
"b_utm_rpa_comment",0,7,true,0,2,0,0,"InnoDB","utf8mb4_0900_ai_ci",""
"b_utm_sonet_comment",0,7,true,0,2,0,0,"InnoDB","utf8mb4_0900_ai_ci",""
"b_utm_sonet_group",0,7,true,0,2,0,0,"InnoDB","utf8mb4_0900_ai_ci",""
"b_utm_sonet_log",0,7,true,0,2,0,0,"InnoDB","utf8mb4_0900_ai_ci",""
"b_utm_tasks_scrum_epic",0,7,true,0,2,0,0,"InnoDB","utf8mb4_0900_ai_ci",""
"b_utm_tasks_scrum_item",0,7,true,0,2,0,0,"InnoDB","utf8mb4_0900_ai_ci",""
"b_utm_tasks_task",65,7,true,0,2,0,0,"InnoDB","utf8mb4_0900_ai_ci",""
"b_utm_tasks_task_checklist",0,7,true,0,2,0,0,"InnoDB","utf8mb4_0900_ai_ci",""
"b_utm_tasks_task_result",0,7,true,0,2,0,0,"InnoDB","utf8mb4_0900_ai_ci",""
"b_utm_tasks_task_template",0,7,true,0,2,0,0,"InnoDB","utf8mb4_0900_ai_ci",""
"b_utm_tasks_task_template_checklist",0,7,true,0,2,0,0,"InnoDB","utf8mb4_0900_ai_ci",""
"b_utm_user",29,7,true,0,2,0,0,"InnoDB","utf8mb4_0900_ai_ci",""
"b_utm_user_legal",0,7,true,0,2,0,0,"InnoDB","utf8mb4_0900_ai_ci",""
"b_uts_blog_comment",0,5,true,0,0,0,0,"InnoDB","utf8mb4_0900_ai_ci","message_content"
"b_uts_blog_post",2,13,true,0,1,0,0,"InnoDB","utf8mb4_0900_ai_ci","message_content"
"b_uts_calendar_event",759,3,true,0,0,0,0,"InnoDB","utf8mb4_0900_ai_ci",""
"b_uts_crm_activity",959,2,true,0,0,0,0,"InnoDB","utf8mb4_0900_ai_ci","message_content"
"b_uts_crm_company",516,10,true,0,0,0,0,"InnoDB","utf8mb4_0900_ai_ci","phone"
"b_uts_crm_company_spd",8,10,true,0,0,0,0,"InnoDB","utf8mb4_0900_ai_ci",""
"b_uts_crm_contact",3186,57,true,0,0,0,0,"InnoDB","utf8mb4_0900_ai_ci","phone"
"b_uts_crm_contact_spd",261,56,true,0,0,0,0,"InnoDB","utf8mb4_0900_ai_ci",""
"b_uts_crm_deal",1898,54,true,0,0,0,0,"InnoDB","utf8mb4_0900_ai_ci","phone"
"b_uts_crm_deal_spd",330,50,true,0,0,0,0,"InnoDB","utf8mb4_0900_ai_ci",""
"b_uts_crm_invoice",2,6,true,0,3,0,0,"InnoDB","utf8mb4_0900_ai_ci",""
"b_uts_crm_lead",5,3,true,0,0,0,0,"InnoDB","utf8mb4_0900_ai_ci","phone"
"b_uts_crm_lead_spd",3,3,true,0,0,0,0,"InnoDB","utf8mb4_0900_ai_ci",""
"b_uts_crm_mail_template",5,2,true,0,0,0,0,"InnoDB","utf8mb4_0900_ai_ci",""
"b_uts_crm_quote",0,7,true,0,0,0,0,"InnoDB","utf8mb4_0900_ai_ci",""
"b_uts_crm_timeline",4270,2,true,0,0,0,0,"InnoDB","utf8mb4_0900_ai_ci","message_content"
"b_uts_forum_message",245,5,true,0,0,0,0,"InnoDB","utf8mb4_0900_ai_ci","message_content"
"b_uts_iblock_3_section",5,17,true,0,1,0,0,"InnoDB","utf8mb4_0900_ai_ci",""
"b_uts_product",0,2,true,0,0,0,0,"InnoDB","utf8mb4_0900_ai_ci",""
"b_uts_recyclebin_disk",0,2,true,0,0,0,0,"InnoDB","utf8mb4_0900_ai_ci",""
"b_uts_rpa_comment",0,2,true,0,0,0,0,"InnoDB","utf8mb4_0900_ai_ci","message_content"
"b_uts_sonet_comment",6,5,true,0,0,0,0,"InnoDB","utf8mb4_0900_ai_ci",""
"b_uts_sonet_group",0,2,true,0,0,0,0,"InnoDB","utf8mb4_0900_ai_ci",""
"b_uts_sonet_log",0,4,true,0,0,0,0,"InnoDB","utf8mb4_0900_ai_ci",""
"b_uts_tasks_scrum_epic",1,2,true,0,0,0,0,"InnoDB","utf8mb4_0900_ai_ci",""
"b_uts_tasks_scrum_item",0,2,true,0,0,0,0,"InnoDB","utf8mb4_0900_ai_ci",""
"b_uts_tasks_task",76,4,true,0,0,0,0,"InnoDB","utf8mb4_0900_ai_ci","message_content"
"b_uts_tasks_task_checklist",0,2,true,0,0,0,0,"InnoDB","utf8mb4_0900_ai_ci",""
"b_uts_tasks_task_result",3,3,true,0,0,0,0,"InnoDB","utf8mb4_0900_ai_ci",""
"b_uts_tasks_task_template",2,3,true,0,0,0,0,"InnoDB","utf8mb4_0900_ai_ci",""
"b_uts_tasks_task_template_checklist",0,2,true,0,0,0,0,"InnoDB","utf8mb4_0900_ai_ci",""
"b_uts_user",21,37,true,0,0,0,0,"InnoDB","utf8mb4_0900_ai_ci","government_financial_id|phone"
"b_uts_user_legal",0,8,true,0,0,0,0,"InnoDB","utf8mb4_0900_ai_ci","address_location|government_financial_id|person_name"
"b_vote",3,25,true,0,1,0,0,"InnoDB","utf8mb4_0900_ai_ci","message_content|network_device"
"b_vote_answer",10,15,true,0,1,0,0,"InnoDB","utf8mb4_0900_ai_ci","message_content"
"b_vote_attached_object",1,8,true,1,2,0,0,"InnoDB","utf8mb4_0900_ai_ci",""
"b_vote_channel",3,10,true,0,0,0,0,"InnoDB","utf8mb4_0900_ai_ci","person_name"
"b_vote_channel_2_group",32,4,true,0,1,0,0,"InnoDB","utf8mb4_0900_ai_ci",""
"b_vote_channel_2_site",3,2,true,0,0,0,0,"InnoDB","utf8mb4_0900_ai_ci",""
"b_vote_event",5,8,true,0,2,0,0,"InnoDB","utf8mb4_0900_ai_ci","authentication_secret|network_device"
"b_vote_event_answer",5,4,true,0,2,0,0,"InnoDB","utf8mb4_0900_ai_ci","message_content"
"b_vote_event_question",5,3,true,0,1,0,0,"InnoDB","utf8mb4_0900_ai_ci",""
"b_vote_question",3,15,true,0,1,0,0,"InnoDB","utf8mb4_0900_ai_ci",""
"b_vote_user",5,8,true,1,0,0,0,"InnoDB","utf8mb4_0900_ai_ci","authentication_secret|network_device"
"b_workflow_document",0,16,true,0,0,0,0,"InnoDB","utf8mb4_0900_ai_ci","message_content"
"b_workflow_file",0,7,true,1,0,0,0,"InnoDB","utf8mb4_0900_ai_ci",""
"b_workflow_log",0,11,true,0,1,0,0,"InnoDB","utf8mb4_0900_ai_ci","message_content"
"b_workflow_move",0,8,true,0,2,0,0,"InnoDB","utf8mb4_0900_ai_ci",""
"b_workflow_preview",0,4,true,0,0,0,0,"InnoDB","utf8mb4_0900_ai_ci",""
"b_workflow_status",3,8,true,0,0,0,0,"InnoDB","utf8mb4_0900_ai_ci","message_content"
"b_workflow_status2group",0,4,true,0,1,0,0,"InnoDB","utf8mb4_0900_ai_ci",""
"b_xdi_lf_scheme",1,25,true,0,0,0,0,"InnoDB","utf8mb4_0900_ai_ci","authentication_secret|person_name"
"b_xdi_lf_scheme_right",1,2,false,1,0,0,0,"InnoDB","utf8mb4_0900_ai_ci",""
"b_xdi_user_right",1,2,false,1,0,0,0,"InnoDB","utf8mb4_0900_ai_ci",""
"b_xml_tree",227,8,true,0,2,0,0,"InnoDB","utf8mb4_0900_ai_ci","person_name"
